Regions-ID	Regionsname	Anzahl der Personen im Alter von 0 bis 19 Jahren	Anteil dieser Bevölkerungsgruppe an der Gesamtbevölkerung in %
1	Aeugst am Albis	432	21.906693712
2	Affoltern am Albis	2341	20.6019537094
3	Bonstetten	1291	24.5437262357
4	Hausen am Albis	795	23.1710871466
5	Hedingen	841	23.3936022253
6	Kappel am Albis	237	24.7907949791
7	Knonau	479	23.8664673642
8	Maschwanden	164	24.6987951807
9	Mettmenstetten	996	22.5186524983
10	Obfelden	1125	23.1148551469
11	Ottenbach	537	21.6270640354
12	Rifferswil	253	26.3816475495
13	Stallikon	695	20.8146151542
14	Wettswil am Albis	1019	21.9328454585
21	Adlikon	117	20.2772963605
22	Benken (ZH)	159	19.2028985507
23	Berg am Irchel	90	15.5709342561
24	Buch am Irchel	234	25.4071661238
25	Dachsen	495	24.9495967742
26	Dorf	150	24.154589372
27	Feuerthalen	705	20.2005730659
28	Flaach	301	22.2797927461
29	Flurlingen	301	21.4387464387
30	Andelfingen	477	22.7142857143
31	Henggart	579	25.4505494505
32	Humlikon	126	26.1410788382
33	Kleinandelfingen	467	22.8250244379
34	Laufen-Uhwiesen	340	20.9617755857
35	Marthalen	419	21.0870659285
36	Oberstammheim	248	21.5464813206
37	Ossingen	323	23.8025055269
38	Rheinau	261	19.6832579186
39	Thalheim an der Thur	215	23.4716157205
40	Trüllikon	196	19.6787148594
41	Truttikon	115	25.5555555556
42	Unterstammheim	227	25.6207674944
43	Volken	77	25.1633986928
44	Waltalingen	154	22.2543352601
51	Bachenbülach	873	21.57153447
52	Bassersdorf	2446	21.550660793
53	Bülach	3739	20.3118209474
54	Dietlikon	1469	20.295661785
55	Eglisau	1119	22.6426547956
56	Embrach	1959	21.9127516779
57	Freienstein-Teufen	491	21.4597902098
58	Glattfelden	1033	22.2293953088
59	Hochfelden	479	23.8427078148
60	Höri	596	22.6100151745
61	Hüntwangen	227	22.5870646766
62	Kloten	3385	18.3967391304
63	Lufingen	454	24.2391884677
64	Nürensdorf	1024	19.2192192192
65	Oberembrach	211	19.2870201097
66	Opfikon	3192	19.4598549046
67	Rafz	957	22.9221556886
68	Rorbas	599	23.1631863882
69	Wallisellen	2841	19.1210122493
70	Wasterkingen	115	20
71	Wil (ZH)	261	19.8027314112
72	Winkel	777	18.5176358437
81	Bachs	108	17.7049180328
82	Boppelsen	325	24.7902364607
83	Buchs (ZH)	1353	21.8190614417
84	Dällikon	796	21.1252653928
85	Dänikon	430	21.9948849105
86	Dielsdorf	1174	19.9388586957
87	Hüttikon	122	17.9148311307
88	Neerach	509	16.7875989446
89	Niederglatt	1007	21.6233626798
90	Niederhasli	2018	22.7482809153
91	Niederweningen	704	25.2601363473
92	Oberglatt	1508	23.2931726908
93	Oberweningen	373	21.2414578588
94	Otelfingen	650	23.6449618043
95	Regensberg	105	21.6494845361
96	Regensdorf	3665	21.3341870889
97	Rümlang	1424	19.6929885216
98	Schleinikon	167	23.6209335219
99	Schöfflisdorf	279	20.4845814978
100	Stadel	426	20.9955643174
101	Steinmaur	630	18.7835420394
102	Weiach	203	18.8486536676
111	Bäretswil	1087	22.1204721205
112	Bubikon	1597	23.0347612866
113	Dürnten	1663	23.1583344938
114	Fischenthal	579	24.8925193465
115	Gossau (ZH)	2149	22.1227094915
116	Grüningen	699	21.2915016753
117	Hinwil	2222	20.6678448516
118	Rüti (ZH)	2414	20.1284082381
119	Seegräben	290	21.7554388597
120	Wald (ZH)	1984	21.2283329767
121	Wetzikon (ZH)	4770	20.1045266796
131	Adliswil	3480	19.0559632023
132	Hirzel	523	24.3709226468
133	Horgen	3976	20.2774377805
134	Hütten	234	25.7709251101
135	Kilchberg (ZH)	1523	19.5031374056
136	Langnau am Albis	1516	20.6821282401
137	Oberrieden	949	19.0753768844
138	Richterswil	2840	21.8092458916
139	Rüschlikon	1095	19.7760520137
140	Schönenberg (ZH)	389	20.6366047745
141	Thalwil	3357	19.1238464168
142	Wädenswil	4143	19.7173043975
151	Erlenbach (ZH)	1169	21.8913857678
152	Herrliberg	1318	21.3510448728
153	Hombrechtikon	1791	21.8414634146
154	Küsnacht (ZH)	2609	19.1023575926
155	Männedorf	2303	21.9500571864
156	Meilen	2642	20.1956887326
157	Oetwil am See	1011	22.0261437908
158	Stäfa	2710	19.4530184481
159	Uetikon am See	1317	22.3409669211
160	Zumikon	1090	21.0954131991
161	Zollikon	2320	18.8250567997
171	Bauma	944	21.9178082192
172	Fehraltorf	1360	21.6457106478
173	Hittnau	832	23.3576642336
174	Illnau-Effretikon	3199	19.6510842189
175	Kyburg	92	22.6044226044
176	Lindau	1194	22.4943481537
177	Pfäffikon	2202	19.8289058982
178	Russikon	885	21.2740384615
179	Sternenberg	73	20.7977207977
180	Weisslingen	728	22.6720647773
181	Wila	391	20.3751954143
182	Wildberg	223	22.6395939086
191	Dübendorf	4976	19.2860741832
192	Egg	1720	20.7328833173
193	Fällanden	1732	21.2593592734
194	Greifensee	1175	22.13639789
195	Maur	2095	21.5357730263
196	Mönchaltorf	710	20.4493087558
197	Schwerzenbach	980	19.7700221908
198	Uster	6826	20.6242257606
199	Volketswil	4053	22.3935024034
200	Wangen-Brüttisellen	1656	21.8210567927
211	Altikon	138	21.6300940439
212	Bertschikon	237	21.7231897342
213	Brütten	426	21.2045793927
214	Dägerlen	243	24.8720573183
215	Dättlikon	176	23.2804232804
216	Dinhard	341	22.7788911156
217	Elgg	925	22.4460082504
218	Ellikon an der Thur	221	24.3929359823
219	Elsau	733	21.4264834844
220	Hagenbuch	227	20.9216589862
221	Hettlingen	802	26.6179887156
222	Hofstetten (ZH)	122	25.3638253638
223	Neftenbach	1292	23.7762237762
224	Pfungen	807	22.828854314
225	Rickenbach (ZH)	602	23.8604835513
226	Schlatt (ZH)	207	28.0487804878
227	Seuzach	1350	18.747396195
228	Turbenthal	964	22.1609195402
229	Wiesendangen	1150	23.2276307817
230	Winterthur	20655	19.5455921874
231	Zell (ZH)	1167	20.6988293721
241	Aesch (ZH)	242	20.4391891892
242	Birmensdorf (ZH)	1208	19.8455725316
243	Dietikon	5226	20.5537638638
244	Geroldswil	927	19.4584382872
245	Oberengstringen	1183	18.3013613861
246	Oetwil an der Limmat	384	16.6956521739
247	Schlieren	3473	19.6748243825
248	Uitikon	774	19.7046843177
249	Unterengstringen	606	17.5347222222
250	Urdorf	1920	20.1553642662
251	Weiningen (ZH)	927	21.2517193948
261	Zürich	63442	16.4876060979
301	Aarberg	820	19.1902644512
302	Bargen (BE)	189	18.8811188811
303	Grossaffoltern	592	20.5057152754
304	Kallnach	386	20.1988487703
305	Kappelen	325	24.0206947524
306	Lyss	2831	19.9366197183
307	Meikirch	427	17.5720164609
309	Radelfingen	236	19.2810457516
310	Rapperswil (BE)	513	21.5455690886
311	Schüpfen	734	20
312	Seedorf (BE)	602	20.2830188679
321	Aarwangen	910	21.3966611803
322	Auswil	99	21.5217391304
323	Bannwil	145	20.984081042
324	Bleienbach	110	16.6414523449
325	Busswil bei Melchnau	36	18.5567010309
326	Gondiswil	166	22.2818791946
329	Langenthal	2895	18.932705513
331	Lotzwil	549	22.244732577
332	Madiswil	676	21.3856374565
333	Melchnau	321	21.0491803279
334	Obersteckholz	95	22.4056603774
335	Oeschenbach	41	17.2995780591
336	Reisiswil	46	23.8341968912
337	Roggwil (BE)	829	21.465561885
338	Rohrbach	297	21.1840228245
339	Rohrbachgraben	104	25.4278728606
340	Rütschelen	130	22.9681978799
341	Schwarzhäusern	113	22.5548902196
342	Thunstetten	663	21.6242661448
344	Ursenbach	219	24.1455347299
345	Wynau	278	17.8319435536
351	Bern	20104	15.6028809139
352	Bolligen	1180	19.4142810135
353	Bremgarten bei Bern	901	20.8131208131
354	Kirchlindach	498	17.2497402148
355	Köniz	7623	19.1561541941
356	Muri bei Bern	2345	18.1768855128
357	Oberbalm	189	21.5017064846
358	Stettlen	579	19.7543500512
359	Vechigen	1022	20.476858345
360	Wohlen bei Bern	1715	19.1662941439
361	Zollikofen	1892	18.8427447465
362	Ittigen	1997	18.0446372097
363	Ostermundigen	2910	17.9796107507
371	Biel/Bienne	9940	18.7437536535
372	Evilard	552	22.08
381	Arch	317	20.882740448
382	Büetigen	152	19.6129032258
383	Büren an der Aare	731	21.2253193961
385	Diessbach bei Büren	234	24.6315789474
386	Dotzigen	289	20.5255681818
387	Lengnau (BE)	875	18.7285958904
388	Leuzigen	239	19.7847682119
389	Meienried	1	1.8867924528
390	Meinisberg	291	22.0789074355
391	Oberwil bei Büren	178	21.6808769793
392	Pieterlen	830	21.1896859842
393	Rüti bei Büren	148	18.0929095355
394	Wengi	143	23.6363636364
401	Aefligen	201	18.8732394366
402	Alchenstorf	120	20.9059233449
403	Bäriswil	196	19.1033138402
404	Burgdorf	2973	18.6898849563
405	Ersigen	347	21.1327649208
406	Hasle bei Burgdorf	684	20.96873084
407	Heimiswil	333	20.7605985037
408	Hellsau	43	22.5130890052
409	Hindelbank	470	20.3993055556
410	Höchstetten	63	23.1617647059
411	Kernenried	106	23.7136465324
412	Kirchberg (BE)	1097	18.9595575527
413	Koppigen	445	21.3942307692
414	Krauchthal	487	21.2756662298
415	Lyssach	252	18.025751073
416	Mötschwil	29	22.1374045802
417	Niederösch	64	27.3504273504
418	Oberburg	635	21.620701396
419	Oberösch	25	22.9357798165
420	Rüdtligen-Alchenflüh	477	19.8501872659
421	Rumendingen	16	17.9775280899
422	Rüti bei Lyssach	35	20.3488372093
423	Willadingen	43	20.3791469194
424	Wynigen	412	20.6309464196
431	Corgémont	366	22.5786551511
432	Cormoret	101	20.9979209979
433	Cortébert	153	21.4285714286
434	Courtelary	310	24.0310077519
435	La Ferrière	138	24.9547920434
436	La Heutte	106	21.8556701031
437	Mont-Tramelan	31	27.4336283186
438	Orvin	249	20.7327227311
439	Péry	276	20.3090507726
440	Plagne	70	19.3905817175
441	Renan (BE)	165	19.3208430913
442	Romont (BE)	36	18.4615384615
443	Saint-Imier	1078	21.7821782178
444	Sonceboz-Sombeval	461	24.9323958897
445	Sonvilier	328	26.3242375602
446	Tramelan	993	22.4711473184
447	Vauffelin	89	19.5604395604
448	Villeret	199	21.5601300108
491	Brüttelen	106	18.2444061962
492	Erlach	253	19.0655614167
493	Finsterhennen	133	25.7751937984
494	Gals	158	21.6142270862
495	Gampelen	156	19.4513715711
496	Ins	768	22.9596412556
497	Lüscherz	92	17.3258003766
498	Müntschemier	274	21.044546851
499	Siselen	121	20.2003338898
500	Treiten	88	20.8530805687
501	Tschugg	83	18.5682326622
502	Vinelz	164	19.5005945303
532	Bangerten	33	21.568627451
533	Bätterkinden	656	20.8784213877
534	Büren zum Hof	120	26.2008733624
535	Deisswil bei Münchenbuchsee	15	17.8571428571
536	Diemerswil	53	28.1914893617
537	Etzelkofen	41	13.6212624585
538	Fraubrunnen	413	22.5068119891
539	Grafenried	192	20.2318229715
540	Jegenstorf	958	20.0418410042
541	Iffwil	89	21.3429256595
542	Limpach	68	20.1183431953
543	Mattstetten	104	17.9310344828
544	Moosseedorf	766	20.3560988573
545	Mülchi	46	20.1754385965
546	Münchenbuchsee	2050	20.8079577751
547	Münchringen	138	22.8855721393
549	Schalunen	103	24.3498817967
550	Scheunen	25	30.1204819277
551	Urtenen-Schönbühl	1144	18.8034188034
552	Utzenstorf	874	21.198156682
553	Wiggiswil	22	22.9166666667
554	Wiler bei Utzenstorf	149	18.1265206813
555	Zauggenried	64	20.71197411
556	Zielebach	45	13.4328358209
557	Zuzwil (BE)	130	22.5303292894
561	Adelboden	771	22.2062211982
562	Aeschi bei Spiez	475	21.9298245614
563	Frutigen	1508	22.4171250186
564	Kandergrund	146	18.7902187902
565	Kandersteg	193	15.1848937844
566	Krattigen	183	16.991643454
567	Reichenbach im Kandertal	764	21.7850014257
571	Beatenberg	181	15.7391304348
572	Bönigen	491	19.4841269841
573	Brienz (BE)	592	19.7464976651
574	Brienzwiler	79	16.4241164241
575	Därligen	79	19.0361445783
576	Grindelwald	638	16.932059448
577	Gsteigwiler	82	19.4312796209
578	Gündlischwand	70	22.2929936306
579	Habkern	152	23.4567901235
580	Hofstetten bei Brienz	96	18.0112570356
581	Interlaken	886	15.6564764093
582	Iseltwald	80	18.779342723
584	Lauterbrunnen	385	15.7851578516
585	Leissigen	189	19.6058091286
586	Lütschental	42	17.8723404255
587	Matten bei Interlaken	630	16.8991416309
588	Niederried bei Interlaken	51	15
589	Oberried am Brienzersee	76	16.4146868251
590	Ringgenberg (BE)	530	20.0605601817
591	Saxeten	18	18.3673469388
592	Schwanden bei Brienz	100	17.1821305842
593	Unterseen	960	17.0031880978
594	Wilderswil	524	20.5570812083
602	Arni (BE)	179	19.1443850267
603	Biglen	369	21.1219232971
604	Bleiken bei Oberdiessbach	106	27.2493573265
605	Bowil	294	21.6654384672
606	Brenzikofen	103	19.8076923077
607	Freimettigen	117	24.8936170213
608	Grosshöchstetten	702	20.4485872415
609	Häutligen	55	22.1774193548
610	Herbligen	132	22.7194492255
611	Kiesen	198	22
612	Konolfingen	947	19.2128220734
613	Landiswil	141	22.2047244094
614	Linden	284	21.6463414634
615	Mirchel	161	26.7886855241
616	Münsingen	2375	20.3845163505
617	Niederhünigen	141	23.0769230769
619	Oberdiessbach	665	21.7889908257
620	Oberthal	157	20.9054593875
622	Oppligen	173	26.015037594
623	Rubigen	579	19.924294563
624	Schlosswil	136	21.6905901116
625	Tägertschi	98	23.9608801956
626	Walkringen	381	20.9801762115
627	Worb	2173	19.1116974494
628	Zäziwil	337	20.7768187423
629	Oberhünigen	82	25.8675078864
630	Allmendingen	98	18.0811808118
632	Wichtrach	847	20.800589391
661	Clavaleyres	11	22.4489795918
662	Ferenbalm	221	17.7510040161
663	Frauenkappelen	218	17.6661264182
664	Golaten	49	15.6549520767
665	Gurbrü	55	21.7391304348
666	Kriechenwil	77	18.0327868852
667	Laupen	551	19.3197755961
668	Mühleberg	484	17.6320582878
669	Münchenwiler	95	20
670	Neuenegg	967	19.811514034
671	Wileroltigen	99	25.9842519685
681	Belprahon	69	21.974522293
682	Bévilard	349	20.1734104046
683	Champoz	34	21.6560509554
684	Châtelat	29	27.619047619
687	Corcelles (BE)	42	19.8113207547
690	Court	344	24.0223463687
691	Crémines	111	20.5936920223
692	Eschert	79	21.7032967033
694	Grandval	64	17.679558011
696	Loveresse	70	21.8068535826
697	Malleray	394	19.9797160243
699	Monible	8	22.2222222222
700	Moutier	1543	20.2812828601
701	Perrefitte	93	20.3947368421
702	Pontenet	56	25.8064516129
703	Reconvilier	494	21.6287215412
704	Roches (BE)	31	14.691943128
706	Saicourt	146	23.973727422
707	Saules (BE)	42	26.9230769231
708	Schelten	14	35
709	Seehof	17	24.6376811594
710	Sornetan	37	26.618705036
711	Sorvilier	46	18.0392156863
712	Souboz	33	25.1908396947
713	Tavannes	799	22.4249228179
715	Rebévelier	13	28.8888888889
721	Diesse	98	22.3744292237
722	Lamboing	148	21.2643678161
723	La Neuveville	713	19.7452229299
724	Nods	175	23.7127371274
725	Prêles	195	21.7391304348
731	Aegerten	350	19.2731277533
732	Bellmund	371	23.4513274336
733	Brügg	849	19.9717713479
734	Bühl	70	16.9491525424
735	Epsach	63	19.4444444444
736	Hagneck	66	16.2962962963
737	Hermrigen	40	15.503875969
738	Jens	142	21.0059171598
739	Ipsach	847	21.0069444444
740	Ligerz	92	17.0686456401
741	Merzligen	74	18.9743589744
742	Mörigen	162	18.6851211073
743	Nidau	1215	17.95743423
744	Orpund	510	19.209039548
745	Port	587	17.3565937315
746	Safnern	420	22.2693531283
747	Scheuren	112	24.4541484716
748	Schwadernau	161	23.9227340267
749	Studen (BE)	586	19.8106828938
750	Sutz-Lattrigen	304	21.9653179191
751	Täuffelen	530	19.8056801196
754	Walperswil	197	20.5422314911
755	Worben	435	19.2563081009
756	Twann-Tüscherz	159	14.2857142857
761	Därstetten	178	21.1904761905
762	Diemtigen	480	22.2841225627
763	Erlenbach im Simmental	321	19.2908653846
764	Niederstocken	42	16.8674698795
765	Oberstocken	60	20.8333333333
766	Oberwil im Simmental	154	18.9421894219
767	Reutigen	190	19.66873706
768	Spiez	2315	18.4066152501
769	Wimmis	519	21.2183156173
781	Gadmen	31	13.6563876652
782	Guttannen	49	15.2647975078
783	Hasliberg	294	24.2174629325
784	Innertkirchen	144	17.6904176904
785	Meiringen	871	18.627031651
786	Schattenhalb	128	21.6949152542
791	Boltigen	244	18.5833968012
792	Lenk	450	18.337408313
793	St. Stephan	277	20.6870799104
794	Zweisimmen	535	17.9109474389
841	Gsteig	168	17.0212765957
842	Lauenen	167	20.4656862745
843	Saanen	1271	18.5331000292
852	Guggisberg	335	21.529562982
853	Rüschegg	299	18.5139318885
855	Schwarzenburg	1346	19.8115984692
861	Belp	2239	19.7338268993
863	Burgistein	208	20.4121687929
865	Gelterfingen	30	12.0481927711
866	Gerzensee	265	22.4766751484
867	Gurzelen	216	26.6996291718
868	Jaberg	56	21.9607843137
869	Kaufdorf	238	23.3333333333
870	Kehrsatz	938	22.5264169068
871	Kienersrüti	11	22
872	Kirchdorf (BE)	190	21.8894009217
873	Kirchenthurnen	46	16.7272727273
874	Lohnstorf	52	23.6363636364
875	Mühledorf (BE)	69	27.2727272727
876	Mühlethurnen	288	20.7194244604
877	Niedermuhlern	92	19.5329087049
878	Noflen	64	22.0689655172
879	Riggisberg	523	21.4520098441
880	Rüeggisberg	364	19.8798470781
881	Rümligen	76	17.1945701357
883	Seftigen	463	20.8464655561
884	Toffen	507	19.913589945
885	Uttigen	422	22.8726287263
886	Wattenwil	635	22.965641953
888	Wald (BE)	236	19.7654941374
901	Eggiwil	548	22.5236333744
902	Langnau im Emmental	1952	21.4434801714
903	Lauperswil	565	21.3853141559
904	Röthenbach im Emmental	311	25.0806451613
905	Rüderswil	528	22.6512226512
906	Schangnau	198	22.3476297968
907	Signau	594	21.7025940811
908	Trub	324	24.1071428571
909	Trubschachen	300	21.0822206606
921	Amsoldingen	174	22.1374045802
922	Blumenstein	213	18.3147033534
923	Buchholterberg	347	22.4740932642
924	Eriz	96	19.793814433
925	Fahrni	186	22.934648582
927	Heiligenschwendi	138	19.9134199134
928	Heimberg	1314	19.9544419134
929	Hilterfingen	720	17.7427304091
930	Höfen	110	24.7747747748
931	Homberg	147	28.8235294118
932	Horrenbach-Buchen	58	23.1075697211
934	Oberhofen am Thunersee	385	16.1155295103
935	Oberlangenegg	114	24.1014799154
936	Pohlern	60	22.9885057471
937	Schwendibach	49	20.1646090535
938	Sigriswil	713	15.248075278
939	Steffisburg	2902	18.6204683991
940	Teuffenthal (BE)	36	22.0858895706
941	Thierachern	594	24.1463414634
942	Thun	7468	17.3961657621
943	Uebeschi	179	26.9578313253
944	Uetendorf	1181	19.7921903804
945	Unterlangenegg	187	20.3260869565
946	Wachseldorn	52	21.94092827
947	Zwieselberg	85	29.4117647059
948	Forst-Längenbühl	179	23.3681462141
951	Affoltern im Emmental	225	19.5143104944
952	Dürrenroth	261	24.4840525328
953	Eriswil	320	23.088023088
954	Huttwil	947	20.1403658018
955	Lützelflüh	887	21.7455258642
956	Rüegsau	636	20.3389830508
957	Sumiswald	1069	21.2482607831
958	Trachselwald	224	22.8804902962
959	Walterswil (BE)	132	24.3093922652
960	Wyssachen	244	21.143847487
971	Attiswil	248	18.0494905386
972	Berken	4	9.3023255814
973	Bettenhausen	116	17.0839469809
975	Farnern	37	17.7884615385
976	Graben	71	22.3974763407
977	Heimenhausen	199	19.4906953967
978	Hermiswil	17	18.2795698925
979	Herzogenbuchsee	1390	19.9168935378
980	Inkwil	93	14.9517684887
981	Niederbipp	880	20.1326927477
982	Niederönz	319	20.6072351421
983	Oberbipp	314	19.1230207065
985	Ochlenberg	130	22.1465076661
987	Rumisberg	75	15.923566879
988	Seeberg	298	20.9416725228
989	Thörigen	192	18.3556405354
990	Walliswil bei Niederbipp	31	14.2857142857
991	Walliswil bei Wangen	99	17.0689655172
992	Wangen an der Aare	434	20.1298701299
993	Wangenried	80	19.5599022005
995	Wiedlisbach	402	18.431911967
996	Wolfisberg	29	16.0220994475
1001	Doppleschwand	226	30.2949061662
1002	Entlebuch	761	23.1306990881
1004	Flühli	408	21.7716115261
1005	Hasle (LU)	455	26.2702078522
1007	Romoos	168	24.9258160237
1008	Schüpfheim	1020	24.9205961398
1009	Werthenstein	500	24.9128051819
1010	Escholzmatt-Marbach	1005	23.2477446218
1021	Aesch (LU)	219	21.6189536032
1022	Altwis	115	28.3251231527
1023	Ballwil	650	24.8946763692
1024	Emmen	5813	20.0961073083
1025	Ermensee	227	25.9428571429
1026	Eschenbach (LU)	858	24.1486068111
1030	Hitzkirch	1233	24.949413193
1031	Hochdorf	1977	21.7228875948
1032	Hohenrain	662	26.5863453815
1033	Inwil	569	23.8374528697
1037	Rain	661	26.282306163
1039	Römerswil	419	25.271411339
1040	Rothenburg	1711	23.6391268306
1041	Schongau	261	26.7144319345
1051	Adligenswil	1269	23.5043526579
1052	Buchrain	1471	23.9459547452
1053	Dierikon	317	21.682626539
1054	Ebikon	2536	20.1237898746
1055	Gisikon	241	21.4603739982
1056	Greppen	259	24.8322147651
1057	Honau	96	25.5319148936
1058	Horw	2666	19.3328498912
1059	Kriens	5264	19.5273954817
1061	Luzern	12619	15.6755816698
1062	Malters	1585	22.9344523224
1063	Meggen	1263	18.677905945
1064	Meierskappel	341	24.8180494905
1065	Root	1106	23.688155922
1066	Schwarzenberg	396	23.5434007134
1067	Udligenswil	509	23.4130634775
1068	Vitznau	216	17.2938350681
1069	Weggis	701	16.525223951
1081	Beromünster	1553	25.4090314136
1082	Büron	589	25.8333333333
1083	Buttisholz	915	27.6685817962
1084	Eich	346	20.4009433962
1085	Geuensee	631	24.0380952381
1086	Grosswangen	831	26.8324184695
1088	Hildisrieden	428	21.2406947891
1089	Knutwil	562	26.8899521531
1091	Mauensee	255	22.0588235294
1093	Neuenkirch	1625	25.4263808481
1094	Nottwil	836	24.358974359
1095	Oberkirch	956	24.5632065776
1097	Rickenbach (LU)	755	24.544863459
1098	Ruswil	1608	23.7764305781
1099	Schenkon	568	20.6997084548
1100	Schlierbach	231	29.6915167095
1102	Sempach	1028	24.777054712
1103	Sursee	1732	18.9082969432
1104	Triengen	1072	24.0898876404
1107	Wolhusen	1004	23.6960113288
1121	Alberswil	152	25.1655629139
1122	Altbüron	220	22.4719101124
1123	Altishofen	396	25.2229299363
1125	Dagmersellen	1146	22.492639843
1126	Ebersecken	112	27.8606965174
1127	Egolzwil	280	21.0684725357
1128	Ettiswil	595	23.4714003945
1129	Fischbach	187	26.3751763047
1130	Gettnau	250	24.154589372
1131	Grossdietwil	197	23.5645933014
1132	Hergiswil bei Willisau	480	25.8064516129
1135	Luthern	318	23.9097744361
1136	Menznau	743	25.6915629322
1137	Nebikon	562	22.7346278317
1139	Pfaffnau	467	20.6637168142
1140	Reiden	1429	21.1296761792
1142	Roggliswil	140	22.0472440945
1143	Schötz	1012	25.6722475901
1145	Ufhusen	212	24.5939675174
1146	Wauwil	408	21.7716115261
1147	Wikon	315	21.875
1150	Zell (LU)	484	23.8306253077
1151	Willisau	1614	21.3661636219
1201	Altdorf (UR)	1738	19.3111111111
1202	Andermatt	214	15.3625269203
1203	Attinghausen	408	25.6281407035
1204	Bauen	23	13.3720930233
1205	Bürglen (UR)	909	22.9893778452
1206	Erstfeld	760	19.9789695058
1207	Flüelen	445	22.4181360202
1208	Göschenen	67	15.2272727273
1209	Gurtnellen	110	19.2644483363
1210	Hospental	30	14.8514851485
1211	Isenthal	133	25.6262042389
1212	Realp	10	6.7567567568
1213	Schattdorf	1022	20.4195804196
1214	Seedorf (UR)	500	27.2628135224
1215	Seelisberg	114	16.715542522
1216	Silenen	413	18.8154897494
1217	Sisikon	89	22.5888324873
1218	Spiringen	218	25.9215219976
1219	Unterschächen	184	26.0992907801
1220	Wassen	78	18.1818181818
1301	Einsiedeln	3196	21.4813819062
1311	Gersau	388	17.8884278469
1321	Feusisberg	931	18.8614262561
1322	Freienbach	2821	17.7756773787
1323	Wollerau	1273	17.9853065838
1331	Küssnacht (SZ)	2504	20.1512956704
1341	Altendorf	1325	20.1214882308
1342	Galgenen	1113	22.1757322176
1343	Innerthal	47	24.3523316062
1344	Lachen	1504	18.5084912626
1345	Reichenburg	723	21.2522045855
1346	Schübelbach	1876	21.4130806986
1347	Tuggen	639	20.8482871126
1348	Vorderthal	206	20.2955665025
1349	Wangen (SZ)	973	20.5187684521
1361	Alpthal	134	22.445561139
1362	Arth	2392	21.6235762068
1363	Illgau	221	27.5905118602
1364	Ingenbohl	1604	18.5648148148
1365	Lauerz	266	25.0943396226
1366	Morschach	279	25.2488687783
1367	Muotathal	865	24.8420448018
1368	Oberiberg	130	15.1515151515
1369	Riemenstalden	34	35.4166666667
1370	Rothenthurm	592	26.0792951542
1371	Sattel	426	22.9773462783
1372	Schwyz	3107	21.0145417653
1373	Steinen	802	24.2883101151
1374	Steinerberg	229	25.0273224044
1375	Unteriberg	508	22.0486111111
1401	Alpnach	1193	20.5300292549
1402	Engelberg	736	18.3084577114
1403	Giswil	767	21.5752461322
1404	Kerns	1410	23.7253912166
1405	Lungern	459	21.9932918064
1406	Sachseln	1142	22.8080687038
1407	Sarnen	1967	19.5061483538
1501	Beckenried	678	20.0177147919
1502	Buochs	1089	20.4930372601
1503	Dallenwil	444	24.7216035635
1504	Emmetten	192	14.0865737344
1505	Ennetbürgen	758	16.6483637162
1506	Ennetmoos	471	22.332859175
1507	Hergiswil (NW)	851	15.2563642883
1508	Oberdorf (NW)	690	22.1864951768
1509	Stans	1648	20.1590214067
1510	Stansstad	632	14.3571104044
1511	Wolfenschiessen	523	24.892908139
1630	Glarus Nord	3548	20.4672627632
1631	Glarus Süd	1698	17.2631150874
1632	Glarus	2553	20.5522460151
1701	Baar	4624	20.4819277108
1702	Cham	3253	21.1577235772
1703	Hünenberg	2081	23.6423540105
1704	Menzingen	928	21.4368214368
1705	Neuheim	488	24.1106719368
1706	Oberägeri	1321	22.6664378861
1707	Risch	2071	20.7869115728
1708	Steinhausen	1950	21.0628645496
1709	Unterägeri	1816	21.6809933142
1710	Walchwil	741	20.4357418643
1711	Zug	4926	17.6173956582
2004	Bussy (FR)	86	21.1822660099
2005	Châbles	184	25.6267409471
2008	Châtillon (FR)	100	24.5098039216
2009	Cheiry	82	22.102425876
2010	Cheyres	310	23.1689088191
2011	Cugy (FR)	378	25.0331125828
2013	Domdidier	785	26.7370572207
2014	Dompierre (FR)	252	26.8943436499
2015	Estavayer-le-Lac	1400	22.9734164752
2016	Fétigny	258	28.7946428571
2022	Gletterens	227	23.7945492662
2024	Léchelles	162	24.3243243243
2025	Lully (FR)	301	28.6666666667
2027	Ménières	97	27.4787535411
2029	Montagny (FR)	561	25.4537205082
2033	Morens (FR)	36	25.3521126761
2034	Murist	159	25.9803921569
2035	Nuvilly	112	28.4263959391
2038	Prévondavaux	17	26.5625
2039	Rueyres-les-Prés	99	26.329787234
2040	Russy	52	22.7074235808
2041	Saint-Aubin (FR)	373	23.9563262685
2043	Sévaz	72	28.2352941176
2044	Surpierre	65	20
2045	Vallon	98	25.6544502618
2047	Villeneuve (FR)	98	26.1333333333
2049	Vuissens	76	30.0395256917
2050	Les Montets	335	24.6686303387
2051	Delley-Portalban	191	18.7992125984
2052	Vernay	290	27.1790065604
2061	Auboranges	73	26.7399267399
2063	Billens-Hennens	168	25.0746268657
2066	Chapelle (Glâne)	70	26.7175572519
2067	Le Châtelard	104	27.8820375335
2068	Châtonnaye	216	29.2682926829
2072	Ecublens (FR)	70	21.875
2079	Grangettes	54	27.4111675127
2086	Massonnens	121	24.8459958932
2087	Mézières (FR)	263	26.0138476756
2089	Montet (Glâne)	106	26.5664160401
2096	Romont (FR)	1183	23.7884576714
2097	Rue	333	23.7179487179
2099	Siviriez	552	25.1480637813
2102	Ursy	747	27.4935590725
2111	Villaz-Saint-Pierre	303	25.4835996636
2113	Vuisternens-devant-Romont	582	27.2727272727
2114	Villorsonnens	328	25.2891287587
2115	Torny	225	25.8323765786
2116	La Folliaz	241	25.7754010695
2121	Haut-Intyamon	298	20.6228373702
2122	Pont-en-Ogoz	433	25.3068381064
2123	Botterens	139	26.679462572
2124	Broc	557	22.28
2125	Bulle	4576	21.9746446408
2126	Cerniat (FR)	61	16.8975069252
2127	Charmey	400	20.0702458605
2128	Châtel-sur-Montsalvens	45	17.7165354331
2129	Corbières	190	24.4845360825
2130	Crésuz	31	10.1639344262
2131	Echarlens	218	27.806122449
2134	Grandvillard	208	26.9430051813
2135	Gruyères	534	25.710158883
2137	Hauteville	147	25.2144082333
2138	Jaun	154	22.9850746269
2140	Marsens	493	28.3008036739
2143	Morlon	148	25.9194395797
2145	Le Pâquier (FR)	300	27.027027027
2147	Pont-la-Ville	161	26.6115702479
2148	Riaz	528	23.4562416704
2149	La Roche	366	24.12656559
2152	Sâles	412	28.2578875171
2153	Sorens	246	23.8603297769
2155	Vaulruz	250	24.154589372
2160	Vuadens	576	26.1343012704
2162	Bas-Intyamon	291	23.7551020408
2171	Arconciel	205	26.2148337596
2172	Autafond	18	25.3521126761
2173	Autigny	189	24.609375
2174	Avry	445	24.1061755146
2175	Belfaux	768	25.6684491979
2177	Chénens	196	27.8014184397
2179	Chésopelloz	32	24.2424242424
2183	Corminboeuf	532	24.4036697248
2184	Corpataux-Magnedens	360	28.4810126582
2185	Corserey	104	26.6666666667
2186	Cottens (FR)	411	28.9232934553
2189	Ependes (FR)	285	25.9090909091
2192	Farvagny	580	26.7527675277
2194	Ferpicloz	73	26.0714285714
2196	Fribourg	7221	19.2637054822
2197	Givisiez	706	22.4411951685
2198	Granges-Paccot	776	25.0161186331
2200	Grolley	467	24.7613997879
2206	Marly	1718	21.6946584165
2208	Matran	383	24.4260204082
2211	Neyruz (FR)	652	27.314620863
2213	Noréaz	154	25.2045826514
2216	Pierrafortscha	35	23.6486486486
2217	Ponthaux	201	28.9625360231
2220	Le Mouret	754	24.713208784
2221	Prez-vers-Noréaz	243	25.1033057851
2222	Rossens (FR)	323	25.7575757576
2223	Le Glèbe	368	29.7253634895
2225	Senèdes	40	26.1437908497
2226	Treyvaux	365	25.2246026261
2228	Villars-sur-Glâne	2950	24.4671145393
2230	Villarsel-sur-Marly	17	19.5402298851
2231	Vuisternens-en-Ogoz	279	28.6153846154
2233	Hauterive (FR)	634	26.7849598648
2234	La Brillaz	501	27.756232687
2235	La Sonnaz	273	26.5048543689
2243	Barberêche	106	19.9623352166
2250	Courgevaux	324	23.8761974945
2251	Courlevon	57	18.2692307692
2254	Courtepin	991	27.481974487
2257	Cressier (FR)	209	24.6462264151
2258	Fräschels	87	18.669527897
2259	Galmiz	134	21.0691823899
2260	Gempenach	49	17.0731707317
2261	Greng	32	18.1818181818
2262	Gurmels	945	23.4491315136
2264	Jeuss	116	27.619047619
2265	Kerzers	1093	22.8948470884
2266	Kleinbösingen	113	18.9915966387
2270	Lurtigen	36	20
2271	Meyriez	125	21.404109589
2272	Misery-Courtion	423	25.2236135957
2274	Muntelier	178	18.9160467588
2275	Murten	1384	21.3251155624
2276	Ried bei Kerzers	230	21.3160333642
2277	Salvenach	99	19.298245614
2278	Ulmiz	89	22.3618090452
2279	Villarepos	147	24.2174629325
2280	Bas-Vully	438	21.5445154943
2281	Haut-Vully	232	17.0588235294
2283	Wallenried	122	26.5795206972
2291	Alterswil	422	21.0894552724
2292	Brünisried	141	21.6589861751
2293	Düdingen	1506	19.6503131524
2294	Giffers	304	20.7366984993
2295	Bösingen	688	20.791779994
2296	Heitenried	313	22.730573711
2298	Oberschrot	294	25.3666954271
2299	Plaffeien	357	18.3641975309
2300	Plasselb	204	19.5589645254
2301	Rechthalten	217	20.0369344414
2302	St. Antoni	347	18.1865828092
2303	St. Silvester	211	22.0942408377
2304	St. Ursen	266	20.7650273224
2305	Schmitten (FR)	929	23.190214678
2306	Tafers	677	21.5125516365
2307	Tentlingen	266	21.6788916055
2308	Ueberstorf	530	22.2036028488
2309	Wünnewil-Flamatt	1171	21.7657992565
2310	Zumholz	90	21.5827338129
2321	Attalens	885	27.9003783102
2323	Bossonnens	399	27.9216235129
2325	Châtel-Saint-Denis	1506	24
2328	Granges (Veveyse)	221	26.6586248492
2333	Remaufens	278	27.9959718026
2335	Saint-Martin (FR)	270	26.6535044423
2336	Semsales	325	24.1276911656
2337	Le Flon	343	29.7484822203
2338	La Verrerie	326	28.2495667244
2401	Egerkingen	687	20.7678355502
2402	Härkingen	292	20.0963523744
2403	Kestenholz	413	23.7492811961
2404	Neuendorf	464	22.9022704837
2405	Niederbuchsiten	218	22.2222222222
2406	Oberbuchsiten	451	21.9571567673
2407	Oensingen	1104	18.8814776809
2408	Wolfwil	411	20.1470588235
2421	Aedermannsdorf	135	24.5901639344
2422	Balsthal	1218	20.8704592186
2423	Gänsbrunnen	23	23.2323232323
2424	Herbetswil	111	20.5175600739
2425	Holderbank (SO)	135	21.3946117274
2426	Laupersdorf	402	23.9001189061
2427	Matzendorf	261	20.1078582435
2428	Mümliswil-Ramiswil	530	21.319388576
2429	Welschenrohr	217	19.9265381084
2441	Aetigkofen	29	16.384180791
2442	Aetingen	56	18.8552188552
2444	Bibern (SO)	48	19.4331983806
2445	Biezwil	73	22.0543806647
2446	Brügglen	34	17
2449	Gossliwil	44	22.4489795918
2450	Hessigkofen	64	23.7037037037
2452	Küttigkofen	59	22.433460076
2453	Kyburg-Buchegg	67	19.8224852071
2455	Lüterkofen-Ichertswil	132	18.4615384615
2456	Lüterswil-Gächliwil	49	15.2173913043
2457	Messen	315	22.3245924876
2458	Mühledorf (SO)	83	23.9193083573
2461	Schnottwil	229	22.0829315333
2462	Tscheppach	41	21.6931216931
2463	Unterramsern	46	21.6981132075
2464	Lüsslingen-Nennigkofen	224	22.6034308779
2471	Bättwil	279	23.5443037975
2472	Büren (SO)	223	23.8502673797
2473	Dornach	1276	19.7278911565
2474	Gempen	207	24.2388758782
2475	Hochwald	290	22.7094753328
2476	Hofstetten-Flüh	649	20.6951530612
2477	Metzerlen-Mariastein	159	17.3014145811
2478	Nuglar-St. Pantaleon	311	21.0135135135
2479	Rodersdorf	267	20.6816421379
2480	Seewen	197	19.6410767697
2481	Witterswil	300	20.979020979
2491	Hauenstein-Ifenthal	80	25.3968253968
2492	Kienberg	116	22.0532319392
2493	Lostorf	828	21.7665615142
2495	Niedergösgen	741	19.6760488582
2497	Obergösgen	390	18.1311018131
2498	Rohr (SO)	22	24.4444444444
2499	Stüsslingen	204	19.7292069632
2500	Trimbach	1285	19.9101332507
2501	Winznau	330	18.2623132263
2502	Wisen (SO)	83	20.1946472019
2503	Erlinsbach (SO)	702	21.1000901713
2511	Aeschi (SO)	201	16.6115702479
2513	Biberist	1573	19.3623830625
2514	Bolken	153	26.243567753
2516	Deitingen	472	20.9034543844
2517	Derendingen	1204	19.750656168
2518	Etziken	149	19.3255512322
2519	Gerlafingen	1059	21.4546191248
2520	Halten	176	20.3939745075
2523	Horriwil	197	22.8803716609
2524	Hüniken	16	18.6046511628
2525	Kriegstetten	239	18.8188976378
2526	Lohn-Ammannsegg	501	18.9844638121
2527	Luterbach	665	19.53010279
2528	Obergerlafingen	217	19.203539823
2529	Oekingen	188	23.6477987421
2530	Recherswil	339	19.2723138147
2532	Subingen	675	22.2993062438
2534	Zuchwil	1642	18.7807388768
2535	Drei Höfe	148	19.8657718121
2541	Balm bei Günsberg	34	17.8947368421
2542	Bellach	956	18.5163664536
2543	Bettlach	871	18.0144777663
2544	Feldbrunnen-St. Niklaus	145	15.4419595314
2545	Flumenthal	154	16.3655685441
2546	Grenchen	2853	17.3952807756
2547	Günsberg	224	19.7356828194
2548	Hubersdorf	168	22.7027027027
2549	Kammersrohr	5	14.7058823529
2550	Langendorf	693	18.4259505451
2551	Lommiswil	309	20.9918478261
2553	Oberdorf (SO)	371	22.416918429
2554	Riedholz	460	20.390070922
2555	Rüttenen	267	18.2876712329
2556	Selzach	684	21.4891611687
2571	Boningen	159	21.8106995885
2572	Däniken	489	17.5583482944
2573	Dulliken	928	19.4753410283
2574	Eppenberg-Wöschnau	50	15.7728706625
2575	Fulenbach	358	21.2336892052
2576	Gretzenbach	540	21.3354405373
2578	Gunzgen	316	19.1980558931
2579	Hägendorf	997	21.203743088
2580	Kappel (SO)	562	18.9993238675
2581	Olten	2839	16.4293981481
2582	Rickenbach (SO)	145	16.3288288288
2583	Schönenwerd	953	19.613089113
2584	Starrkirch-Wil	357	21.5060240964
2585	Walterswil (SO)	151	20.7702888583
2586	Wangen bei Olten	971	19.7920913168
2601	Solothurn	2618	15.7720344599
2611	Bärschwil	122	15.099009901
2612	Beinwil (SO)	57	21.0332103321
2613	Breitenbach	779	21.4305364512
2614	Büsserach	466	22.3608445298
2615	Erschwil	190	21.3004484305
2616	Fehren	146	23.3226837061
2617	Grindel	91	19.8689956332
2618	Himmelried	159	17.0418006431
2619	Kleinlützel	265	21.0484511517
2620	Meltingen	130	20.3442879499
2621	Nunningen	387	21.0669569951
2622	Zullwil	156	24.9201277955
2701	Basel	27229	16.2671908045
2702	Bettingen	204	17.7391304348
2703	Riehen	4004	19.2509255253
2761	Aesch (BL)	1968	19.2733326804
2762	Allschwil	3546	17.5119759
2763	Arlesheim	1788	19.6160175535
2764	Biel-Benken	733	22.5192012289
2765	Binningen	2598	17.4303924857
2766	Birsfelden	1638	16.0054719562
2767	Bottmingen	1153	18.2610072854
2768	Ettingen	947	19.4455852156
2769	Münchenstein	2251	19.2590691307
2770	Muttenz	3183	18.3246977547
2771	Oberwil (BL)	2176	20.1948955916
2772	Pfeffingen	451	19.8678414097
2773	Reinach (BL)	3417	18.137905409
2774	Schönenbuch	288	20.3677510608
2775	Therwil	2099	21.2729299686
2781	Blauen	133	19.3313953488
2782	Brislach	388	24.099378882
2783	Burg im Leimental	51	20.2380952381
2784	Dittingen	158	20.4928664073
2785	Duggingen	302	21.1041229909
2786	Grellingen	348	19.4848824188
2787	Laufen	1068	19.9068033551
2788	Liesberg	217	18.3898305085
2789	Nenzlingen	96	22.8028503563
2790	Roggenburg	59	20.5574912892
2791	Röschenz	373	20.3159041394
2792	Wahlen	296	21.1579699786
2793	Zwingen	452	20.6016408387
2821	Arisdorf	357	22.1189591078
2822	Augst	104	12.1212121212
2823	Bubendorf	941	21.3185319438
2824	Frenkendorf	1325	20.7225523929
2825	Füllinsdorf	748	17.2708381436
2826	Giebenach	220	20.5992509363
2827	Hersberg	64	19.3939393939
2828	Lausen	980	19.615692554
2829	Liestal	2689	19.4756283045
2830	Lupsingen	310	22.6277372263
2831	Pratteln	2962	19.3304183254
2832	Ramlinsburg	145	21.1062590975
2833	Seltisberg	256	19.8142414861
2834	Ziefen	401	25.4280279011
2841	Anwil	148	25.2129471891
2842	Böckten	153	19.3181818182
2843	Buckten	142	20.5202312139
2844	Buus	183	18.6734693878
2845	Diepflingen	155	22.4637681159
2846	Gelterkinden	1127	19.5863746959
2847	Häfelfingen	69	25.2747252747
2848	Hemmiken	43	16.3498098859
2849	Itingen	418	20.41015625
2850	Känerkinden	96	19.8757763975
2851	Kilchberg (BL)	35	22.2929936306
2852	Läufelfingen	273	21.5130023641
2853	Maisprach	193	20.5756929638
2854	Nusshof	52	20.9677419355
2855	Oltingen	119	25.2118644068
2856	Ormalingen	380	19.0571715145
2857	Rickenbach (BL)	128	21.768707483
2858	Rothenfluh	161	20.7474226804
2859	Rümlingen	92	23.6503856041
2860	Rünenberg	154	20.1570680628
2861	Sissach	1283	20.0280986575
2862	Tecknau	193	22.6260257913
2863	Tenniken	154	17.3618940248
2864	Thürnen	268	19.9256505576
2865	Wenslingen	154	21.6292134831
2866	Wintersingen	123	19.9029126214
2867	Wittinsburg	111	26.8115942029
2868	Zeglingen	111	23.7179487179
2869	Zunzgen	471	18.8929001203
2881	Arboldswil	117	21.706864564
2882	Bennwil	162	25.1944012442
2883	Bretzwil	189	24.9011857708
2884	Diegten	368	22.8998133167
2885	Eptingen	104	20.1550387597
2886	Hölstein	509	21.4949324324
2887	Lampenberg	105	20.7100591716
2888	Langenbruck	168	17.2484599589
2889	Lauwil	70	21.1480362538
2890	Liedertswil	33	20
2891	Niederdorf	357	20.6358381503
2892	Oberdorf (BL)	509	21.7428449381
2893	Reigoldswil	355	22.6692209451
2894	Titterten	79	18.9448441247
2895	Waldenburg	251	21.2172442942
2901	Gächlingen	145	18.2619647355
2903	Löhningen	316	23.0994152047
2904	Neunkirch	418	20.6623826001
2914	Büttenhardt	80	22.2841225627
2915	Dörflingen	164	17.5777063237
2917	Lohn (SH)	168	22.7027027027
2919	Stetten (SH)	320	24.7678018576
2920	Thayngen	1003	19.4719471947
2931	Bargen (SH)	45	15.5172413793
2932	Beringen	826	20.0582807188
2933	Buchberg	180	21.2514757969
2936	Merishausen	206	24.8792270531
2937	Neuhausen am Rheinfall	1889	18.2300714148
2938	Rüdlingen	155	20.5570291777
2939	Schaffhausen	6369	17.8839187937
2951	Beggingen	116	22.9702970297
2952	Schleitheim	358	20.8018593841
2953	Siblingen	153	18.8888888889
2961	Buch (SH)	57	18.2108626198
2962	Hemishofen	96	21.768707483
2963	Ramsen	276	20.0727272727
2964	Stein am Rhein	597	17.9064187163
2971	Hallau	456	22.0183486239
2972	Oberhallau	98	22.6327944573
2973	Trasadingen	135	22.6890756303
2974	Wilchingen	388	22.6503210741
3001	Herisau	2956	19.2673706166
3002	Hundwil	288	29.5081967213
3003	Schönengrund	124	24.3614931238
3004	Schwellbrunn	359	24.0616621984
3005	Stein (AR)	308	22.4
3006	Urnäsch	524	23.3407572383
3007	Waldstatt	442	24.6927374302
3021	Bühler	414	24.3243243243
3022	Gais	656	21.494102228
3023	Speicher	881	21.1473835814
3024	Teufen (AR)	1126	18.6485591255
3025	Trogen	378	22.2877358491
3031	Grub (AR)	207	20.2941176471
3032	Heiden	790	19.5981146118
3033	Lutzenberg	233	18.5953711093
3034	Rehetobel	362	20.9127671866
3035	Reute (AR)	113	17.0694864048
3036	Wald (AR)	192	23.0769230769
3037	Walzenhausen	385	18.7621832359
3038	Wolfhalden	349	20.2084539664
3101	Appenzell	1139	19.881305638
3102	Gonten	338	23.3910034602
3103	Rüte	900	26.2008733624
3104	Schlatt-Haslen	256	23.125564589
3105	Schwende	601	27.6830953478
3111	Oberegg	377	19.9365415124
3201	Häggenschwil	326	26.6557645135
3202	Muolen	307	26.3067694944
3203	St. Gallen	13287	17.8155294244
3204	Wittenbach	1928	20.1084689195
3211	Berg (SG)	198	23.6276849642
3212	Eggersriet	495	22.0686580473
3213	Goldach	1809	19.5208805439
3214	Mörschwil	835	23.2849972114
3215	Rorschach	1662	18.4913217623
3216	Rorschacherberg	1284	18.4350323044
3217	Steinach	712	20.4245553643
3218	Tübach	309	23.4802431611
3219	Untereggen	295	28.6129970902
3231	Au (SG)	1445	19.9916989485
3232	Balgach	920	20.2821869489
3233	Berneck	794	20.9057398631
3234	Diepoldsau	1429	23.5575337949
3235	Rheineck	625	19.2307692308
3236	St. Margrethen	1155	20.1641061453
3237	Thal	1366	21.2342608425
3238	Widnau	2049	22.4769635805
3251	Altstätten	2445	21.8929083095
3252	Eichberg	365	24.2203052422
3253	Marbach (SG)	516	24.5363766049
3254	Oberriet (SG)	2084	24.4228290168
3255	Rebstein	946	21.3785310734
3256	Rüthi (SG)	462	21.4484679666
3271	Buchs (SG)	2263	18.9562740828
3272	Gams	767	23.8569206843
3273	Grabs	1619	23.188198224
3274	Sennwald	1009	20.0277888051
3275	Sevelen	1011	21.6071810216
3276	Wartau	1183	22.662835249
3291	Bad Ragaz	995	17.5145220912
3292	Flums	1104	22.641509434
3293	Mels	1952	22.7505827506
3294	Pfäfers	360	23.4833659491
3295	Quarten	550	19.2711983182
3296	Sargans	1145	19.1985244802
3297	Vilters-Wangs	1097	24.1736447774
3298	Walenstadt	1174	21.4194490057
3311	Amden	320	18.2857142857
3312	Benken (SG)	727	25.9364966108
3313	Kaltbrunn	1115	24.128976412
3315	Schänis	826	22.3726977248
3316	Weesen	343	21.6677195199
3338	Schmerikon	718	20.6856813598
3339	Uznach	1446	23.53515625
3340	Rapperswil-Jona	5100	19.2148293271
3341	Gommiswald	1126	22.6149829283
3342	Eschenbach (SG)	2086	23.4303043918
3352	Ebnat-Kappel	1041	20.9162145871
3359	Wildhaus-Alt St. Johann	569	21.3268365817
3360	Nesslau	806	22.2160970232
3372	Hemberg	242	26.1904761905
3374	Lichtensteig	365	18.7275525911
3375	Oberhelfenschwil	333	25.246398787
3378	Neckertal	936	23.1912784936
3379	Wattwil	1763	20.9258160237
3392	Kirchberg (SG)	2029	23.8089650317
3393	Lütisburg	374	25.9182259182
3394	Mosnang	766	27.0767055497
3395	Bütschwil-Ganterschwil	1044	22.9905307201
3401	Degersheim	985	24.7923483514
3402	Flawil	2330	22.6675746668
3405	Jonschwil	978	26.1777301927
3407	Oberuzwil	1414	22.832229937
3408	Uzwil	2846	22.4129784218
3422	Niederbüren	420	28.0186791194
3423	Niederhelfenschwil	822	28.169979438
3424	Oberbüren	1021	24.3675417661
3426	Zuzwil (SG)	1098	23.1596709555
3427	Wil (SG)	4582	19.671990383
3441	Andwil (SG)	529	27.4805194805
3442	Gaiserwald	1770	22.0341092991
3443	Gossau (SG)	3708	20.5009122574
3444	Waldkirch	969	27.8208440999
3501	Alvaschein	22	15.4929577465
3502	Mon	15	16.6666666667
3503	Mutten	17	22.6666666667
3504	Stierva	33	24.6268656716
3505	Tiefencastel	50	19.6850393701
3506	Vaz/Obervaz	440	16.578749058
3511	Alvaneu	58	14.3920595533
3512	Brienz/Brinzauls	19	14.84375
3513	Lantsch/Lenz	91	17.202268431
3514	Schmitten (GR)	33	13.0952380952
3515	Surava	38	19.387755102
3521	Bergün/Bravuogn	88	19.3406593407
3522	Filisur	73	16.5909090909
3531	Bivio	28	14.2857142857
3532	Cunter	44	17.7419354839
3533	Marmorera	1	3.2258064516
3534	Mulegns	3	10.7142857143
3536	Riom-Parsonz	50	17.0068027211
3538	Salouf	44	20.3703703704
3539	Savognin	161	15.9563924678
3540	Sur	11	14.1025641026
3541	Tinizong-Rona	45	13.8036809816
3551	Brusio	175	15.6810035842
3561	Poschiavo	672	19.0854870775
3571	Castrisch	57	14.6529562982
3572	Falera	101	17.0033670034
3574	Ilanz	471	19.3747429042
3575	Laax	206	13.6786188579
3576	Ladir	13	12.1495327103
3577	Luven	38	20.9944751381
3578	Pitasch	14	14.1414141414
3579	Riein	9	13.6363636364
3580	Ruschein	52	15.5688622754
3581	Sagogn	133	19.7622585438
3582	Schluein	120	20.3389830508
3583	Schnaus	27	21.9512195122
3584	Sevgein	42	21.3197969543
3593	Duvin	23	27.7108433735
3598	St. Martin	12	34.2857142857
3603	Vals	168	17.3017507724
3611	Andiast	36	17.2248803828
3612	Obersaxen	153	18.6585365854
3613	Pigniu	4	15.3846153846
3614	Rueun	82	19.2488262911
3615	Siat	23	14.5569620253
3616	Waltensburg/Vuorz	56	16.5680473373
3617	Mundaun	52	16.9381107492
3618	Lumnezia	349	16.477809254
3631	Almens	55	24.1228070175
3633	Fürstenau	80	21.978021978
3634	Paspels	128	26.9473684211
3635	Pratval	45	17.7165354331
3636	Rodels	42	15.7303370787
3637	Rothenbrunnen	70	22.6537216828
3638	Scharans	181	21.9128329298
3640	Sils im Domleschg	187	20.8938547486
3661	Cazis	448	20.6451612903
3662	Flerden	58	26.0089686099
3663	Masein	106	23.927765237
3668	Thusis	589	19.9932111337
3669	Tschappina	21	15.2173913043
3670	Urmein	13	10.15625
3671	Tomils	155	21.6178521618
3672	Safiental	193	21.1622807018
3681	Avers	36	20.9302325581
3691	Hinterrhein	13	20.6349206349
3693	Nufenen	44	28.2051282051
3694	Splügen	50	12.7551020408
3695	Sufers	23	18.1102362205
3701	Andeer	178	19.733924612
3703	Casti-Wergenstein	9	16.9811320755
3705	Donat	50	24.3902439024
3707	Lohn (GR)	6	15
3708	Mathon	10	20
3711	Rongellen	8	14.0350877193
3712	Zillis-Reischen	100	23.5294117647
3713	Ferrera	18	20.4545454545
3721	Bonaduz	673	22.1673254282
3722	Domat/Ems	1695	22.4384432089
3723	Rhäzüns	347	25.4585473221
3731	Felsberg	567	23.3429394813
3732	Flims	406	15.314975481
3733	Tamins	206	17.1381031614
3734	Trin	243	19.209486166
3741	Ardez	79	18.5882352941
3742	Guarda	29	18.0124223602
3743	Lavin	40	17.6991150442
3744	Susch	25	11.8483412322
3745	Tarasp	68	19.9413489736
3746	Zernez	238	20.6418039896
3752	Samnaun	125	15.8428390368
3761	Ftan	107	21.1462450593
3762	Scuol	428	18.2127659574
3763	Sent	172	19.1323692992
3764	Valsot	188	20.6593406593
3781	Bever	94	14.8499210111
3782	Celerina/Schlarigna	291	19.5564516129
3783	Madulain	38	16.7400881057
3784	Pontresina	379	17.9196217494
3785	La Punt-Chamues-ch	140	18.1818181818
3786	Samedan	543	18.0578649817
3787	St. Moritz	752	14.6047776267
3788	S-chanf	137	18.8445667125
3789	Sils im Engadin/Segl	124	16.4021164021
3790	Silvaplana	134	12.5585754452
3791	Zuoz	301	24.7940691928
3792	Bregaglia	262	16.7519181586
3801	Arvigo	9	10.3448275862
3803	Braggio	4	7.8431372549
3804	Buseno	11	11.9565217391
3805	Castaneda	40	16.6666666667
3806	Cauco	6	17.1428571429
3808	Rossa	6	4.8
3810	Santa Maria in Calanca	14	12.389380531
3811	Selma	4	12.1212121212
3821	Lostallo	142	19.3197278912
3822	Mesocco	207	15.9599074788
3823	Soazza	43	11.9113573407
3831	Cama	113	20.1067615658
3832	Grono	182	18.2547642929
3833	Leggia	25	19.6850393701
3834	Roveredo (GR)	495	19.5574871592
3835	San Vittore	121	16.0477453581
3836	Verdabbio	30	18.6335403727
3847	Val Müstair	261	16.6773162939
3851	Davos	1918	17.1081973062
3861	Fideris	126	21.6123499142
3862	Furna	59	29.797979798
3863	Jenaz	247	21.5344376635
3871	Klosters-Serneus	688	17.809992234
3881	Conters im Prättigau	46	20.6278026906
3882	Küblis	179	20.7656612529
3883	Saas	155	20.7219251337
3891	Luzein	267	21.5844785772
3893	St. Antönien	94	26.404494382
3901	Chur	5706	16.6113537118
3911	Churwalden	366	17.749757517
3921	Arosa	501	15.1772190245
3926	Maladers	74	15.2263374486
3932	Tschiertschen-Praden	42	13.5483870968
3941	Haldenstein	247	24.6753246753
3945	Trimmis	646	21.25
3946	Untervaz	613	25.2679307502
3947	Zizers	637	19.825708061
3951	Fläsch	121	18.0327868852
3952	Jenins	196	21.875
3953	Maienfeld	512	19.0547078526
3954	Malans	532	22.735042735
3955	Landquart	1660	19.5340080019
3961	Grüsch	419	21.4541730671
3962	Schiers	583	22.4576271186
3972	Seewis im Prättigau	329	23.9795918367
3981	Breil/Brigels	279	21.6279069767
3982	Disentis/Mustér	355	17.1996124031
3983	Medel (Lucmagn)	73	17.8921568627
3985	Sumvitg	244	19.5356285028
3986	Tujetsch	223	15.871886121
3987	Trun	215	17.366720517
4001	Aarau	3338	16.5370324498
4002	Biberstein	252	16.890080429
4003	Buchs (AG)	1511	20.3996219792
4004	Densbüren	118	17.2767203514
4005	Erlinsbach (AG)	760	19.7968220891
4006	Gränichen	1453	20.2226861517
4007	Hirschthal	320	21.5488215488
4008	Küttigen	1202	20.2527379949
4009	Muhen	772	20.5921579088
4010	Oberentfelden	1648	21.3443854423
4012	Suhr	2207	22.6289346868
4013	Unterentfelden	847	20.831283817
4021	Baden	3249	17.5119926696
4022	Bellikon	307	19.6417146513
4023	Bergdietikon	453	17.9477020602
4024	Birmenstorf (AG)	620	21.7086834734
4026	Ennetbaden	545	16.6973039216
4027	Fislisbach	1110	20.2259475219
4028	Freienwil	246	25.4395036194
4029	Gebenstorf	916	18.7167960768
4030	Killwangen	405	21.3494992093
4031	Künten	374	22.3550508069
4032	Mägenwil	524	25.4368932039
4033	Mellingen	1003	20.5238387559
4034	Neuenhof	1694	20.1331114809
4035	Niederrohrdorf	738	20.2469135802
4037	Oberrohrdorf	714	17.9351921628
4038	Obersiggenthal	1714	19.9627300256
4039	Remetschwil	473	23.08443143
4040	Spreitenbach	2516	22.935278031
4041	Stetten (AG)	460	23.493360572
4042	Turgi	596	20.1623815968
4044	Untersiggenthal	1546	21.8022845861
4045	Wettingen	3661	18.1138983722
4046	Wohlenschwil	339	23.0142566191
4047	Würenlingen	962	22.3616922362
4048	Würenlos	1363	22.8231748158
4049	Ehrendingen	1039	22.9918123479
4061	Arni (AG)	418	22.3768736617
4062	Berikon	953	21.2249443207
4063	Bremgarten (AG)	1334	20.3913176399
4064	Büttikon	207	21.5849843587
4065	Dottikon	743	20.0269541779
4066	Eggenwil	165	18.0327868852
4067	Fischbach-Göslikon	350	22.1799746515
4068	Hägglingen	508	21.76520994
4069	Hermetschwil-Staffeln	267	23.6912156167
4071	Jonen	493	24.9620253165
4072	Niederwil (AG)	581	22.9191321499
4073	Oberlunkhofen	397	20.3172978506
4074	Oberwil-Lieli	469	21.3862289102
4075	Rudolfstetten-Friedlisberg	940	21.128343448
4076	Sarmenstorf	605	22.5999252895
4077	Tägerig	339	24.0425531915
4078	Uezwil	98	23.5011990408
4079	Unterlunkhofen	253	20.3376205788
4080	Villmergen	1363	20.1866113744
4081	Widen	634	17.9298642534
4082	Wohlen (AG)	3203	21.0834649816
4083	Zufikon	876	20.193637621
4084	Islisberg	145	23.9669421488
4091	Auenstein	284	18.112244898
4092	Birr	1046	24.2241778601
4093	Birrhard	129	19.4570135747
4094	Bözen	138	18.4986595174
4095	Brugg	1998	18.3151526263
4096	Effingen	102	17.2297297297
4097	Elfingen	45	16.7910447761
4099	Habsburg	73	17.8048780488
4100	Hausen (AG)	637	19.3088814792
4104	Lupfig	431	19.7073616827
4105	Mandach	79	25.5663430421
4106	Mönthal	57	14.6529562982
4107	Mülligen	200	19.6463654224
4109	Oberflachs	102	20.7739307536
4110	Remigen	204	19.4842406877
4111	Riniken	298	20.1623815968
4112	Rüfenach	176	20.2066590126
4113	Scherz	133	20.4930662558
4114	Schinznach-Bad	221	18.4937238494
4115	Schinznach-Dorf	352	20.2066590126
4117	Thalheim (AG)	135	17.6701570681
4120	Veltheim (AG)	305	21.5852795471
4121	Villigen	370	18.1997048697
4122	Villnachern	333	21.7221135029
4123	Windisch	1508	22.0210280374
4124	Bözberg	271	17.6088369071
4131	Beinwil am See	602	20.310391363
4132	Birrwil	148	14.7557328016
4133	Burg (AG)	180	18.6528497409
4134	Dürrenäsch	245	20.6055508831
4135	Gontenschwil	404	19.8233562316
4136	Holziken	235	18.2879377432
4137	Leimbach (AG)	101	21.6738197425
4138	Leutwil	167	22.5371120108
4139	Menziken	1257	22.0642443391
4140	Oberkulm	561	21.991375931
4141	Reinach (AG)	1723	21.2637294829
4142	Schlossrued	163	20.375
4143	Schmiedrued	252	21.3378492803
4144	Schöftland	744	18.4249628529
4145	Teufenthal (AG)	328	20.5513784461
4146	Unterkulm	612	21.0381574424
4147	Zetzwil	260	19.8928844682
4161	Eiken	438	20.3531598513
4163	Frick	1058	20.7166634032
4164	Gansingen	202	20.2
4165	Gipf-Oberfrick	787	22.4280421773
4166	Herznach	325	23.2308791994
4167	Hornussen	163	18.4807256236
4169	Kaisten	563	22.0093823299
4170	Laufenburg	684	20.6833988509
4172	Münchwilen (AG)	163	18.2735426009
4173	Oberhof	150	25.5102040816
4175	Oeschgen	200	21.8818380744
4176	Schwaderloch	129	18.7772925764
4177	Sisseln	314	21.3460231135
4179	Ueken	205	24.2603550296
4181	Wittnau	264	21.8001651528
4182	Wölflinswil	241	24.5667686035
4183	Zeihen	238	21.6167120799
4184	Mettauertal	360	18.8383045526
4191	Ammerswil	162	23.6496350365
4192	Boniswil	295	20.9368346345
4193	Brunegg	139	20.2328966521
4194	Dintikon	494	23.4123222749
4195	Egliswil	286	21.568627451
4196	Fahrwangen	435	22.4226804124
4197	Hallwil	152	19.387755102
4198	Hendschiken	261	24.8571428571
4199	Holderbank (AG)	199	19.43359375
4200	Hunzenschwil	701	19.9772014819
4201	Lenzburg	1611	18.2404891304
4202	Meisterschwanden	523	19.284660767
4203	Möriken-Wildegg	922	21.6026241799
4204	Niederlenz	992	22.6225769669
4205	Othmarsingen	565	21.7558721602
4206	Rupperswil	1040	20.9466263847
4207	Schafisheim	626	21.8270571827
4208	Seengen	842	22.6709746904
4209	Seon	1030	21.4270855003
4210	Staufen	528	20.2764976959
4221	Abtwil	248	25.9143155695
4222	Aristau	292	21.098265896
4223	Auw	511	27.34082397
4224	Beinwil (Freiamt)	282	26.3797942002
4226	Besenbüren	144	25
4227	Bettwil	108	19.2513368984
4228	Boswil	525	20.169035728
4229	Bünzen	219	21.7046580773
4230	Buttwil	282	24.3313201035
4231	Dietwil	311	24.1835147745
4232	Geltwil	44	22.6804123711
4233	Kallern	72	22.5705329154
4234	Merenschwand	859	25.1758499414
4235	Mühlau	221	21.9246031746
4236	Muri (AG)	1644	22.4344978166
4237	Oberrüti	376	26.61004954
4238	Rottenschwil	183	22.8464419476
4239	Sins	1079	25.7948840545
4240	Waltenschwil	617	23.5586101565
4251	Hellikon	156	19.8979591837
4252	Kaiseraugst	1124	20.3475742216
4253	Magden	857	22.4110878661
4254	Möhlin	2328	22.0162663136
4255	Mumpf	255	19.1011235955
4256	Obermumpf	210	20.9163346614
4257	Olsberg	48	13.3333333333
4258	Rheinfelden	2272	18.1064711508
4259	Schupfart	145	19.1292875989
4260	Stein (AG)	559	18.4063220283
4261	Wallbach	399	21.2686567164
4262	Wegenstetten	232	22.1374045802
4263	Zeiningen	448	20.0986989681
4264	Zuzgen	194	22.9314420804
4271	Aarburg	1544	21.3466058344
4272	Attelwil	64	22.6148409894
4273	Bottenwil	155	19.6950444727
4274	Brittnau	812	21.5213358071
4275	Kirchleerau	143	18.4041184041
4276	Kölliken	920	21.570926143
4277	Moosleerau	210	23.0010952903
4279	Murgenthal	598	20.894479385
4280	Oftringen	2631	20.0502972108
4281	Reitnau	326	25.7911392405
4282	Rothrist	1736	20.9889977028
4283	Safenwil	702	19.5652173913
4284	Staffelbach	212	20.1138519924
4285	Strengelbach	957	20.4925053533
4286	Uerkheim	249	19.1097467383
4287	Vordemwald	380	20.8791208791
4288	Wiliberg	39	23.0769230769
4289	Zofingen	1907	17.2003247046
4301	Baldingen	55	20.0729927007
4302	Böbikon	28	17.1779141104
4303	Böttstein	729	19.6443007276
4304	Döttingen	768	20.0731834814
4305	Endingen	490	24.1498275012
4306	Fisibach	83	21.0659898477
4307	Full-Reuenthal	185	22.5609756098
4308	Kaiserstuhl	62	15.6171284635
4309	Klingnau	579	17.8099046447
4310	Koblenz	327	20.6569804169
4311	Leibstadt	256	19.937694704
4312	Lengnau (AG)	670	25.621414914
4313	Leuggern	416	19.4939081537
4314	Mellikon	53	21.2851405622
4315	Rekingen (AG)	211	21.3995943205
4316	Rietheim	207	27.6
4317	Rümikon	44	16.2361623616
4318	Schneisingen	267	20.2887537994
4319	Siglistorf	126	20.2898550725
4320	Tegerfelden	234	20.9115281501
4321	Unterendingen	71	19.4520547945
4322	Wislikofen	56	16.6172106825
4323	Bad Zurzach	740	17.7330457704
4401	Arbon	2691	19.0122933446
4406	Dozwil	185	27.4074074074
4411	Egnach	1010	22.6153157188
4416	Hefenhofen	284	23.0145867099
4421	Horn	498	19.073152049
4426	Kesswil	204	20.4819277108
4431	Roggwil (TG)	736	25.493591964
4436	Romanshorn	2031	19.278595159
4441	Salmsach	290	21.1988304094
4446	Sommeri	95	18.7376725838
4451	Uttwil	390	21.4876033058
4461	Amriswil	2716	21.280263261
4471	Bischofszell	1246	21.9019159782
4476	Erlen	771	23.3707183995
4486	Hauptwil-Gottshaus	449	23.5695538058
4495	Hohentannen	168	27.0531400966
4501	Kradolf-Schönenberg	713	20.9644222288
4506	Sulgen	777	21.4344827586
4511	Zihlschlacht-Sitterdorf	542	24.8852157943
4536	Basadingen-Schlattingen	402	22.6990400903
4545	Diessenhofen	694	19.2030990592
4546	Schlatt (TG)	379	23.1804281346
4551	Aadorf	1760	20.7718635666
4561	Felben-Wellhausen	577	22.0988127154
4566	Frauenfeld	4691	19.226197795
4571	Gachnang	865	23.835767429
4590	Hüttlingen	178	21.8137254902
4591	Matzingen	588	22.8971962617
4601	Neunforn	162	16.875
4606	Stettfurt	287	24.9782419495
4611	Thundorf	316	23.4944237918
4616	Uesslingen-Buch	223	20.7249070632
4621	Warth-Weiningen	237	19.378577269
4641	Altnau	517	23.9573679333
4643	Bottighofen	391	18.4086629002
4646	Ermatingen	563	18.2200647249
4651	Gottlieben	49	16.0130718954
4656	Güttingen	308	20.6572769953
4666	Kemmental	532	22.9310344828
4671	Kreuzlingen	3672	17.6148901468
4681	Langrickenbach	285	23.2463295269
4683	Lengwil	368	24.6483590087
4691	Münsterlingen	621	19.6768060837
4696	Tägerwilen	942	21.9990658571
4701	Wäldi	219	22.0543806647
4711	Affeltrangen	562	23.2712215321
4716	Bettwiesen	254	22.1061792863
4721	Bichelsee-Balterswil	643	23.3224519405
4723	Braunau	185	25.4820936639
4724	Eschlikon	873	20.9855769231
4726	Fischingen	569	22.2787783868
4741	Lommis	284	24.1291418862
4746	Münchwilen (TG)	1179	23.1812819505
4751	Rickenbach (TG)	522	19.2336035372
4756	Schönholzerswilen	232	27.7180406213
4761	Sirnach	1631	21.8310801767
4776	Tobel-Tägerschen	370	25.0338294993
4781	Wängi	1057	23.7581478984
4786	Wilen (TG)	591	26.1620185923
4791	Wuppenau	283	25.6805807623
4801	Berlingen	115	13.2794457275
4806	Eschenz	337	19.9054932073
4811	Herdern	250	25.1256281407
4816	Homburg	327	22.1244925575
4821	Hüttwilen	377	23.7555135476
4826	Mammern	131	21.335504886
4831	Müllheim	647	23.0085348506
4841	Pfyn	429	22.1020092736
4846	Raperswilen	83	20.9595959596
4851	Salenstein	206	15.9196290572
4864	Steckborn	678	18.6982901269
4871	Wagenhausen	348	20.7637231504
4881	Amlikon-Bissegg	290	22.086824067
4891	Berg (TG)	807	24.785012285
4901	Birwinken	318	23.9819004525
4911	Bürglen (TG)	693	19.794344473
4921	Bussnang	509	23.1785063752
4941	Märstetten	643	23.5186539868
4946	Weinfelden	2075	19.0769513653
4951	Wigoltingen	494	21.6666666667
5001	Arbedo-Castione	866	18.9248251748
5002	Bellinzona	3233	17.9991092306
5003	Cadenazzo	564	22.1698113208
5004	Camorino	584	21.2440887595
5005	Giubiasco	1708	19.9509403107
5006	Gnosca	170	23.6768802228
5007	Gorduno	159	21.2851405622
5008	Gudo	152	18.2912154031
5009	Isone	56	14.1057934509
5010	Lumino	282	20.5839416058
5012	Moleno	24	20.8695652174
5013	Monte Carasso	584	20.8422555318
5014	Pianezzo	101	17.1477079796
5015	Preonzo	135	21.8446601942
5017	Sant'Antonino	478	20.6926406926
5018	Sant'Antonio	28	12.2270742358
5019	Sementina	640	20.8130081301
5048	Acquarossa	350	18.7969924812
5049	Blenio	294	17.2131147541
5050	Serravalle	434	20.7754906654
5061	Airolo	261	16.7737789203
5063	Bedretto	4	4.4444444444
5064	Bodio	176	16.8905950096
5071	Dalpe	23	11.9791666667
5072	Faido	443	14.8012028065
5073	Giornico	134	15.296803653
5076	Personico	69	20.6586826347
5077	Pollegio	126	16.5354330709
5078	Prato (Leventina)	71	17.4019607843
5079	Quinto	188	17.9732313576
5081	Sobrio	15	19.2307692308
5091	Ascona	818	15.0839018993
5095	Brione (Verzasca)	24	12.4352331606
5096	Brione sopra Minusio	58	11.0056925996
5097	Brissago	230	12.7635960044
5102	Corippo	0	0
5105	Frasco	20	18.8679245283
5108	Gordola	871	19.4419642857
5109	Gresso	4	9.756097561
5112	Lavertezzo	272	22.2585924714
5113	Locarno	2689	17.1590836577
5115	Losone	1227	18.8798276658
5117	Mergoscia	43	19.3693693694
5118	Minusio	1188	16.3839470418
5119	Mosogno	7	13.7254901961
5120	Muralto	368	13.0914265386
5121	Orselina	82	10.7611548556
5125	Ronco sopra Ascona	63	9.6625766871
5129	Sonogno	18	19.1489361702
5131	Tenero-Contra	562	20.4289349328
5132	Vergeletto	1	1.6949152542
5135	Vogorno	31	11.4814814815
5136	Onsernone	25	9.8039215686
5137	Isorno	50	15.4320987654
5138	Cugnasco-Gerra	643	22.187715666
5141	Agno	818	19.0055762082
5143	Aranno	78	24
5144	Arogno	201	20.9375
5146	Astano	46	15.4882154882
5148	Bedano	341	22.3021582734
5149	Bedigliora	135	21.1267605634
5151	Bioggio	464	18.125
5154	Bissone	131	14.9032992036
5160	Brusino Arsizio	72	15.2542372881
5161	Cademario	163	21.8206157965
5162	Cadempino	327	21.626984127
5167	Canobbio	423	20.4842615012
5171	Caslano	884	20.7706766917
5176	Comano	438	21.2518195051
5178	Croglio	158	17.8935447339
5180	Cureglia	285	21.9399538106
5181	Curio	105	19.3014705882
5186	Grancia	102	20.198019802
5187	Gravesano	237	19.066773934
5189	Lamone	364	20.4379562044
5192	Lugano	11195	17.8287042935
5193	Magliaso	278	18.5209860093
5194	Manno	259	20.3937007874
5195	Maroggia	94	15.6405990017
5196	Massagno	1057	17.2740643896
5197	Melano	282	19.8871650212
5198	Melide	289	16.618746406
5199	Mezzovico-Vira	303	23.1651376147
5200	Miglieglia	68	23.5294117647
5202	Monteggio	148	16.5919282511
5203	Morcote	82	11.5983026874
5205	Muzzano	174	20.6161137441
5206	Neggio	64	19.1044776119
5207	Novaggio	156	19.1646191646
5208	Origlio	352	24.5296167247
5210	Paradiso	614	15.771898279
5212	Ponte Capriasca	451	25
5213	Ponte Tresa	117	14.5161290323
5214	Porza	347	21.7554858934
5216	Pura	297	20.9302325581
5219	Rovio	152	19.0476190476
5221	Savosa	426	19.7313571098
5222	Sessa	130	19.0058479532
5225	Sorengo	403	21.573875803
5226	Capriasca	1377	21.3223908331
5227	Torricella-Taverne	652	21.2585588523
5230	Vernate	117	19.9658703072
5231	Vezia	419	21.3123092574
5233	Vico Morcote	75	19.8938992042
5236	Collina d'Oro	934	20.6408839779
5237	Alto Malcantone	279	20.3204661326
5238	Monteceneri	871	19.2273730684
5242	Balerna	595	17.7136052397
5249	Castel San Pietro	389	18.8013533108
5250	Chiasso	1279	15.8409710181
5251	Coldrerio	476	17.3090909091
5254	Mendrisio	2706	18.2973831902
5257	Morbio Inferiore	893	19.2830922047
5260	Novazzano	436	18.151540383
5263	Riva San Vitale	471	18.2487407981
5266	Stabio	999	22.399103139
5268	Vacallo	610	18.6202686203
5269	Breggia	374	19.023397762
5281	Biasca	1239	20.1005840363
5282	Claro	667	24.2281147839
5283	Cresciano	115	17.3453996983
5284	Iragna	112	20.2898550725
5285	Lodrino	382	21.9288174512
5286	Osogna	227	21.7432950192
5304	Bosco/Gurin	10	17.8571428571
5307	Campo (Vallemaggia)	1	1.9607843137
5309	Cerentino	11	18.0327868852
5310	Cevio	198	17.0249355116
5315	Linescio	2	3.9215686275
5317	Maggia	507	19.8512137823
5323	Lavizzara	90	15.9857904085
5324	Avegno Gordevio	334	22.7520435967
5396	Terre di Pedemonte	581	22.2690686087
5397	Centovalli	163	13.8487680544
5398	Gambarogno	917	18.0760890992
5401	Aigle	2233	22.5737970077
5402	Bex	1509	22.0356308411
5403	Chessel	90	25.641025641
5404	Corbeyrier	75	18.3823529412
5405	Gryon	249	20.0644641418
5406	Lavey-Morcles	182	20.7053469852
5407	Leysin	1061	25.9033203125
5408	Noville	234	25.6578947368
5409	Ollon	2016	27.9689234184
5410	Ormont-Dessous	204	19.6342637151
5411	Ormont-Dessus	207	14.0625
5412	Rennaz	175	22.639068564
5413	Roche (VD)	366	25.4166666667
5414	Villeneuve (VD)	1148	22.26100446
5415	Yvorne	193	18.665377176
5421	Apples	311	23.8131699847
5422	Aubonne	722	23.5255783643
5423	Ballens	109	22.520661157
5424	Berolle	83	27.8523489933
5425	Bière	329	21.8169761273
5426	Bougy-Villars	88	20.8037825059
5427	Féchy	198	23.1038506418
5428	Gimel	475	25.198938992
5429	Longirod	97	22.7699530516
5430	Marchissy	120	26.9662921348
5431	Mollens (VD)	71	24.3986254296
5432	Montherod	123	24.4047619048
5434	Saint-George	252	26.25
5435	Saint-Livres	167	24.0287769784
5436	Saint-Oyens	74	23.4920634921
5437	Saubraz	113	30.376344086
5451	Avenches	834	21.8553459119
5456	Cudrefin	342	23.8993710692
5458	Faoug	169	21.2578616352
5464	Vully-les-Lacs	540	20.3389830508
5471	Bettens	119	27.4193548387
5472	Bournens	86	25.748502994
5473	Boussens	249	27.2131147541
5474	La Chaux (Cossonay)	108	25.4117647059
5475	Chavannes-le-Veyron	33	25.5813953488
5476	Chevilly	67	27.0161290323
5477	Cossonay	942	26.6553480475
5478	Cottens (VD)	120	26.1437908497
5479	Cuarnens	89	21.760391198
5480	Daillens	239	26.0917030568
5481	Dizy	62	27.5555555556
5482	Eclépens	213	20.9439528024
5483	Ferreyres	89	29.2763157895
5484	Gollion	190	23.9898989899
5485	Grancy	105	25.8620689655
5486	L'Isle	205	20.256916996
5487	Lussery-Villars	71	17.9746835443
5488	Mauraz	12	23.0769230769
5489	Mex (VD)	128	19.6620583717
5490	Moiry	64	24.6153846154
5491	Mont-la-Ville	80	22.9226361032
5492	Montricher	219	24.5240761478
5493	Orny	90	24.5901639344
5494	Pampigny	306	27.6173285199
5495	Penthalaz	648	21.379082811
5496	Penthaz	421	25.1193317422
5497	Pompaples	212	26.140567201
5498	La Sarraz	594	24.2547978767
5499	Senarclens	110	25.4041570439
5500	Sévery	51	24.0566037736
5501	Sullens	203	22.7323628219
5503	Vufflens-la-Ville	284	23.240589198
5511	Assens	252	24.347826087
5512	Bercher	292	25.4134029591
5513	Bioley-Orjulaz	102	22.3684210526
5514	Bottens	293	23.8405207486
5515	Bretigny-sur-Morrens	180	24.3243243243
5516	Cugy (VD)	682	25.2312245653
5518	Echallens	1384	25.6724169913
5520	Essertines-sur-Yverdon	230	25.5271920089
5521	Etagnières	277	25.7434944238
5522	Fey	152	25
5523	Froideville	564	26.6919072409
5527	Morrens (VD)	230	23.2088799193
5529	Oulens-sous-Echallens	125	22.9779411765
5530	Pailly	138	27.1653543307
5531	Penthéréaz	89	23.544973545
5533	Poliez-Pittet	193	25.3947368421
5534	Rueyres	75	29.5275590551
5535	Saint-Barthélemy (VD)	188	24.3208279431
5537	Villars-le-Terroir	207	23.1802911534
5539	Vuarrens	277	30.9497206704
5540	Montilliez	440	27.5862068966
5541	Goumoëns	235	25.1605995717
5551	Bonvillars	134	26.0194174757
5552	Bullet	107	17.7446102819
5553	Champagne	259	25.8741258741
5554	Concise	227	23.9704329461
5555	Corcelles-près-Concise	66	21.2903225806
5556	Fiez	119	28.8834951456
5557	Fontaines-sur-Grandson	32	20.7792207792
5559	Giez	92	23.5294117647
5560	Grandevent	57	25.2212389381
5561	Grandson	699	21.8301061836
5562	Mauborget	23	20.9090909091
5563	Mutrux	37	26.618705036
5564	Novalles	22	20.9523809524
5565	Onnens (VD)	130	25.641025641
5566	Provence	57	16.5697674419
5568	Sainte-Croix	935	19.6469846606
5571	Tévenon	165	22.1774193548
5581	Belmont-sur-Lausanne	910	25.6699576869
5582	Cheseaux-sur-Lausanne	938	23.2465923172
5583	Crissier	1866	24.7940473027
5584	Epalinges	2043	22.8625783348
5585	Jouxtens-Mézery	328	24.0293040293
5586	Lausanne	26132	19.6794891105
5587	Le Mont-sur-Lausanne	1588	23.7121099
5588	Paudex	262	18.3988764045
5589	Prilly	2373	20.0608673599
5590	Pully	3388	19.4043528064
5591	Renens (VD)	4425	21.7626518468
5592	Romanel-sur-Lausanne	715	21.679805943
5601	Chexbres	410	19.5145168967
5604	Forel (Lavaux)	469	23.0240549828
5606	Lutry	1943	20.428976974
5607	Puidoux	643	22.8338068182
5609	Rivaz	71	20.4022988506
5610	Saint-Saphorin (Lavaux)	79	21.6438356164
5611	Savigny	728	21.5767634855
5613	Bourg-en-Lavaux	1030	20.1250488472
5621	Aclens	121	22.7443609023
5622	Bremblens	133	27.366255144
5623	Buchillon	138	21.4953271028
5624	Bussigny-près-Lausanne	1805	22.101138729
5625	Bussy-Chardonney	114	29.8429319372
5627	Chavannes-près-Renens	1763	24.5099402197
5628	Chigny	83	24.5562130178
5629	Clarmont	26	17.4496644295
5631	Denens	156	23.1797919762
5632	Denges	393	24.2442936459
5633	Echandens	465	20.8146821844
5634	Echichens	658	25.7433489828
5635	Ecublens (VD)	2663	22.1898175152
5636	Etoy	764	26.5001734305
5637	Lavigny	231	25.6952169077
5638	Lonay	597	23.9470517449
5639	Lully (VD)	205	27.0092226614
5640	Lussy-sur-Morges	162	25.1944012442
5642	Morges	2838	18.6086158285
5643	Préverenges	1140	22.0247295209
5644	Reverolle	84	24.347826087
5645	Romanel-sur-Morges	112	24.2424242424
5646	Saint-Prex	1306	23.9677004955
5648	Saint-Sulpice (VD)	666	19.7860962567
5649	Tolochenaz	417	23.3744394619
5650	Vaux-sur-Morges	51	28.3333333333
5651	Villars-Sainte-Croix	142	21.1624441133
5652	Villars-sous-Yens	143	25.5357142857
5653	Vufflens-le-Château	229	27.7575757576
5654	Vullierens	87	19.5067264574
5655	Yens	298	23.4645669291
5661	Boulens	80	25.4777070064
5662	Brenles	31	21.3793103448
5663	Bussy-sur-Moudon	28	15.1351351351
5665	Chavannes-sur-Moudon	69	28.9915966387
5666	Chesalles-sur-Moudon	30	19.6078431373
5668	Cremin	11	20.3703703704
5669	Curtilles	70	22.6537216828
5671	Dompierre (VD)	55	22
5672	Forel-sur-Lucens	33	21.7105263158
5673	Hermenches	90	24.4565217391
5674	Lovatens	30	21.897810219
5675	Lucens	760	24.0278216883
5678	Moudon	1421	25.0749955885
5680	Ogens	66	25.1908396947
5683	Prévonloup	41	27.3333333333
5684	Rossenges	17	28.3333333333
5686	Sarzens	22	26.5060240964
5688	Syens	28	20.7407407407
5690	Villars-le-Comte	32	20.3821656051
5692	Vucherens	104	20.4724409449
5693	Montanaire	591	24.6352646936
5701	Arnex-sur-Nyon	56	28.1407035176
5702	Arzier	629	25.7470323373
5703	Bassins	387	29.7006907137
5704	Begnins	379	22.8726614363
5705	Bogis-Bossey	251	28.3936651584
5706	Borex	226	25.3647586981
5707	Chavannes-de-Bogis	316	26.1157024793
5708	Chavannes-des-Bois	238	28.9185905225
5709	Chéserex	298	24.2868785656
5710	Coinsins	84	21.1055276382
5711	Commugny	804	28.8793103448
5712	Coppet	757	24.5699448231
5713	Crans-près-Céligny	580	27.0144387517
5714	Crassier	346	30.6737588652
5715	Duillier	272	25.855513308
5716	Eysins	368	26.3233190272
5717	Founex	1006	29.1594202899
5718	Genolier	485	26.7217630854
5719	Gingins	301	24.9585406302
5720	Givrins	241	24.5918367347
5721	Gland	2993	24.7621411434
5722	Grens	117	30.7894736842
5723	Mies	531	27.5272161742
5724	Nyon	4161	21.3362732027
5725	Prangins	976	24.5967741935
5726	La Rippe	278	25.8364312268
5727	Saint-Cergue	422	18.6808322266
5728	Signy-Avenex	109	23.4913793103
5729	Tannay	409	26.5756985055
5730	Trélex	421	29.6687808316
5731	Le Vaud	345	28.0259951259
5732	Vich	176	23.1884057971
5741	L'Abergement	67	27.6859504132
5742	Agiez	75	25.6849315068
5743	Arnex-sur-Orbe	128	21.4405360134
5744	Ballaigues	226	22.8976697062
5745	Baulmes	226	22.2440944882
5746	Bavois	199	22.6651480638
5747	Bofflens	43	23.1182795699
5748	Bretonnières	53	22.7467811159
5749	Chavornay	1045	26.3423241744
5750	Les Clées	33	19.8795180723
5751	Corcelles-sur-Chavornay	83	24.4117647059
5752	Croy	60	18.8087774295
5754	Juriens	55	18.771331058
5755	Lignerolle	88	23.0366492147
5756	Montcherand	121	25.6900212314
5757	Orbe	1602	24.0396158463
5758	La Praz	32	21.1920529801
5759	Premier	30	15.7068062827
5760	Rances	95	22.3004694836
5761	Romainmôtier-Envy	100	19.8412698413
5762	Sergey	40	27.397260274
5763	Valeyres-sous-Rances	153	26.5164644714
5764	Vallorbe	800	22.1606648199
5765	Vaulion	96	20.6896551724
5766	Vuiteboeuf	155	28.8104089219
5782	Carrouge (VD)	296	27.0814272644
5785	Corcelles-le-Jorat	90	20.4545454545
5788	Essertes	79	24.7648902821
5789	Ferlens (VD)	74	22.5609756098
5790	Maracon	116	25.6070640177
5791	Mézières (VD)	268	22.905982906
5792	Montpreveyres	151	28.0148423006
5798	Ropraz	87	22.5974025974
5799	Servion	458	24.5313336904
5803	Vulliens	109	25.2900232019
5804	Jorat-Menthue	343	24.2060691602
5805	Oron	1214	23.9117589127
5812	Champtauroz	44	32.1167883212
5813	Chevroux	91	22.4137931034
5816	Corcelles-près-Payerne	506	24.6708922477
5817	Grandcour	191	23.2360097324
5819	Henniez	65	24.4360902256
5821	Missy	67	21.0031347962
5822	Payerne	2167	23.3638814016
5827	Trey	67	25.9689922481
5828	Treytorrens (Payerne)	27	21.2598425197
5830	Villarzel	81	20.0495049505
5831	Valbroye	664	23.3556102708
5841	Château-d'Oex	679	20.2203692674
5842	Rossinière	114	21.1502782931
5843	Rougemont	161	17.6341730559
5851	Allaman	81	20.0992555831
5852	Bursinel	116	24.4210526316
5853	Bursins	196	24.9681528662
5854	Burtigny	96	27.0422535211
5855	Dully	147	25.7894736842
5856	Essertines-sur-Rolle	199	29.1788856305
5857	Gilly	271	25.7604562738
5858	Luins	136	22.7424749164
5859	Mont-sur-Rolle	671	25.9976753196
5860	Perroy	351	24.9466950959
5861	Rolle	1604	27.0900185779
5862	Tartegnin	54	24
5863	Vinzel	91	26
5871	L'Abbaye	270	19.7802197802
5872	Le Chenit	936	21.0715893742
5873	Le Lieu	176	20.7058823529
5881	Blonay	1519	25.0288350634
5882	Chardonne	549	19.440509915
5883	Corseaux	383	17.9643527205
5884	Corsier-sur-Vevey	667	19.9820251648
5885	Jongny	321	22.1532091097
5886	Montreux	5286	20.3550387
5888	Saint-Légier-La Chiésaz	1325	26.1599210267
5889	La Tour-de-Peilz	2304	20.9587919585
5890	Vevey	3972	21.0092034275
5891	Veytaux	135	16.0905840286
5902	Belmont-sur-Yverdon	86	24.0223463687
5903	Bioley-Magnoux	30	16.3043478261
5904	Chamblon	128	22.0309810671
5905	Champvent	156	26.4855687606
5907	Chavannes-le-Chêne	67	24.3636363636
5908	Chêne-Pâquier	32	25.6
5909	Cheseaux-Noréaz	179	26.8365817091
5910	Cronay	64	18.2336182336
5911	Cuarny	36	18.4615384615
5912	Démoret	20	16.5289256198
5913	Donneloye	180	24.3572395129
5914	Ependes (VD)	78	23.4939759036
5915	Essert-Pittet	36	23.6842105263
5919	Mathod	145	26.4598540146
5921	Molondin	45	21.1267605634
5922	Montagny-près-Yverdon	164	23.2624113475
5923	Oppens	35	19.7740112994
5924	Orges	52	19.8473282443
5925	Orzens	38	19.1919191919
5926	Pomy	202	28.4507042254
5928	Rovray	34	22.2222222222
5929	Suchy	131	27.1221532091
5930	Suscévaz	37	18.9743589744
5931	Treycovagnes	95	20.652173913
5932	Ursins	45	21.9512195122
5933	Valeyres-sous-Montagny	142	21.6463414634
5934	Valeyres-sous-Ursins	64	26.8907563025
5935	Villars-Epeney	19	22.8915662651
5937	Vugelles-La Mothe	43	32.8244274809
5938	Yverdon-les-Bains	6307	21.8280611892
5939	Yvonand	687	23.6001374098
6002	Brig-Glis	2248	17.5309989862
6004	Eggerberg	56	16.5191740413
6007	Naters	1728	18.1971356361
6008	Ried-Brig	448	22.4786753638
6009	Simplon	50	15.2905198777
6010	Termen	184	21.2716763006
6011	Zwischbergen	10	11.6279069767
6021	Ardon	725	24.4601889339
6022	Chamoson	675	20.059435364
6023	Conthey	1809	22.0744356315
6024	Nendaz	1171	19.1308609704
6025	Vétroz	1351	24.9861290919
6031	Bagnes	1508	19.0428084354
6032	Bourg-Saint-Pierre	27	13.9175257732
6033	Liddes	175	23.5215053763
6034	Orsières	734	23.257287706
6035	Sembrancher	211	22.1174004193
6036	Vollèges	464	26.0381593715
6052	Bellwald	71	16.3218390805
6054	Binn	29	18.954248366
6055	Blitzingen	4	5.2631578947
6056	Ernen	69	12.8252788104
6057	Fiesch	141	15.0802139037
6058	Fieschertal	65	20.3125
6061	Lax	54	18.8153310105
6064	Niederwald	9	20
6073	Grafschaft	25	13.6612021858
6074	Münster-Geschinen	76	15.8004158004
6075	Reckingen-Gluringen	71	15.6387665198
6076	Obergoms	123	18.580060423
6081	Les Agettes	47	14.7798742138
6082	Ayent	694	18.3065154313
6083	Evolène	286	16.5413533835
6084	Hérémence	201	14.6075581395
6087	Saint-Martin (VS)	151	17.1786120592
6089	Vex	364	21.1751018034
6090	Mont-Noble	120	12.5
6101	Agarn	174	21.6417910448
6102	Albinen	31	12.0622568093
6104	Ergisch	26	13.4715025907
6109	Inden	24	19.0476190476
6110	Leuk	703	18.8775510204
6111	Leukerbad	274	17.8501628664
6112	Oberems	27	21.4285714286
6113	Salgesch	305	21.8012866333
6116	Varen	98	15.68
6117	Guttet-Feschel	86	19.9074074074
6118	Gampel-Bratsch	361	18.9401888772
6119	Turtmann-Unterems	196	17.4222222222
6131	Bovernier	172	20.5988023952
6132	Charrat	367	23.6469072165
6133	Fully	2013	24.6057939127
6134	Isérables	143	16.268486917
6135	Leytron	554	18.6406460296
6136	Martigny	3616	21.0049375545
6137	Martigny-Combe	481	20.7865168539
6139	Riddes	636	21.9765031099
6140	Saillon	544	23.0215827338
6141	Saxon	1164	23.3126376928
6142	Trient	37	22.9813664596
6151	Champéry	188	14.9681528662
6152	Collombey-Muraz	2049	25.6702580807
6153	Monthey	3535	20.6568106118
6154	Port-Valais	819	22.4691358025
6155	Saint-Gingolph	190	19.9789695058
6156	Troistorrents	956	21.9921785139
6157	Val-d'Illiez	347	19.3530395984
6158	Vionnaz	529	22.4628450106
6159	Vouvry	911	23.4130043691
6171	Betten	60	14.1843971631
6172	Bister	2	6.6666666667
6173	Bitsch	171	19.976635514
6177	Grengiols	101	21.7672413793
6178	Martisberg	1	6.25
6181	Riederalp	105	20.6692913386
6191	Ausserberg	131	20.4049844237
6192	Blatten	53	18.275862069
6193	Bürchen	131	18.0689655172
6194	Eischoll	64	14.2538975501
6195	Ferden	42	16.5354330709
6197	Kippel	60	16.4835164835
6198	Niedergesteln	146	21.1901306241
6199	Raron	430	22.6315789474
6201	Unterbäch	70	17.0316301703
6202	Wiler (Lötschen)	146	25.0859106529
6203	Mörel-Filet	125	17.7809388336
6204	Steg-Hohtenn	280	17.971758665
6211	Collonges	130	19.2878338279
6212	Dorénaz	187	22.4220623501
6213	Evionnaz	253	21.0482529118
6214	Finhaut	65	14.5413870246
6215	Massongex	411	24.190700412
6217	Saint-Maurice	1037	22.9627989371
6218	Salvan	208	16.4167324388
6219	Vernayaz	435	23.2
6220	Vérossaz	177	26.0677466863
6232	Chalais	677	20.6025562995
6234	Chermignon	538	17.6104746318
6235	Chippis	375	22.5903614458
6238	Grône	460	20.4172214825
6239	Icogne	79	14.4160583942
6240	Lens	661	16.8751595609
6241	Miège	363	26.496350365
6242	Mollens (VS)	188	20.1500535906
6243	Montana	390	16.2635529608
6244	Randogne	833	19.0009124088
6246	Saint-Léonard	495	22.3678264799
6248	Sierre	3183	19.4893460691
6249	Venthône	219	17.9655455291
6250	Veyras	379	21.5340909091
6252	Anniviers	511	19.3267776097
6261	Arbaz	210	18.3566433566
6263	Grimisuat	762	25.0822909809
6265	Savièse	1525	21.3316547769
6266	Sion	6613	20.163429582
6267	Veysonnaz	101	16.974789916
6281	Baltschieder	305	24.0536277603
6282	Eisten	35	16.7464114833
6283	Embd	57	18.3279742765
6285	Grächen	258	18.4813753582
6286	Lalden	131	19.523099851
6287	Randa	80	17.9775280899
6288	Saas-Almagell	75	19.0839694656
6289	Saas-Balen	68	17.0426065163
6290	Saas-Fee	299	18.0229053647
6291	Saas-Grund	193	18.2419659735
6292	St. Niklaus	471	20.4782608696
6293	Stalden (VS)	202	18.1818181818
6294	Staldenried	106	19.1681735986
6295	Täsch	281	23.1848184818
6296	Törbel	82	17.2268907563
6297	Visp	1402	19.005015589
6298	Visperterminen	269	19.4504699928
6299	Zeneggen	54	19.8529411765
6300	Zermatt	1063	18.4837419579
6402	Bevaix	878	22.6756198347
6404	Boudry	1163	21.972416399
6405	Brot-Dessous	20	19.0476190476
6407	Corcelles-Cormondrèche	1120	23.9265114292
6408	Cortaillod	1045	22.2245852829
6409	Fresens	61	27.3542600897
6410	Gorgier	419	20.9395302349
6411	Montalchez	80	31.746031746
6412	Peseux	1261	21.8506324727
6413	Rochefort	255	23.097826087
6414	Saint-Aubin-Sauges	507	21.0460772105
6415	Vaumarcus	64	24.1509433962
6416	Milvignes	1978	22.0389972145
6421	La Chaux-de-Fonds	8324	21.5095997313
6422	Les Planchettes	56	25.4545454545
6423	La Sagne	212	22.5531914894
6431	Les Brenets	202	18.7210379981
6432	La Brévine	139	21.2213740458
6433	Brot-Plamboz	65	26.3157894737
6434	Le Cerneux-Péquignot	89	27.6397515528
6435	La Chaux-du-Milieu	132	27.3291925466
6436	Le Locle	2259	21.6690647482
6437	Les Ponts-de-Martel	309	24.2163009404
6451	Cornaux	356	22.4605678233
6452	Cressier (NE)	457	23.6787564767
6453	Enges	52	19.5488721805
6454	Hauterive (NE)	513	19.8914307871
6455	Le Landeron	1011	22.4019499224
6456	Lignières	255	26.8703898841
6458	Neuchâtel	6428	19.0425405854
6459	Saint-Blaise	715	21.8654434251
6461	La Tène	1136	23.500206868
6485	Valangin	116	23.9175257732
6487	Val-de-Ruz	4084	25.2660232616
6504	La Côte-aux-Fées	95	20.2991452991
6511	Les Verrières	174	24.7159090909
6512	Val-de-Travers	2253	20.6697247706
6601	Aire-la-Ville	296	26.4758497317
6602	Anières	599	25.4893617021
6603	Avully	416	23.5028248588
6604	Avusy	364	25.5259467041
6605	Bardonnex	475	21.4060387562
6606	Bellevue	910	28.0258700339
6607	Bernex	2219	22.7403156385
6608	Carouge (GE)	4299	20.8385845856
6609	Cartigny	208	24.1579558653
6610	Céligny	175	26.6362252664
6611	Chancy	421	30.6627822287
6612	Chêne-Bougeries	2251	21.3183066578
6613	Chêne-Bourg	1731	21.4232673267
6614	Choulex	252	23.8636363636
6615	Collex-Bossy	438	26.497277677
6616	Collonge-Bellerive	1947	25.7199471598
6617	Cologny	1084	21.7626982534
6618	Confignon	1166	26.6636176538
6619	Corsier (GE)	484	24.4321049975
6620	Dardagny	372	24.6357615894
6621	Genève	34139	17.8218493712
6622	Genthod	703	25.6944444444
6623	Le Grand-Saconnex	3107	26.0851313912
6624	Gy	136	27.3641851107
6625	Hermance	251	25.983436853
6626	Jussy	317	25.6265157639
6627	Laconnex	125	20.7641196013
6628	Lancy	6694	22.8074957411
6629	Meinier	477	23.0880929332
6630	Meyrin	4741	21.6820634775
6631	Onex	3944	21.8758666593
6632	Perly-Certoux	710	23.2101994116
6633	Plan-les-Ouates	2949	28.7398888997
6634	Pregny-Chambésy	842	23.6317709795
6635	Presinge	134	20.9702660407
6636	Puplinge	451	22.0107369449
6637	Russin	111	22.6993865031
6638	Satigny	1051	26.5270065623
6639	Soral	179	24.0591397849
6640	Thônex	3116	22.6519337017
6641	Troinex	597	26.0130718954
6642	Vandoeuvres	653	25.3888024883
6643	Vernier	8001	23.3708193369
6644	Versoix	3493	26.8258966285
6645	Veyrier	2768	25.6320029632
6702	Boécourt	221	24.7480403135
6703	Bourrignon	53	19.7026022305
6704	Châtillon (JU)	120	26.4900662252
6705	Corban	116	25.1082251082
6706	Courchapoix	102	24.8175182482
6708	Courrendlin	653	23.989713446
6709	Courroux	794	25.2143537631
6710	Courtételle	593	23.7105157937
6711	Delémont	2462	20.2035122271
6712	Develier	340	23.9268121042
6713	Ederswiler	16	13.5593220339
6715	Mervelier	110	20.7939508507
6716	Mettembert	28	25
6718	Movelier	61	16.2234042553
6719	Pleigne	87	23.6413043478
6720	Rebeuvelier	88	23.3421750663
6721	Rossemaison	139	23.1666666667
6722	Saulcy	51	20
6724	Soyhières	91	19.1983122363
6728	Vellerat	11	15.2777777778
6729	Haute-Sorne	1637	23.9748096075
6730	Val Terbi	654	24.9618320611
6741	Le Bémont (JU)	75	23.5109717868
6742	Les Bois	289	25.1086012163
6743	Les Breuleux	335	23.1833910035
6744	La Chaux-des-Breuleux	19	19.1919191919
6745	Les Enfers	34	23.4482758621
6748	Les Genevez (JU)	111	20.7865168539
6750	Lajoux (JU)	160	23.4260614934
6751	Montfaucon	125	21.8914185639
6753	Muriaux	101	21.3530655391
6754	Le Noirmont	402	22.5083986562
6757	Saignelégier	564	22.03985932
6758	Saint-Brais	57	24.5689655172
6759	Soubey	27	18.75
6771	Alle	440	25.6111757858
6773	Beurnevésin	25	19.0839694656
6774	Boncourt	242	19.3136472466
6775	Bonfol	117	17.3333333333
6778	Bure	130	19.3740685544
6781	Coeuve	178	25.4285714286
6782	Cornol	229	23.7305699482
6783	Courchavon	66	22.2972972973
6784	Courgenay	486	21.8623481781
6785	Courtedoux	151	20.1871657754
6787	Damphreux	46	25.6983240223
6789	Fahy	70	19.6078431373
6790	Fontenais	375	22.3613595707
6792	Grandfontaine	99	25.9842519685
6793	Lugnez	38	20
6800	Porrentruy	1321	19.4837758112
6803	Rocourt	36	22.3602484472
6806	Vendlincourt	125	22.4416517056
6807	Basse-Allaine	284	22.3270440252
6808	Clos du Doubs	245	18.8316679477
6809	Haute-Ajoie	201	20.3647416413
6810	La Baroche	291	24.6819338422
