Regions-ID	Regionsname	Reineinkommen in Mio. Franken	Reineinkommen pro Steuerpflichtigem/-r in Franken
1	Aeugst am Albis	95.0149	110098.37775203
2	Affoltern am Albis	367.3212	77281.969282558
3	Bonstetten	224.6212	97959.529001308
4	Hausen am Albis	133.2593	94711.656005686
5	Hedingen	148.1618	101203.41530055
6	Kappel am Albis	38.2057	97215.521628499
7	Knonau	69.7504	90350.259067358
8	Maschwanden	20.7362	74590.647482014
9	Mettmenstetten	176.9877	94242.651757189
10	Obfelden	163.8947	84568.988648091
11	Ottenbach	97.7868	91049.162011173
12	Rifferswil	35.0016	94855.284552845
13	Stallikon	157.372	105477.21179625
14	Wettswil am Albis	247.4211	116433.45882353
21	Adlikon	22.2259	84509.125475285
22	Benken (ZH)	29.084	81467.787114846
23	Berg am Irchel	24.3791	89300.732600733
24	Buch am Irchel	32.2241	90011.452513967
25	Dachsen	71.5201	91928.149100257
26	Dorf	23.1024	95071.604938272
27	Feuerthalen	124.8063	79545.124282983
28	Flaach	43.0104	82553.550863724
29	Flurlingen	63.5522	98683.540372671
30	Andelfingen	83.3847	102438.20638821
31	Henggart	81.2507	87366.344086022
32	Humlikon	17.1299	93097.282608696
33	Kleinandelfingen	70.8547	83065.2989449
34	Laufen-Uhwiesen	63.2269	94935.285285285
35	Marthalen	70.3571	81150.057670127
36	Oberstammheim	33.3163	72902.188183807
37	Ossingen	43.2669	76174.11971831
38	Rheinau	42.9909	78737.912087912
39	Thalheim an der Thur	28.8608	79946.814404432
40	Trüllikon	33.8135	75141.111111111
41	Truttikon	13.2914	75519.318181818
42	Unterstammheim	27.9022	81111.046511628
43	Volken	11.0803	87246.456692913
44	Waltalingen	24.51	85400.696864111
51	Bachenbülach	147.7505	86758.954785672
52	Bassersdorf	440.7069	88673.420523139
53	Bülach	627.6081	80503.860954336
54	Dietlikon	291.4103	89089.05533476
55	Eglisau	167.7648	91574.672489083
56	Embrach	301.1051	81182.286330547
57	Freienstein-Teufen	83.7743	86010.574948665
58	Glattfelden	143.8661	77514.0625
59	Hochfelden	73.6864	88247.185628743
60	Höri	69.038	72978.858350951
61	Hüntwangen	37.2822	91602.457002457
62	Kloten	637.2327	77081.492681747
63	Lufingen	77.7097	99627.820512821
64	Nürensdorf	268.211	108763.58475264
65	Oberembrach	39.1039	85754.166666667
66	Opfikon	513.4078	75656.911287946
67	Rafz	140.5673	84679.096385542
68	Rorbas	74.5859	75875.788402848
69	Wallisellen	588.3776	88771.514785757
70	Wasterkingen	19.2833	78707.346938776
71	Wil (ZH)	49.4731	88661.46953405
72	Winkel	224.0502	112081.14057029
81	Bachs	20.1198	79840.476190476
82	Boppelsen	67.7018	121112.34347048
83	Buchs (ZH)	205.1143	83379.796747967
84	Dällikon	125.3483	80661.711711712
85	Dänikon	70.3988	92874.406332454
86	Dielsdorf	202.7855	80791.035856574
87	Hüttikon	30.1451	94498.746081505
88	Neerach	181.5129	116131.0940499
89	Niederglatt	164.4005	79458.917351378
90	Niederhasli	288.0599	78576.077468631
91	Niederweningen	100.4498	92665.867158672
92	Oberglatt	174.0114	71550.740131579
93	Oberweningen	66.0036	91544.52149792
94	Otelfingen	96.6754	87252.166064982
95	Regensberg	22.7581	102977.8280543
96	Regensdorf	576.9229	80609.598993992
97	Rümlang	232.4268	77013.51888668
98	Schleinikon	27.1061	84442.679127726
99	Schöfflisdorf	54.7273	87145.382165605
100	Stadel	75.4185	83151.598676957
101	Steinmaur	121.5638	83664.00550585
102	Weiach	39.0901	83170.425531915
111	Bäretswil	167.9578	80247.396082179
112	Bubikon	255.8394	88433.944002765
113	Dürnten	220.1152	78416.530103313
114	Fischenthal	59.3233	69465.222482436
115	Gossau (ZH)	365.2687	86433.67250355
116	Grüningen	125.1272	89185.459729152
117	Hinwil	379.1421	79987.784810127
118	Rüti (ZH)	362.2426	70902.838128792
119	Seegräben	50.47	91597.096188748
120	Wald (ZH)	250.167	67759.209100758
121	Wetzikon (ZH)	742.7339	74646.623115578
131	Adliswil	692.6317	90658.59947644
132	Hirzel	85.208	98734.646581692
133	Horgen	894.7467	101872.56062849
134	Hütten	28.1916	78747.48603352
135	Kilchberg (ZH)	829.2465	214275.58139535
136	Langnau am Albis	331.5468	99593.511565034
137	Oberrieden	327.7651	131791.35504624
138	Richterswil	516.7937	92665.178411332
139	Rüschlikon	1788.8267	697942.52828716
140	Schönenberg (ZH)	83.6315	98972.189349112
141	Thalwil	1010.7387	116713.47575058
142	Wädenswil	832.4505	88464.452709883
151	Erlenbach (ZH)	466.8824	190331.18630249
152	Herrliberg	524.0015	185487.25663717
153	Hombrechtikon	304.4444	87635.118019574
154	Küsnacht (ZH)	1290.7765	192825.88885569
155	Männedorf	517.8549	108044.0016691
156	Meilen	816.9011	132377.42667315
157	Oetwil am See	136.6004	76270.463428252
158	Stäfa	699.8976	107116.25344353
159	Uetikon am See	328.0396	128845.09033778
160	Zumikon	536.9122	225214.84899329
161	Zollikon	1023.5384	167354.21844343
171	Bauma	124.5785	74866.887019231
172	Fehraltorf	230.229	84892.699115044
173	Hittnau	129.5383	88301.499659168
174	Illnau-Effretikon	542.7513	76800.806565728
175	Kyburg	16.3951	90580.662983425
176	Lindau	191.2987	90878.242280285
177	Pfäffikon	402.6052	81104.995970991
178	Russikon	172.1405	95052.733296521
179	Sternenberg	9.1252	67594.074074074
180	Weisslingen	126.6197	93377.359882006
181	Wila	60.4912	70502.564102564
182	Wildberg	33.5106	80748.43373494
191	Dübendorf	956.2671	82908.539968788
192	Egg	365.8048	100744.91875516
193	Fällanden	358.5509	97777.720207254
194	Greifensee	214.3017	90575.528317836
195	Maur	562.3156	127163.1840796
196	Mönchaltorf	125.2471	82671.353135314
197	Schwerzenbach	177.1723	86425.512195122
198	Uster	1267.912	84770.475362706
199	Volketswil	680.8867	88174.915824916
200	Wangen-Brüttisellen	308.2563	91661.106155219
211	Altikon	20.495	75349.264705882
212	Bertschikon	35.0296	78191.071428571
213	Brütten	100.0696	106684.00852878
214	Dägerlen	31.522	82734.908136483
215	Dättlikon	28.646	95169.435215947
216	Dinhard	53.122	91747.841105354
217	Elgg	137.0487	79865.20979021
218	Ellikon an der Thur	31.3764	87643.575418994
219	Elsau	123.1544	85051.38121547
220	Hagenbuch	35.7209	73348.87063655
221	Hettlingen	131.7562	112419.96587031
222	Hofstetten (ZH)	11.7226	74666.242038217
223	Neftenbach	210.3111	91162.158647594
224	Pfungen	96.9031	75824.021909233
225	Rickenbach (ZH)	92.4494	85050.04599816
226	Schlatt (ZH)	21.6583	80814.552238806
227	Seuzach	313.7932	93669.611940299
228	Turbenthal	114.8249	70143.494196701
229	Wiesendangen	197.5586	94030.747263208
230	Winterthur	3514.1402	75851.846575579
231	Zell (ZH)	158.198	72203.560018256
241	Aesch (ZH)	58.7868	118521.77419355
242	Birmensdorf (ZH)	254.0003	91630.6998557
243	Dietikon	662.4909	69385.305823209
244	Geroldswil	197.6271	89545.582238333
245	Oberengstringen	247.232	81892.017224246
246	Oetwil an der Limmat	118.4728	98481.130507066
247	Schlieren	454.7871	69253.403380539
248	Uitikon	342.2884	180817.96090861
249	Unterengstringen	165.5863	101214.1198044
250	Urdorf	346.1916	83119.231692677
251	Weiningen (ZH)	171.6169	92267.150537634
261	Zürich	15620.965	84837.992255345
301	Aarberg	132.0368	69971.807101219
302	Bargen (BE)	27.9746	71001.52284264
303	Grossaffoltern	82.2306	72770.442477876
304	Kallnach	44.335	70150.316455696
305	Kappelen	41.6443	78722.684310019
306	Lyss	432.041	71851.155829037
307	Meikirch	86.8391	81386.223055295
308	Niederried bei Kallnach	8.6945	64403.703703704
309	Radelfingen	37.5814	67836.462093863
310	Rapperswil (BE)	67.5414	76751.590909091
311	Schüpfen	110.6006	74578.961564396
312	Seedorf (BE)	91.3152	72877.254588986
321	Aarwangen	125.1028	72063.824884793
322	Auswil	9.7998	55055.056179775
323	Bannwil	17.5539	62247.872340425
324	Bleienbach	20.1499	65210.03236246
325	Busswil bei Melchnau	5.3221	61884.88372093
326	Gondiswil	15.7351	59829.27756654
329	Langenthal	455.6354	70108.53977535
331	Lotzwil	61.6314	65845.512820513
332	Madiswil	82.8179	66201.35891287
333	Melchnau	39.4432	66069.011725293
334	Obersteckholz	10.4278	64768.944099379
335	Oeschenbach	5.2231	56772.826086956
336	Reisiswil	4.0814	57484.507042253
337	Roggwil (BE)	97.1391	65019.477911647
338	Rohrbach	32.8919	56808.117443869
339	Rohrbachgraben	7.0518	55525.984251968
340	Rütschelen	13.7442	65448.571428571
341	Schwarzhäusern	13.3512	65447.058823529
342	Thunstetten	81.6913	67513.47107438
344	Ursenbach	18.1512	56900.313479624
345	Wynau	40.6302	61936.280487805
351	Bern	4485.7087	73687.206570842
352	Bolligen	256.3503	95474.972067039
353	Bremgarten bei Bern	188.0829	98369.717573222
354	Kirchlindach	122.82	95209.302325581
355	Köniz	1384.7035	80665.472445532
356	Muri bei Bern	711.787	118749.91658325
357	Oberbalm	21.6822	63771.176470588
358	Stettlen	110.5316	88780.401606426
359	Vechigen	166.2675	83761.964735516
360	Wohlen bei Bern	370.3463	93972.671910683
361	Zollikofen	349.3289	79719.055225924
362	Ittigen	400.8163	81483.28928644
363	Ostermundigen	470.8602	69643.573435882
371	Biel/Bienne	1381.7033	64695.570538933
372	Evilard	112.599	107853.44827586
381	Arch	42.6166	69070.664505673
382	Büetigen	22.7761	73000.320512821
383	Büren an der Aare	98.4245	71529.433139535
385	Diessbach bei Büren	31.5836	89219.209039548
386	Dotzigen	37.0244	70927.969348659
387	Lengnau (BE)	131.7488	69782.20338983
388	Leuzigen	33.0159	64108.54368932
389	Meienried	2.2181	65238.235294118
390	Meinisberg	36.0677	70859.921414538
391	Oberwil bei Büren	22.4943	68371.732522796
392	Pieterlen	96.7053	67815.778401122
393	Rüti bei Büren	22.8661	62646.849315069
394	Wengi	16.2328	65986.991869919
401	Aefligen	30.0041	63568.008474576
402	Alchenstorf	15.1081	68054.504504504
403	Bäriswil	37.3768	83992.808988764
404	Burgdorf	469.1865	68674.838992974
405	Ersigen	47.7927	72633.282674772
406	Hasle bei Burgdorf	76.1907	61543.37641357
407	Heimiswil	39.2999	61502.190923318
408	Hellsau	5.0576	69282.191780822
409	Hindelbank	66.7614	71941.163793103
410	Höchstetten	6.6675	57978.260869565
411	Kernenried	11.2242	67210.778443114
412	Kirchberg (BE)	182.4705	73904.617253949
413	Koppigen	59.9798	70982.01183432
414	Krauchthal	67.7917	70396.365524403
415	Lyssach	45.178	69719.135802469
416	Mötschwil	3.6073	66801.851851852
417	Niederösch	4.8911	63520.779220779
418	Oberburg	70.0511	62434.135472371
419	Oberösch	2.926	62255.319148936
420	Rüdtligen-Alchenflüh	57.202	62790.340285401
421	Rumendingen	1.707	47416.666666667
422	Rüti bei Lyssach	4.6017	70795.384615385
423	Willadingen	6.0148	67582.02247191
424	Wynigen	45.213	61430.706521739
431	Corgémont	41.8637	68181.921824104
432	Cormoret	13.2197	69213.089005236
433	Cortébert	17.8401	64404.693140794
434	Courtelary	34.6841	70210.728744939
435	La Ferrière	14.2633	68573.557692308
436	La Heutte	12.8089	67062.303664922
437	Mont-Tramelan	2.3452	68976.470588235
438	Orvin	31.9738	68760.860215054
439	Péry	39.8927	68426.586620926
440	Plagne	11.4426	70200
441	Renan (BE)	21.4468	61452.148997135
442	Romont (BE)	5.8577	68112.790697674
443	Saint-Imier	129.7954	65752.482269503
444	Sonceboz-Sombeval	46.3583	68780.860534125
445	Sonvilier	26.9918	62917.948717949
446	Tramelan	110.3779	64510.753945061
447	Vauffelin	11.2819	66756.804733728
448	Villeret	26.0318	70546.883468835
491	Brüttelen	14.5976	63193.073593074
492	Erlach	44.3469	81520.036764706
493	Finsterhennen	12.5586	72175.862068966
494	Gals	24.3708	80167.105263158
495	Gampelen	22.7928	70348.148148148
496	Ins	99.1336	75906.278713629
497	Lüscherz	18.6006	75920.816326531
498	Müntschemier	33.9249	70383.609958506
499	Siselen	14.7278	63756.70995671
500	Treiten	12.5008	67571.891891892
501	Tschugg	13.1129	70880.540540541
502	Vinelz	26.5138	73854.596100279
532	Bangerten	5.2549	71984.931506849
533	Bätterkinden	95.4832	73505.157813703
534	Büren zum Hof	15.2084	82654.347826087
535	Deisswil bei Münchenbuchsee	3.4251	79653.488372093
536	Diemerswil	6.6036	97111.764705882
537	Etzelkofen	9.9367	69976.76056338
538	Fraubrunnen	58.7357	80903.168044077
539	Grafenried	31.573	77958.024691358
540	Jegenstorf	167.9832	80606.142034549
541	Iffwil	12.6233	80403.184713376
542	Limpach	10.2591	68853.020134228
543	Mattstetten	21.3421	80841.287878788
544	Moosseedorf	109.8994	74106.136210384
545	Mülchi	5.1213	56903.333333333
546	Münchenbuchsee	314.7058	74840.856123662
547	Münchringen	20.7625	93105.381165919
548	Ruppoldsried	7.0149	65559.813084112
549	Schalunen	9.8034	72083.823529412
550	Scheunen	1.4677	63813.043478261
551	Urtenen-Schönbühl	179.3285	70380.102040816
552	Utzenstorf	123.8453	70526.936218679
553	Wiggiswil	3.4678	80646.511627907
554	Wiler bei Utzenstorf	23.4271	64715.745856354
555	Zauggenried	8.075	67857.142857143
556	Zielebach	10.9881	71351.298701299
557	Zuzwil (BE)	18.9878	79780.672268908
561	Adelboden	71.6952	58383.713355049
562	Aeschi bei Spiez	53.5368	65608.823529412
563	Frutigen	156.0989	63661.867862969
564	Kandergrund	16.3746	53164.285714286
565	Kandersteg	31.2978	62721.042084168
566	Krattigen	29.3011	70266.426858513
567	Reichenbach im Kandertal	75.1246	59575.416336241
571	Beatenberg	25.3559	56597.991071429
572	Bönigen	61.6181	63198.051282051
573	Brienz (BE)	74.3043	61357.803468208
574	Brienzwiler	12.0596	58258.937198068
575	Därligen	11.7951	66638.983050847
576	Grindelwald	102.31	64712.207463631
577	Gsteigwiler	10.7134	61927.167630058
578	Gündlischwand	6.8438	55640.650406504
579	Habkern	9.0831	50182.872928177
580	Hofstetten bei Brienz	12.8441	61455.023923445
581	Interlaken	154.829	64111.387163561
582	Iseltwald	10.3123	60660.588235294
584	Lauterbrunnen	61.0873	62911.740473738
585	Leissigen	26.9201	68498.982188295
586	Lütschental	4.8198	51825.806451613
587	Matten bei Interlaken	99.918	62487.804878049
588	Niederried bei Interlaken	9.9151	61204.320987654
589	Oberried am Brienzersee	10.6657	57342.47311828
590	Ringgenberg (BE)	66.9101	64028.803827751
591	Saxeten	1.6984	53075
592	Schwanden bei Brienz	15.3755	64332.635983264
593	Unterseen	170.5096	70633.637116819
594	Wilderswil	67.3146	63926.495726496
602	Arni (BE)	20.6187	57594.134078212
603	Biglen	45.8639	66086.311239193
604	Bleiken bei Oberdiessbach	7.8439	63257.258064516
605	Bowil	29.996	57026.615969582
606	Brenzikofen	13.4361	61073.181818182
607	Freimettigen	11.4561	67388.823529412
608	Grosshöchstetten	93.9962	74246.603475513
609	Häutligen	6.9896	72808.333333333
610	Herbligen	13.0485	64917.910447761
611	Kiesen	27.1799	75499.722222222
612	Konolfingen	140.9035	69719.693221178
613	Landiswil	11.0166	54002.941176471
614	Linden	25.7839	63351.105651106
615	Mirchel	15.6678	69021.145374449
616	Münsingen	370.3427	80022.191011236
617	Niederhünigen	15.3295	68435.267857143
619	Oberdiessbach	89.4126	73228.992628993
620	Oberthal	16.6234	58123.776223776
622	Oppligen	18.0563	68395.075757576
623	Rubigen	102.2186	80297.40769835
624	Schlosswil	17.8606	67653.787878788
625	Tägertschi	12.024	74222.222222222
626	Walkringen	42.0667	60790.028901734
627	Worb	363.5724	76703.037974683
628	Zäziwil	40.704	64201.892744479
629	Oberhünigen	5.9951	56557.547169811
630	Allmendingen	20.7937	88483.829787234
631	Trimstein	15.5322	76138.235294118
632	Wichtrach	130.0802	77382.629387269
661	Clavaleyres	0.9432	47160
662	Ferenbalm	37.112	71369.230769231
663	Frauenkappelen	45.4369	81721.043165468
664	Golaten	8.7684	67449.230769231
665	Gurbrü	6.5156	70821.739130435
666	Kriechenwil	11.4521	66971.34502924
667	Laupen	88.5547	74228.583403185
668	Mühleberg	90.5799	74551.358024691
669	Münchenwiler	13.2405	71959.239130435
670	Neuenegg	149.281	72678.188899708
671	Wileroltigen	8.9994	66172.058823529
681	Belprahon	9.3178	77648.333333333
682	Bévilard	43.5548	62221.142857143
683	Champoz	4.2437	88410.416666667
684	Châtelat	1.33	49259.259259259
687	Corcelles (BE)	5.7174	64240.449438202
690	Court	38.2233	69245.108695652
691	Crémines	14.7736	65369.911504425
692	Eschert	9.5612	67809.929078014
694	Grandval	8.7606	57635.52631579
696	Loveresse	8.1795	68162.5
697	Malleray	51.5247	67002.210663199
699	Monible	0.8034	61800
700	Moutier	195.221	64557.208994709
701	Perrefitte	13.0931	68550.261780105
702	Pontenet	5.7801	70489.024390244
703	Reconvilier	56.5361	63239.485458613
704	Roches (BE)	5.5938	58268.75
706	Saicourt	14.0951	64656.422018349
707	Saules (BE)	3.1989	58161.818181818
708	Schelten	0.4265	53312.5
709	Seehof	1.0079	43821.739130435
710	Sornetan	2.4468	58257.142857143
711	Sorvilier	7.8806	62544.444444445
712	Souboz	2.333	56902.43902439
713	Tavannes	84.4874	62123.088235294
715	Rebévelier	0.5075	42291.666666667
721	Diesse	12.5783	66551.851851852
722	Lamboing	17.4067	70188.306451613
723	La Neuveville	126.697	81477.170418006
724	Nods	21.4302	77087.050359712
725	Prêles	28.3861	77770.136986301
731	Aegerten	51.3738	67508.278580815
732	Bellmund	64.2208	103248.87459807
733	Brügg	114.9905	66124.496837263
734	Bühl	14.1894	70244.554455445
735	Epsach	8.5438	60594.326241135
736	Hagneck	13.3117	69694.764397906
737	Hermrigen	7.6841	64572.268907563
738	Jens	22.4459	84067.041198502
739	Ipsach	140.5025	84436.598557692
740	Ligerz	21.8989	90866.804979253
741	Merzligen	14.2736	75124.210526316
742	Mörigen	42.3073	105242.039801
743	Nidau	194.0549	66708.456514266
744	Orpund	76.5328	68150.311665182
745	Port	125.4637	84317.002688172
746	Safnern	58.1485	76110.602094241
747	Scheuren	12.9427	71506.629834254
748	Schwadernau	21.1883	77048.363636364
749	Studen (BE)	88.0433	70831.295253419
750	Sutz-Lattrigen	46.4515	78731.355932203
751	Täuffelen	92.5304	77237.395659432
754	Walperswil	25.5915	71484.636871508
755	Worben	72.723	74511.270491803
756	Twann-Tüscherz	45.6744	87331.54875717
761	Därstetten	15.8511	54471.134020619
762	Diemtigen	40.2979	55430.398899587
763	Erlenbach im Simmental	38.2432	59848.513302034
764	Niederstocken	5.4895	57784.210526316
765	Oberstocken	5.4617	56892.708333333
766	Oberwil im Simmental	13.3444	52126.5625
767	Reutigen	25.272	62400
768	Spiez	397.2361	72967.689199118
769	Wimmis	58.1049	61163.052631579
781	Gadmen	4.5597	51232.584269663
782	Guttannen	6.9347	63042.727272727
783	Hasliberg	24.0905	59045.343137255
784	Innertkirchen	22.2127	66905.722891566
785	Meiringen	124.6181	65176.830543933
786	Schattenhalb	18.6684	82603.539823009
791	Boltigen	25.675	50641.025641026
792	Lenk	57.5244	62458.631921824
793	St. Stephan	27.701	57951.882845188
794	Zweisimmen	75.2289	63753.305084746
841	Gsteig	29.5038	79740
842	Lauenen	21.967	75229.452054794
843	Saanen	353.4404	124626.3751763
852	Guggisberg	26.7025	53086.48111332
853	Rüschegg	37.6699	59510.110584518
855	Schwarzenburg	175.1206	65076.402824229
861	Belp	358.6172	75181.802935011
862	Belpberg	10.2853	69968.027210884
863	Burgistein	24.85	64046.391752577
865	Gelterfingen	6.8683	56297.540983607
866	Gerzensee	41.999	90126.60944206
867	Gurzelen	17.7502	60580.887372014
868	Jaberg	8.3012	70950.427350427
869	Kaufdorf	31.3358	80348.205128205
870	Kehrsatz	134.0815	83332.19390926
871	Kienersrüti	1.1183	48621.739130435
872	Kirchdorf (BE)	26.3016	76236.52173913
873	Kirchenthurnen	7.077	59470.588235294
874	Lohnstorf	5.9942	76848.717948718
875	Mühledorf (BE)	8.8714	91457.731958763
876	Mühlethurnen	44.3635	75835.042735043
877	Niedermuhlern	12.3672	63097.959183673
878	Noflen	5.4562	59306.52173913
879	Riggisberg	66.2944	67235.69979716
880	Rüeggisberg	41.0025	59683.406113537
881	Rümligen	12.8873	66088.717948718
883	Seftigen	66.2211	72610.855263158
884	Toffen	84.475	78217.592592593
885	Uttigen	55.5466	74659.408602151
886	Wattenwil	64.7074	59914.259259259
888	Wald (BE)	35.4604	73114.226804124
901	Eggiwil	42.7846	52755.363748459
902	Langnau im Emmental	229.3367	63125.984035233
903	Lauperswil	59.7843	58669.578017664
904	Röthenbach im Emmental	20.2904	52026.666666667
905	Rüderswil	52.5785	59816.268486917
906	Schangnau	15.2028	52423.448275862
907	Signau	59.9805	57673.557692308
908	Trub	19.8189	50429.770992366
909	Trubschachen	28.755	56604.330708661
921	Amsoldingen	23.2474	74991.612903226
922	Blumenstein	28.2112	62552.549889135
923	Buchholterberg	34.9466	61417.574692443
924	Eriz	8.0891	48437.724550898
925	Fahrni	17.8164	61435.862068965
927	Heiligenschwendi	16.6024	61263.468634686
928	Heimberg	190.7844	68455.113024758
929	Hilterfingen	171.4025	93458.287895311
930	Höfen	10.4932	65582.5
931	Homberg	9.624	58682.926829268
932	Horrenbach-Buchen	4.0411	49890.12345679
934	Oberhofen am Thunersee	93.5415	83370.320855615
935	Oberlangenegg	8.7043	53075
936	Pohlern	5.6146	56713.131313131
937	Schwendibach	5.9187	59187
938	Sigriswil	141.2526	68736.058394161
939	Steffisburg	473.1219	68897.903014417
940	Teuffenthal (BE)	2.7139	56539.583333333
941	Thierachern	62.0545	70038.939051919
942	Thun	1321.8519	68379.902746883
943	Uebeschi	14.6712	62697.435897436
944	Uetendorf	171.9376	69413.645538958
945	Unterlangenegg	18.6667	58333.4375
946	Wachseldorn	4.0148	51471.794871795
947	Zwieselberg	6.51	71538.461538462
948	Forst-Längenbühl	17.6585	63980.072463768
951	Affoltern im Emmental	24.2342	53973.719376392
952	Dürrenroth	20.6539	55972.628726287
953	Eriswil	25.3036	52936.40167364
954	Huttwil	117.1031	62057.81664017
955	Lützelflüh	92.6895	60032.059585492
956	Rüegsau	83.8678	66298.656126482
957	Sumiswald	106.8504	57353.945249597
958	Trachselwald	18.8549	55292.961876833
959	Walterswil (BE)	10.0106	53532.620320856
960	Wyssachen	21.0945	55805.555555556
971	Attiswil	37.2071	62323.450586265
972	Berken	1.5068	60272
973	Bettenhausen	19.13	61909.385113269
975	Farnern	5.6516	67280.952380952
976	Graben	7.2534	57566.666666667
977	Heimenhausen	27.1905	63529.205607477
978	Hermiswil	2.8324	65869.767441861
979	Herzogenbuchsee	198.0881	68685.194174757
980	Inkwil	18.3519	63064.948453608
981	Niederbipp	114.4908	67150.029325513
982	Niederönz	45.924	67042.335766423
983	Oberbipp	46.5448	68549.042709867
985	Ochlenberg	11.7706	54493.518518518
987	Rumisberg	15.1556	71153.051643193
988	Seeberg	35.4116	61478.472222222
989	Thörigen	28.8379	63800.663716814
990	Walliswil bei Niederbipp	5.9652	62137.5
991	Walliswil bei Wangen	16.5875	60760.073260073
992	Wangen an der Aare	63.2307	70491.304347826
993	Wangenried	11.0908	61959.776536313
995	Wiedlisbach	61.9429	64658.559498956
996	Wolfisberg	5.2889	64498.780487805
1001	Doppleschwand	14.1008	59497.046413502
1002	Entlebuch	71.417	58442.716857611
1003	Escholzmatt	58.3231	55492.959086584
1004	Flühli	28.9936	47220.846905538
1005	Hasle (LU)	33.105	56686.643835616
1006	Marbach (LU)	23.9689	49935.208333333
1007	Romoos	11.0157	49397.757847534
1008	Schüpfheim	85.6302	58811.950549451
1009	Werthenstein	40.3888	59308.076358297
1021	Aesch (LU)	29.4972	71595.145631068
1022	Altwis	9.5674	66440.277777778
1023	Ballwil	83.9661	77602.680221812
1024	Emmen	749.9061	64508.051612903
1025	Ermensee	24.7137	73993.113772455
1026	Eschenbach (LU)	113.4345	78338.743093923
1030	Hitzkirch	132.4438	74281.435782389
1031	Hochdorf	258.5397	72177.470686767
1032	Hohenrain	66.6846	76037.172177879
1033	Inwil	71.5542	77860.935799782
1037	Rain	80.894	81793.731041456
1039	Römerswil	42.3898	69834.925864909
1040	Rothenburg	241.1673	81918.24048913
1041	Schongau	24.6616	71690.697674419
1051	Adligenswil	213.6728	97970.105456213
1052	Buchrain	191.2293	81235.896346644
1053	Dierikon	46.7476	71588.973966309
1054	Ebikon	397.2976	75188.796366389
1055	Gisikon	41.8016	84962.601626016
1056	Greppen	35.8489	89622.25
1057	Honau	12.7124	96306.060606061
1058	Horw	559.738	92472.823393359
1059	Kriens	870.9708	73848.634899101
1061	Luzern	2820.1888	74879.55818708
1062	Malters	180.8335	67274.367559524
1063	Meggen	461.9049	144030.21515435
1064	Meierskappel	39.9642	85393.58974359
1065	Root	136.0198	74044.529123571
1066	Schwarzenberg	42.9844	68121.077654517
1067	Udligenswil	80.3636	91218.615209989
1068	Vitznau	40.7511	80061.100196464
1069	Weggis	204.0014	102927.04339051
1081	Beromünster	127.7284	71636.791923724
1082	Büron	56.9546	70054.858548586
1083	Buttisholz	81.6986	71042.260869565
1084	Eich	82.2844	106862.85714286
1085	Geuensee	68.9335	74281.788793103
1086	Grosswangen	77.1344	69868.115942029
1088	Hildisrieden	69.4234	85182.085889571
1089	Knutwil	65.4085	80651.664611591
1091	Mauensee	39.9817	86916.739130435
1092	Neudorf	31.9192	72708.883826879
1093	Neuenkirch	173.9078	73752.247667515
1094	Nottwil	103.3314	74932.124728064
1095	Oberkirch	135.2609	82829.699938763
1096	Pfeffikon	20.5604	65688.178913738
1097	Rickenbach (LU)	57.3259	70424.938574939
1098	Ruswil	173.3144	67674.502147599
1099	Schenkon	142.1586	115482.2095857
1100	Schlierbach	18.0641	73731.020408163
1102	Sempach	160.2311	93702.397660819
1103	Sursee	303.6839	71505.509771603
1104	Triengen	116.0778	69383.024506874
1107	Wolhusen	100.9117	66828.940397351
1121	Alberswil	12.9225	59550.69124424
1122	Altbüron	26.2857	71623.160762943
1123	Altishofen	40.1838	70621.792618629
1125	Dagmersellen	142.047	67770.515267176
1126	Ebersecken	9.7039	72417.164179104
1127	Egolzwil	40.5435	71379.401408451
1128	Ettiswil	65.0405	65763.902932255
1129	Fischbach	13.2652	59753.153153153
1130	Gettnau	21.9518	59329.189189189
1131	Grossdietwil	19.2615	63152.459016393
1132	Hergiswil bei Willisau	32.9408	53475.324675325
1135	Luthern	27.8166	56652.953156823
1136	Menznau	60.5019	60441.458541459
1137	Nebikon	74.2421	75219.959473151
1138	Ohmstal	7.32	65945.945945946
1139	Pfaffnau	61.0285	66191.431670282
1140	Reiden	169.0657	66983.24088748
1142	Roggliswil	14.9862	60919.512195122
1143	Schötz	83.6679	65263.572542902
1145	Ufhusen	16.9564	55594.754098361
1146	Wauwil	47.8878	69705.676855895
1147	Wikon	37.9908	65164.322469983
1150	Zell (LU)	50.1496	63560.963244613
1151	Willisau	206.23	67395.424836601
1201	Altdorf (UR)	282.4342	70555.633275044
1202	Andermatt	37.5506	62688.814691152
1203	Attinghausen	37.0604	65943.772241993
1204	Bauen	5.9788	69520.930232558
1205	Bürglen (UR)	96.0952	66181.267217631
1206	Erstfeld	92.5704	61142.932628798
1207	Flüelen	59.4294	73188.916256158
1208	Göschenen	10.365	56950.54945055
1209	Gurtnellen	11.2103	50270.403587444
1210	Hospental	4.9491	54385.714285714
1211	Isenthal	7.4977	50660.135135135
1212	Realp	4.5616	61643.243243243
1213	Schattdorf	140.7299	69019.077979402
1214	Seedorf (UR)	45.105	71368.670886076
1215	Seelisberg	17.042	59796.49122807
1216	Silenen	44.7092	56308.816120907
1217	Sisikon	9.2552	60889.47368421
1218	Spiringen	12.6764	48383.20610687
1219	Unterschächen	11.5	49568.965517241
1220	Wassen	9.8618	53020.430107527
1301	Einsiedeln	485.0736	78465.480427046
1311	Gersau	66.1902	72576.973684211
1321	Feusisberg	513.3952	206597.66599598
1322	Freienbach	1520.3345	191453.78415817
1323	Wollerau	1872.1323	539519.39481268
1331	Küssnacht (SZ)	791.3649	140712.10881935
1341	Altendorf	355.7406	126598.07829181
1342	Galgenen	174.8791	84851.576904415
1343	Innerthal	4.3757	70575.806451613
1344	Lachen	383.6016	100235.58923439
1345	Reichenburg	99.9336	73265.102639296
1346	Schübelbach	258.6035	73550.483503982
1347	Tuggen	122.4698	91123.363095238
1348	Vorderthal	26.1663	61567.764705882
1349	Wangen (SZ)	166.1659	80898.685491724
1361	Alpthal	14.9347	67885
1362	Arth	338.1984	76308.303249098
1363	Illgau	15.0389	59678.174603175
1364	Ingenbohl	296.0445	79453.703703704
1365	Lauerz	26.6279	65910.643564356
1366	Morschach	27.9607	67865.776699029
1367	Muotathal	80.9893	61355.53030303
1368	Oberiberg	26.9014	69155.269922879
1369	Riemenstalden	0.9151	45755
1370	Rothenthurm	53.593	66001.231527094
1371	Sattel	54.1736	72231.466666667
1372	Schwyz	480.7259	78192.24137931
1373	Steinen	89.0061	68996.976744186
1374	Steinerberg	23.7482	68046.418338109
1375	Unteriberg	58.1432	62586.867599569
1401	Alpnach	173.2208	70904.952926729
1402	Engelberg	168.4798	83076.824457594
1403	Giswil	92.0316	62141.525995949
1404	Kerns	156.7525	66959.632635626
1405	Lungern	54.1146	66890.729295426
1406	Sachseln	160.0618	77662.202814168
1407	Sarnen	371.8798	81516.834721613
1501	Beckenried	131.9167	85162.491930278
1502	Buochs	181.2677	76259.023979807
1503	Dallenwil	45.4374	63548.811188811
1504	Emmetten	48.3595	71750
1505	Ennetbürgen	198.435	94178.927384907
1506	Ennetmoos	66.3537	74554.719101124
1507	Hergiswil (NW)	517.9564	180221.4335421
1508	Oberdorf (NW)	91.769	72602.056962025
1509	Stans	295.9967	78555.387473461
1510	Stansstad	255.3711	106404.625
1511	Wolfenschiessen	44.0379	60658.26446281
1630	Glarus Nord	500.4729	69684.335839599
1631	Glarus Süd	268.7061	62767.133847232
1632	Glarus	372.404	70145.79016764
1701	Baar	1458.7281	146048.06768122
1702	Cham	749.5308	109308.85226776
1703	Hünenberg	475.5918	124078.215497
1704	Menzingen	149.3663	87297.662185856
1705	Neuheim	87.3135	104192.72076372
1706	Oberägeri	986.7326	409432.61410788
1707	Risch	475.694	108754.91540924
1708	Steinhausen	415.5756	102712.70390509
1709	Unterägeri	409.235	113298.72646733
1710	Walchwil	996.4251	618513.40782123
1711	Zug	2420.9645	183128.93343419
2004	Bussy (FR)	9.8293	67323.97260274
2005	Châbles	24.4897	90367.896678967
2008	Châtillon (FR)	13.8957	82712.5
2009	Cheiry	8.3761	57370.547945206
2010	Cheyres	45.5134	80554.690265487
2011	Cugy (FR)	40.6285	74139.598540146
2013	Domdidier	74.5835	71508.628954938
2014	Dompierre (FR)	18.3787	62512.585034014
2015	Estavayer-le-Lac	151.7864	71970.791844476
2016	Fétigny	20.2607	67761.538461538
2017	Font	11.3037	77422.602739726
2022	Gletterens	25.852	69308.310991957
2024	Léchelles	19.3049	73402.661596958
2025	Lully (FR)	23.5181	72586.728395062
2027	Ménières	7.921	65462.809917355
2029	Montagny (FR)	52.5041	68903.018372703
2033	Morens (FR)	3.8698	71662.962962963
2034	Murist	13.0267	67147.93814433
2035	Nuvilly	9.0679	67670.895522388
2038	Prévondavaux	1.4293	62143.47826087
2039	Rueyres-les-Prés	9.2157	76797.5
2040	Russy	6.4994	68414.736842105
2041	Saint-Aubin (FR)	42.9186	77330.810810811
2043	Sévaz	6.4086	69658.695652174
2044	Surpierre	6.8935	63243.119266055
2045	Vallon	8.3348	73112.280701754
2047	Villeneuve (FR)	8.3772	64440
2049	Vuissens	5.1814	65587.341772152
2050	Les Montets	35.1908	70806.438631791
2051	Delley-Portalban	30.2391	68259.819413093
2052	Vernay	23.5361	76415.909090909
2061	Auboranges	8.5406	88964.583333333
2063	Billens-Hennens	16.6656	70616.949152542
2066	Chapelle (Glâne)	7.4191	78926.595744681
2067	Le Châtelard	6.8462	65828.846153846
2068	Châtonnaye	17.3569	73546.186440678
2072	Ecublens (FR)	8.9325	76346.153846154
2079	Grangettes	5.4037	74023.287671233
2086	Massonnens	9.8276	62596.178343949
2087	Mézières (FR)	23.0646	70318.902439024
2089	Montet (Glâne)	10.8592	84837.5
2096	Romont (FR)	111.3772	67297.401812689
2097	Rue	34.4718	67459.491193738
2099	Siviriez	196.9463	264357.44966443
2102	Ursy	49.5071	75698.929663609
2111	Villaz-Saint-Pierre	24.5392	67230.684931507
2112	Vuarmarens	13.3845	65933.497536946
2113	Vuisternens-devant-Romont	48.0469	70657.205882353
2114	Villorsonnens	29.9744	68748.623853211
2115	Torny	22.3438	68750.153846154
2116	La Folliaz	25.3565	73710.755813953
2121	Haut-Intyamon	34.5459	56539.934533552
2122	Pont-en-Ogoz	49.5441	78022.204724409
2123	Botterens	13.0007	67711.979166667
2124	Broc	56.4639	66663.400236128
2125	Bulle	573.9768	77922.454520771
2126	Cerniat (FR)	7.3246	50514.482758621
2127	Charmey	57.2563	64990.124858116
2128	Châtel-sur-Montsalvens	8.1716	63840.625
2129	Corbières	20.3843	69570.989761092
2130	Crésuz	18.905	95000
2131	Echarlens	23.9513	83454.006968641
2134	Grandvillard	20.0872	69990.243902439
2135	Gruyères	51.7808	68312.401055409
2137	Hauteville	15.6838	74330.805687204
2138	Jaun	13.3357	49575.092936803
2140	Marsens	51.2828	92903.623188406
2143	Morlon	18.8263	85574.090909091
2145	Le Pâquier (FR)	32.6495	86374.338624339
2147	Pont-la-Ville	16.5556	79213.397129187
2148	Riaz	68.7013	77105.83613917
2149	La Roche	43.6605	83801.343570058
2152	Sâles	37.6841	71642.775665399
2153	Sorens	26.8167	72477.567567568
2155	Vaulruz	28.7669	73198.218829516
2160	Vuadens	56.2098	72905.058365759
2162	Bas-Intyamon	28.868	60393.30543933
2171	Arconciel	25.795	85697.674418605
2172	Autafond	1.795	69038.461538462
2173	Autigny	19.6119	73728.947368421
2174	Avry	65.6389	95823.211678832
2175	Belfaux	77.7584	77992.377131394
2177	Chénens	17.1084	75367.400881057
2179	Chésopelloz	7.4499	133033.92857143
2183	Corminboeuf	85.5651	100783.39222615
2184	Corpataux-Magnedens	33.3015	80438.405797101
2185	Corserey	9.0716	71429.921259842
2186	Cottens (FR)	39.1353	87551.006711409
2189	Ependes (FR)	33.3328	85032.653061224
2192	Farvagny	58.0365	78006.048387097
2194	Ferpicloz	21.8806	202598.14814815
2196	Fribourg	1028.1767	72097.096977772
2197	Givisiez	98.6257	79281.109324759
2198	Granges-Paccot	80.253	76797.129186603
2200	Grolley	53.0608	80639.513677812
2206	Marly	241.3957	83876.198749131
2208	Matran	52.9455	88834.731543624
2211	Neyruz (FR)	75.7826	93213.530135301
2213	Noréaz	18.0716	84446.728971963
2216	Pierrafortscha	6.3838	104652.45901639
2217	Ponthaux	15.8505	74067.757009346
2220	Le Mouret	85.2523	75578.280141844
2221	Prez-vers-Noréaz	27.3963	76955.898876405
2222	Rossens (FR)	39.0287	86156.070640177
2223	Le Glèbe	31.6728	79981.818181818
2225	Senèdes	3.7455	73441.176470588
2226	Treyvaux	35.9904	73151.219512195
2228	Villars-sur-Glâne	388.0651	89643.127743128
2230	Villarsel-sur-Marly	2.2852	78800
2231	Vuisternens-en-Ogoz	20.0418	67938.305084746
2233	Hauterive (FR)	64.9288	80159.012345679
2234	La Brillaz	55.6698	86309.767441861
2235	La Sonnaz	30.9904	88291.737891738
2243	Barberêche	16.1882	78583.495145631
2244	Büchslen	5.77	80138.888888889
2250	Courgevaux	40.4275	81343.058350101
2251	Courlevon	9.9905	71360.714285714
2254	Courtepin	81.4104	77386.311787072
2257	Cressier (FR)	27.2745	82400.302114804
2258	Fräschels	17.587	82957.547169811
2259	Galmiz	18.3281	68134.200743494
2260	Gempenach	7.9673	65305.737704918
2261	Greng	15.3529	182772.61904762
2262	Gurmels	116.4374	76856.369636964
2264	Jeuss	12.7702	81338.853503185
2265	Kerzers	135.9922	73232.202477114
2266	Kleinbösingen	22.4737	84487.593984962
2270	Lurtigen	4.7773	62042.857142857
2271	Meyriez	26.9832	103781.53846154
2272	Misery-Courtion	41.3107	70496.075085324
2274	Muntelier	44.2285	96568.777292576
2275	Murten	204.7112	76556.17053104
2276	Ried bei Kerzers	32.2139	81554.17721519
2277	Salvenach	15.0728	76511.675126904
2278	Ulmiz	11.6339	66101.704545455
2279	Villarepos	16.6879	72556.086956522
2280	Bas-Vully	64.4058	79025.521472393
2281	Haut-Vully	67.6541	103763.95705521
2283	Wallenried	12.8868	80542.5
2291	Alterswil	53.111	64769.512195122
2292	Brünisried	16.9292	63643.609022556
2293	Düdingen	248.9775	75356.386198547
2294	Giffers	37.6272	64986.528497409
2295	Bösingen	104.7549	75580.735930736
2296	Heitenried	32.8623	66929.32790224
2298	Oberschrot	28.1929	61962.417582418
2299	Plaffeien	46.7591	53195.790671217
2300	Plasselb	24.9024	60150.724637681
2301	Rechthalten	30.8271	65036.075949367
2302	St. Antoni	54.2651	65458.504221954
2303	St. Silvester	22.3568	58988.918205805
2304	St. Ursen	33.8277	66199.021526419
2305	Schmitten (FR)	118.3112	74409.559748428
2306	Tafers	100.5227	77265.71867794
2307	Tentlingen	36.8823	70386.06870229
2308	Ueberstorf	75.5657	73293.598448109
2309	Wünnewil-Flamatt	145.6358	68437.87593985
2310	Zumholz	8.691	53648.148148148
2321	Attalens	95.9703	85458.860195904
2323	Bossonnens	37.6243	74356.324110672
2325	Châtel-Saint-Denis	179.03	73433.141919606
2328	Granges (Veveyse)	26.5939	84964.536741214
2333	Remaufens	27.2194	79588.888888889
2335	Saint-Martin (FR)	24.8113	77053.726708074
2336	Semsales	34.2359	68471.8
2337	Le Flon	23.0337	65810.571428571
2338	La Verrerie	24.0147	66156.198347107
2401	Egerkingen	99.5188	71544.787922358
2402	Härkingen	46.0515	76118.181818182
2403	Kestenholz	52.3404	73822.849083216
2404	Neuendorf	61.3702	75953.217821782
2405	Niederbuchsiten	28.5202	66948.82629108
2406	Oberbuchsiten	59.8258	73677.093596059
2407	Oensingen	184.1408	72183.771070169
2408	Wolfwil	64.5753	72393.834080717
2421	Aedermannsdorf	13.9793	65940.094339623
2422	Balsthal	166.3251	70626.369426752
2423	Gänsbrunnen	2.2354	63868.571428571
2424	Herbetswil	13.489	58903.930131004
2425	Holderbank (SO)	16.4999	65475.793650794
2426	Laupersdorf	43.6033	64885.863095238
2427	Matzendorf	34.134	65390.804597701
2428	Mümliswil-Ramiswil	64.3993	63074.730656219
2429	Welschenrohr	27.7306	57532.365145228
2441	Aetigkofen	5.4294	68726.582278481
2442	Aetingen	13.033	89267.123287671
2444	Bibern (SO)	7.1829	65299.090909091
2445	Biezwil	11.2345	76425.170068027
2446	Brügglen	6.8994	77521.348314607
2449	Gossliwil	6.7388	66066.666666667
2450	Hessigkofen	8.6635	92164.893617021
2452	Küttigkofen	9.2214	80889.473684211
2453	Kyburg-Buchegg	11.6391	79177.551020408
2454	Lüsslingen	16.9664	76425.225225225
2455	Lüterkofen-Ichertswil	29.845	86008.645533141
2456	Lüterswil-Gächliwil	11.301	71980.891719745
2457	Messen	45.6497	76980.944350759
2458	Mühledorf (SO)	11.1355	71841.935483871
2459	Nennigkofen	16.9756	82405.825242719
2461	Schnottwil	32.5376	77286.460807601
2462	Tscheppach	6.2339	71654.022988506
2463	Unterramsern	7.5663	83146.153846154
2471	Bättwil	44.7565	93242.708333333
2472	Büren (SO)	30.6474	80228.795811518
2473	Dornach	249.0695	88731.563947275
2474	Gempen	31.6375	90392.857142857
2475	Hochwald	51.6563	101286.8627451
2476	Hofstetten-Flüh	138.8066	109468.9274448
2477	Metzerlen-Mariastein	35.2939	84233.651551313
2478	Nuglar-St. Pantaleon	53.7159	86221.348314607
2479	Rodersdorf	50.6353	96264.828897338
2480	Seewen	37.753	84838.202247191
2481	Witterswil	55.4945	94539.182282794
2491	Hauenstein-Ifenthal	8.8721	73934.166666667
2492	Kienberg	13.4406	71874.86631016
2493	Lostorf	143.6822	87771.655467318
2495	Niedergösgen	116.2314	69892.603728202
2497	Obergösgen	66.6706	66207.149950348
2498	Rohr (SO)	2.6597	73880.555555556
2499	Stüsslingen	35.5392	79328.571428571
2500	Trimbach	168.7299	66638.981042654
2501	Winznau	57.2283	72809.541984733
2502	Wisen (SO)	13.8838	76706.077348066
2503	Erlinsbach (SO)	101.2241	72251.320485368
2511	Aeschi (SO)	37.7206	77935.123966942
2513	Biberist	253.2599	69348.274917853
2514	Bolken	16.8705	80335.714285714
2516	Deitingen	68.6621	74632.717391304
2517	Derendingen	174.8317	66400.189897455
2518	Etziken	26.5672	71803.243243243
2519	Gerlafingen	129.151	65927.003573252
2520	Halten	28.9018	78751.498637602
2521	Heinrichswil-Winistorf	16.7505	71890.557939914
2522	Hersiwil	6.3767	80717.721518987
2523	Horriwil	26.6573	76822.190201729
2524	Hüniken	2.6741	66852.5
2525	Kriegstetten	44.2972	77578.283712785
2526	Lohn-Ammannsegg	116.5837	93416.426282051
2527	Luterbach	107.0133	68335.440613027
2528	Obergerlafingen	38.2532	72039.924670433
2529	Oekingen	24.8979	78790.82278481
2530	Recherswil	56.4507	71366.245259166
2531	Steinhof	3.7062	67385.454545455
2532	Subingen	93.947	73683.921568627
2534	Zuchwil	237.8344	62016.792698827
2541	Balm bei Günsberg	7.3916	85948.837209302
2542	Bellach	169.9598	72200.424808836
2543	Bettlach	193.2711	82665.141146279
2544	Feldbrunnen-St. Niklaus	80.3496	159423.80952381
2545	Flumenthal	31.8176	68720.518358531
2546	Grenchen	487.5419	65066.315227546
2547	Günsberg	46.2545	82303.380782918
2548	Hubersdorf	24.4244	76565.517241379
2549	Kammersrohr	1.4231	83711.764705882
2550	Langendorf	135.4017	76758.333333333
2551	Lommiswil	49.1844	81431.125827815
2553	Oberdorf (SO)	68.6616	92535.849056604
2554	Riedholz	82.7117	83886.105476673
2555	Rüttenen	55.2624	76646.879334258
2556	Selzach	98.8894	71503.543022415
2571	Boningen	23.2735	72729.6875
2572	Däniken	95.4106	72666.108149276
2573	Dulliken	124.7103	63725.242718447
2574	Eppenberg-Wöschnau	9.3234	60937.254901961
2575	Fulenbach	52.5376	72968.888888889
2576	Gretzenbach	79.0683	78518.669314796
2578	Gunzgen	55.1319	71321.992238034
2579	Hägendorf	197.0554	98626.326326326
2580	Kappel (SO)	114.6603	80746.690140845
2581	Olten	608.6797	72238.274388797
2582	Rickenbach (SO)	35.7214	84447.754137116
2583	Schönenwerd	138.066	66345.987506007
2584	Starrkirch-Wil	76.0686	104922.20689655
2585	Walterswil (SO)	20.6228	66311.254019293
2586	Wangen bei Olten	167.5628	75923.334843679
2601	Solothurn	628.7999	74370.183323477
2611	Bärschwil	23.068	62345.945945946
2612	Beinwil (SO)	5.5892	58220.833333333
2613	Breitenbach	106.5869	75486.473087819
2614	Büsserach	69.6176	80389.838337183
2615	Erschwil	25.3618	70254.293628809
2616	Fehren	17.5492	66726.996197719
2617	Grindel	14.3056	65322.374429224
2618	Himmelried	31.9806	77811.678832117
2619	Kleinlützel	33.5982	65621.484375
2620	Meltingen	17.9322	67161.797752809
2621	Nunningen	57.8536	72136.658354115
2622	Zullwil	15.4136	63430.452674897
2701	Basel	6402.669	82718.615557536
2702	Bettingen	59.176	121014.31492843
2703	Riehen	1040.6249	108285.62955255
2761	Aesch (BL)	384.6663	83677.681096367
2762	Allschwil	797.8694	83363.222233831
2763	Arlesheim	473.4762	112598.38287753
2764	Biel-Benken	178.8223	131293.90602056
2765	Binningen	808.1688	110859.91769547
2766	Birsfelden	337.1923	68340.555330361
2767	Bottmingen	357.9679	123182.34686855
2768	Ettingen	199.1187	89572.064777328
2769	Münchenstein	427.469	82586.746522411
2770	Muttenz	696.4261	85671.804650019
2771	Oberwil (BL)	526.2413	107396.18367347
2772	Pfeffingen	118.322	122359.87590486
2773	Reinach (BL)	791.5134	88437.251396648
2774	Schönenbuch	71.9505	115676.04501608
2775	Therwil	442.7575	101759.94024362
2781	Blauen	30.0673	96369.551282051
2782	Brislach	48.8807	75901.708074534
2783	Burg im Leimental	7.3417	69261.320754717
2784	Dittingen	23.1741	69383.532934132
2785	Duggingen	57.6589	94060.195758564
2786	Grellingen	52.6027	74613.758865248
2787	Laufen	175.9309	75734.352130865
2788	Liesberg	35.398	66914.933837429
2789	Nenzlingen	14.5896	82427.118644068
2790	Roggenburg	5.893	57213.59223301
2791	Röschenz	66.3514	83251.442910916
2792	Wahlen	40.4176	70536.82373473
2793	Zwingen	64.1648	72095.280898876
2821	Arisdorf	60.8385	86664.52991453
2822	Augst	33.8607	75581.919642857
2823	Bubendorf	151.3456	86384.474885845
2824	Frenkendorf	209.1315	79427.079377136
2825	Füllinsdorf	163.0403	85495.700052438
2826	Giebenach	38.7405	85899.11308204
2827	Hersberg	13.2178	95092.086330935
2828	Lausen	165.367	80431.420233463
2829	Liestal	483.6168	81307.464694015
2830	Lupsingen	54.4789	97110.338680927
2831	Pratteln	468.5791	73445
2832	Ramlinsburg	30.6494	103545.27027027
2833	Seltisberg	60.943	106357.76614311
2834	Ziefen	48.6533	82046.037099494
2841	Anwil	15.832	75033.17535545
2842	Böckten	27.5064	77482.816901408
2843	Buckten	21.6013	75004.513888889
2844	Buus	31.8357	75619.239904988
2845	Diepflingen	18.9276	73648.249027237
2846	Gelterkinden	184.0174	74500.971659919
2847	Häfelfingen	7.3567	73567
2848	Hemmiken	8.0305	69228.448275862
2849	Itingen	70.6548	81587.52886836
2850	Känerkinden	19.8106	90874.311926606
2851	Kilchberg (BL)	5.0852	82019.35483871
2852	Läufelfingen	37.0529	73957.884231537
2853	Maisprach	36.7915	91521.144278607
2854	Nusshof	10.6105	101052.38095238
2855	Oltingen	13.3855	68643.58974359
2856	Ormalingen	70.8856	80278.142695357
2857	Rickenbach (BL)	17.679	79278.02690583
2858	Rothenfluh	23.4337	79167.905405405
2859	Rümlingen	10.1235	66166.666666667
2860	Rünenberg	26.6884	83925.786163522
2861	Sissach	239.9332	83310.138888889
2862	Tecknau	22.6915	75387.043189369
2863	Tenniken	32.0086	80829.797979798
2864	Thürnen	44.4875	73290.774299835
2865	Wenslingen	21.6977	75866.083916084
2866	Wintersingen	20.5895	77990.53030303
2867	Wittinsburg	12.9255	86748.322147651
2868	Zeglingen	12.7745	70969.444444444
2869	Zunzgen	77.5981	73136.757775683
2881	Arboldswil	20.106	91808.219178082
2882	Bennwil	19.025	77971.31147541
2883	Bretzwil	19.1301	66194.117647059
2884	Diegten	46.3617	73590
2885	Eptingen	13.3934	60603.619909502
2886	Hölstein	80.6291	85593.524416136
2887	Lampenberg	18.2576	81872.64573991
2888	Langenbruck	27.4066	65253.809523809
2889	Lauwil	10.141	75118.518518518
2890	Liedertswil	5.1716	68954.666666667
2891	Niederdorf	52.0914	71455.967078189
2892	Oberdorf (BL)	67.5652	75323.522853958
2893	Reigoldswil	43.5813	70634.197730956
2894	Titterten	13.2583	75331.25
2895	Waldenburg	32.7993	69785.744680851
2901	Gächlingen	21.2584	67918.21086262
2902	Guntmadingen	5.3316	62724.705882353
2903	Löhningen	41.5866	78911.954459203
2904	Neunkirch	57.4077	73037.786259542
2914	Büttenhardt	11.3563	78319.310344828
2915	Dörflingen	30.3973	82601.358695652
2917	Lohn (SH)	21.4692	76950.537634409
2919	Stetten (SH)	52.0585	109366.59663866
2920	Thayngen	151.3011	69308.795235914
2931	Bargen (SH)	6.854	59600
2932	Beringen	115.4162	73466.709102483
2933	Buchberg	33.4346	97761.988304094
2936	Merishausen	19.9807	69377.430555556
2937	Neuhausen am Rheinfall	283.6279	65186.830613652
2938	Rüdlingen	35.5247	119611.78451178
2939	Schaffhausen	1139.1229	71782.903774655
2951	Beggingen	11.1881	56792.385786802
2952	Schleitheim	43.5786	65828.700906344
2953	Siblingen	24.4195	69373.579545455
2961	Buch (SH)	10.8709	79349.635036496
2962	Hemishofen	13.7854	75743.956043956
2963	Ramsen	32.8373	64513.359528487
2964	Stein am Rhein	111.3333	77692.463363573
2971	Hallau	57.0248	69204.854368932
2972	Oberhallau	10.4108	65067.5
2973	Trasadingen	13.732	65703.349282297
2974	Wilchingen	48.3929	76692.393026941
3001	Herisau	451.1986	68560.796231576
3002	Hundwil	19.5937	59017.168674699
3003	Schönengrund	11.4859	58009.595959596
3004	Schwellbrunn	34.8655	64327.490774908
3005	Stein (AR)	41.036	73673.249551167
3006	Urnäsch	49.8101	58325.644028103
3007	Waldstatt	47.9647	70640.206185567
3021	Bühler	39.4352	65506.976744186
3022	Gais	96.7526	76971.042163882
3023	Speicher	151.933	84548.135781859
3024	Teufen (AR)	298.3479	105647.2733711
3025	Trogen	51.5241	76106.499261448
3031	Grub (AR)	27.3695	65010.688836104
3032	Heiden	118.1146	70180.986333928
3033	Lutzenberg	39.9963	74204.638218924
3034	Rehetobel	53.3104	73531.586206897
3035	Reute (AR)	19.5816	68228.571428571
3036	Wald (AR)	21.7937	66647.400611621
3037	Walzenhausen	61.8398	70754.919908467
3038	Wolfhalden	52.4078	73917.912552891
3101	Appenzell	204.4525	79368.206521739
3102	Gonten	40.7698	65023.60446571
3103	Rüte	110.9596	85749.304482226
3104	Schlatt-Haslen	25.9544	57933.928571429
3105	Schwende	62.1423	74244.086021505
3111	Oberegg	62.4568	75158.604091456
3201	Häggenschwil	31.0001	72261.305361305
3202	Muolen	31.9796	71542.729306488
3203	St. Gallen	2358.2227	71210.976567218
3204	Wittenbach	279.8637	71503.244762391
3211	Berg (SG)	27.062	83267.692307692
3212	Eggersriet	71.188	77631.406761178
3213	Goldach	298.1511	70718.951612903
3214	Mörschwil	177.1943	117424.98343274
3215	Rorschach	204.8182	59059.457900807
3216	Rorschacherberg	229.7421	77017.130405632
3217	Steinach	103.1271	72829.872881356
3218	Tübach	52.0593	94653.272727273
3219	Untereggen	32.2081	78941.421568627
3231	Au (SG)	217.0211	71061.263916176
3232	Balgach	152.0535	75498.262164846
3233	Berneck	118.4221	77704.790026247
3234	Diepoldsau	172.4529	73729.32877298
3235	Rheineck	85.5521	63654.836309524
3236	St. Margrethen	131.751	59615.837104072
3237	Thal	187.9331	73699.254901961
3238	Widnau	254.4669	71842.715979673
3251	Altstätten	292.4365	67615.375722543
3252	Eichberg	38.0365	71229.400749064
3253	Marbach (SG)	54.0794	74798.616874136
3254	Oberriet (SG)	215.6573	66213.478661345
3255	Rebstein	113.2466	66970.195150798
3256	Rüthi (SG)	53.8159	65629.146341463
3271	Buchs (SG)	355.0107	68258.161891944
3272	Gams	83.0714	69053.53283458
3273	Grabs	195.1908	72239.378238342
3274	Sennwald	130.0281	62906.676342525
3275	Sevelen	128.371	66068.450849202
3276	Wartau	137.0191	67397.491392032
3291	Bad Ragaz	166.3807	68160.876689881
3292	Flums	108.309	56944.794952681
3293	Mels	219.2047	64301.760046935
3294	Pfäfers	34.7222	62226.164874552
3295	Quarten	70.8468	57226.817447496
3296	Sargans	161.071	66448.432343234
3297	Vilters-Wangs	122.6471	67167.08652793
3298	Walenstadt	149.184	68276.43020595
3311	Amden	51.9867	65227.979924718
3312	Benken (SG)	67.5871	71596.504237288
3313	Kaltbrunn	114.4882	67148.504398827
3314	Rieden	20.9278	77510.37037037
3315	Schänis	92.1851	65658.903133903
3316	Weesen	50.8943	75961.641791045
3331	Ernetschwil	39.5766	70798.926654741
3332	Eschenbach (SG)	165.5732	76618.787598334
3333	Goldingen	26.3047	66426.01010101
3334	Gommiswald	83.5691	73049.912587413
3337	St. Gallenkappel	51.8267	74463.649425287
3338	Schmerikon	108.8129	75407.415107415
3339	Uznach	164.0826	74821.067031464
3340	Rapperswil-Jona	1080.2183	87481.235827664
3352	Ebnat-Kappel	119.2542	61344.75308642
3356	Stein (SG)	6.0296	56351.401869159
3358	Nesslau-Krummenau	77.2139	61086.946202532
3359	Wildhaus-Alt St. Johann	61.4082	56912.140871177
3372	Hemberg	18.4026	60139.215686275
3373	Krinau	4.5846	53309.302325581
3374	Lichtensteig	53.037	63977.080820265
3375	Oberhelfenschwil	30.1287	65927.133479212
3377	Wattwil	197.9935	63035.179879019
3378	Neckertal	88.483	57756.527415144
3391	Bütschwil	86.6051	65313.046757164
3392	Kirchberg (SG)	202.0294	67478.089512358
3393	Lütisburg	34.862	70144.869215292
3394	Mosnang	60.0416	62805.020920502
3401	Degersheim	96.0968	66919.777158774
3402	Flawil	277.802	70472.34906139
3403	Ganterschwil	27.2198	64655.106888361
3405	Jonschwil	104.4028	74308.042704626
3407	Oberuzwil	174.2837	73444.458491361
3408	Uzwil	361.9979	72327.252747253
3421	Bronschhofen	134.4261	72310.973641743
3422	Niederbüren	35.2754	69990.873015873
3423	Niederhelfenschwil	78.2304	77996.410767697
3424	Oberbüren	124.7927	74193.043995244
3425	Wil (SG)	636.6961	77193.998545102
3426	Zuzwil (SG)	171.8483	88948.395445135
3441	Andwil (SG)	55.7953	80629.046242775
3442	Gaiserwald	293.6558	85663.885647608
3443	Gossau (SG)	573.5953	72414.505744224
3444	Waldkirch	90.209	74676.324503311
3501	Alvaschein	3.0682	56818.518518518
3502	Mon	1.7263	49322.857142857
3503	Mutten	1.6139	50434.375
3504	Stierva	2.301	53511.627906977
3505	Tiefencastel	6.3026	60024.761904762
3506	Vaz/Obervaz	112.5316	64157.126567845
3511	Alvaneu	11.0987	50448.636363636
3512	Brienz/Brinzauls	3.9296	44152.808988764
3513	Lantsch/Lenz	16.7139	50957.012195122
3514	Schmitten (GR)	6.3403	53279.831932773
3515	Surava	4.778	57566.265060241
3521	Bergün/Bravuogn	12.8522	53550.833333333
3522	Filisur	11.6283	69216.071428571
3531	Bivio	6.0026	47264.566929134
3532	Cunter	6.0056	48044.8
3533	Marmorera	3.2475	124903.84615385
3534	Mulegns	0.849	60642.857142857
3536	Riom-Parsonz	7.7599	47029.696969697
3538	Salouf	5.5061	55061
3539	Savognin	28.4037	52308.839779006
3540	Sur	1.8559	43160.465116279
3541	Tinizong-Rona	9.2602	57516.770186335
3551	Brusio	27.7179	58600.21141649
3561	Poschiavo	90.1551	63534.249471459
3571	Castrisch	10.2587	59643.604651163
3572	Falera	20.6559	54501.055408971
3574	Ilanz	64.1894	70152.349726776
3575	Laax	63.0222	51742.36453202
3576	Ladir	3.385	42312.5
3577	Luven	4.44	60000
3578	Pitasch	2.1307	50730.952380952
3579	Riein	1.4842	53007.142857143
3580	Ruschein	8.9446	52307.602339181
3581	Sagogn	19.997	58130.813953488
3582	Schluein	14.0858	55022.65625
3583	Schnaus	2.1604	56852.631578947
3584	Sevgein	4.9916	66554.666666667
3586	Valendas	5.3348	53886.868686869
3587	Versam	4.5925	51027.777777778
3592	Cumbel	5.5518	58440
3593	Duvin	0.9575	43522.727272727
3594	Degen	5.6958	49963.157894737
3595	Lumbrein	8.9353	50768.75
3596	Morissen	5.2518	49545.283018868
3598	St. Martin	0.327	40875
3599	Suraua	4.9121	52256.382978723
3603	Vals	27.4454	55333.467741935
3604	Vignogn	4.0068	50718.987341772
3605	Vella	11.0749	60851.098901099
3606	Vrin	4.6878	52671.91011236
3611	Andiast	3.9561	43001.086956522
3612	Obersaxen	21.9967	50683.640552995
3613	Pigniu	1.0527	55405.263157895
3614	Rueun	10.8585	59662.087912088
3615	Siat	4.0734	60797.014925373
3616	Waltensburg/Vuorz	8.7813	50178.857142857
3617	Mundaun	8.8255	46206.806282723
3631	Almens	6.1254	72063.529411765
3633	Fürstenau	9.1674	72757.142857143
3634	Paspels	13.2959	80095.78313253
3635	Pratval	8.8984	81636.697247706
3636	Rodels	7.8665	67235.042735043
3637	Rothenbrunnen	7.5779	64219.491525424
3638	Scharans	23.7393	68610.693641619
3640	Sils im Domleschg	23.5741	73900
3651	Safien	4.3283	48632.584269663
3652	Tenna	0.9587	50457.894736842
3661	Cazis	46.2424	62659.078590786
3662	Flerden	4.5198	55800
3663	Masein	11.4181	69622.56097561
3668	Thusis	73.3042	68126.579925651
3669	Tschappina	2.3979	47017.647058824
3670	Urmein	3.8687	58616.666666667
3671	Tomils	17.0315	63314.126394052
3681	Avers	3.5738	61617.24137931
3691	Hinterrhein	1.1905	45788.461538462
3693	Nufenen	3.0853	71751.162790698
3694	Splügen	12.4255	52428.270042194
3695	Sufers	3.0711	65342.553191489
3701	Andeer	22.4899	64440.974212034
3703	Casti-Wergenstein	1.0413	69420
3705	Donat	3.7468	56769.696969697
3707	Lohn (GR)	0.5995	46115.384615385
3708	Mathon	1.0602	40776.923076923
3711	Rongellen	1.4221	56884
3712	Zillis-Reischen	9.7894	62352.866242038
3713	Ferrera	2.8181	62624.444444445
3721	Bonaduz	85.1512	76506.019766397
3722	Domat/Ems	211.2225	72336.47260274
3723	Rhäzüns	33.2993	70849.574468085
3731	Felsberg	77.0353	82302.670940171
3732	Flims	102.3341	60660.403082395
3733	Tamins	37.8519	73785.380116959
3734	Trin	35.3472	62230.985915493
3741	Ardez	12.3184	67683.516483517
3742	Guarda	4.1718	60460.869565217
3743	Lavin	7.0585	70585
3744	Susch	5.947	65351.648351648
3745	Tarasp	7.3171	39984.153005464
3746	Zernez	31.3556	71101.133786848
3751	Ramosch	11.0987	63060.795454545
3752	Samnaun	24.3831	76436.05015674
3753	Tschlin	10.643	63351.190476191
3761	Ftan	15.773	67987.068965517
3762	Scuol	68.2984	68849.193548387
3763	Sent	23.8788	63338.99204244
3781	Bever	25.6087	75541.887905605
3782	Celerina/Schlarigna	107.5602	103622.5433526
3783	Madulain	10.1271	54446.774193548
3784	Pontresina	86.3162	78326.860254083
3785	La Punt-Chamues-ch	34.5333	61012.897526502
3786	Samedan	119.5485	75855.647208122
3787	St. Moritz	295.458	93263.257575758
3788	S-chanf	26.1077	79114.242424242
3789	Sils im Engadin/Segl	34.9219	79008.823529412
3790	Silvaplana	60.7352	58343.131604227
3791	Zuoz	48.1719	68135.643564356
3792	Bregaglia	51.5705	62661.603888214
3801	Arvigo	2.2069	47976.086956522
3803	Braggio	1.2046	44614.814814815
3804	Buseno	2.8629	53016.666666667
3805	Castaneda	6.567	54272.727272727
3806	Cauco	0.8527	50158.823529412
3808	Rossa	2.9423	54487.037037037
3810	Santa Maria in Calanca	3.3297	64032.692307692
3811	Selma	0.7915	52766.666666667
3821	Lostallo	18.4574	62356.081081081
3822	Mesocco	36.3476	47266.059817945
3823	Soazza	11.5339	75880.921052632
3831	Cama	18.7856	79938.723404255
3832	Grono	26.146	68266.318537859
3833	Leggia	2.8891	56649.019607843
3834	Roveredo (GR)	61.4268	66264.077669903
3835	San Vittore	20.4025	67113.486842105
3836	Verdabbio	2.81	52037.037037037
3847	Val Müstair	37.7949	57702.13740458
3851	Davos	409.0182	69917.641025641
3861	Fideris	14.1498	62333.920704846
3862	Furna	2.6014	48174.074074074
3863	Jenaz	28.3896	61052.903225806
3871	Klosters-Serneus	148.3536	69421.431913898
3881	Conters im Prättigau	6.3201	60191.428571429
3882	Küblis	20.1829	60427.844311377
3883	Saas	17.8183	58040.06514658
3891	Luzein	27.2903	57818.43220339
3893	St. Antönien	5.9574	51356.896551724
3901	Chur	1228.2846	76830.212047288
3911	Churwalden	58.0374	60455.625
3921	Arosa	81.3802	62122.290076336
3922	Calfreisen	1.1952	59760
3923	Castiel	1.9128	59775
3924	Langwies	7.9717	55746.153846154
3925	Lüen	1.8453	65903.571428571
3926	Maladers	13.3753	58663.596491228
3927	Molinis	2.8611	59606.25
3929	Peist	3.349	49985.074626866
3931	St. Peter-Pagig	6.1792	62416.161616162
3932	Tschiertschen-Praden	8.2163	50406.748466258
3941	Haldenstein	30.6139	77503.544303798
3942	Igis	224.1405	69157.821659982
3943	Mastrils	16.0477	65500.816326531
3945	Trimmis	103.1168	80812.539184953
3946	Untervaz	69.8827	73252.306079665
3947	Zizers	102.8451	77443.59939759
3951	Fläsch	23.3823	83508.214285714
3952	Jenins	32.7312	86134.736842105
3953	Maienfeld	113.5358	86867.482785004
3954	Malans	88.0668	92023.824451411
3961	Grüsch	52.0439	67942.428198433
3962	Schiers	62.1175	67154.054054054
3972	Seewis im Prättigau	34.6785	65431.132075472
3981	Breil/Brigels	30.0926	54515.579710145
3982	Disentis/Mustér	54.4955	57973.936170213
3983	Medel (Lucmagn)	9.132	59298.701298701
3984	Schlans	1.3581	48503.571428571
3985	Sumvitg	27.4795	55514.141414141
3986	Tujetsch	53.9587	65563.426488457
3987	Trun	27.8327	55888.955823293
4001	Aarau	785.5569	78297.308880694
4002	Biberstein	68.6762	94465.199449794
4003	Buchs (AG)	241.3949	73573.575129534
4004	Densbüren	20.3635	67206.270627063
4005	Erlinsbach (AG)	140.7538	87370.453134699
4006	Gränichen	220.7833	73228.291873964
4007	Hirschthal	53.6845	83361.02484472
4008	Küttigen	226.752	84640.537513998
4009	Muhen	122.0942	74584.117287721
4010	Oberentfelden	232.6996	71954.112554113
4012	Suhr	298.8688	73288.08239333
4013	Unterentfelden	133.6154	78504.935370153
4021	Baden	797.6158	87362.081051479
4022	Bellikon	78.3993	101291.08527132
4023	Bergdietikon	130.2707	110586.3327674
4024	Birmenstorf (AG)	104.3866	87134.056761269
4026	Ennetbaden	161.5985	103522.42152466
4027	Fislisbach	186.712	77602.660016625
4028	Freienwil	34.4581	89269.689119171
4029	Gebenstorf	165.0357	77883.765927324
4030	Killwangen	71.8334	90242.964824121
4031	Künten	53.0925	77394.314868805
4032	Mägenwil	69.9559	83879.976019185
4033	Mellingen	153.1567	77508.451417004
4034	Neuenhof	221.471	65061.985898942
4035	Niederrohrdorf	145.3865	86746.121718377
4037	Oberrohrdorf	183.2433	98517.903225806
4038	Obersiggenthal	363.6042	98778.647106765
4039	Remetschwil	87.1302	103112.66272189
4040	Spreitenbach	279.3479	68283.52481056
4041	Stetten (AG)	54.3401	80503.851851852
4042	Turgi	87.6387	71308.950366151
4044	Untersiggenthal	232.5171	80483.592938733
4045	Wettingen	808.9343	81611.612187248
4046	Wohlenschwil	48.4823	79219.444444444
4047	Würenlingen	142.963	79867.597765363
4048	Würenlos	247.8205	97032.302270948
4049	Ehrendingen	152.9586	82015.335120643
4061	Arni (AG)	84.6412	104624.47466007
4062	Berikon	190.6426	90998.854415275
4063	Bremgarten (AG)	228.233	77895.221843003
4064	Büttikon	34.1952	81417.142857143
4065	Dottikon	102.8034	69368.016194332
4066	Eggenwil	37.8877	88522.663551402
4067	Fischbach-Göslikon	47.5025	80786.56462585
4068	Hägglingen	83.3349	80361.523625844
4069	Hermetschwil-Staffeln	37.8064	79425.210084034
4071	Jonen	77.3025	97358.312342569
4072	Niederwil (AG)	78.8646	79822.469635627
4073	Oberlunkhofen	96.98	105527.74755169
4074	Oberwil-Lieli	121.0532	122523.48178138
4075	Rudolfstetten-Friedlisberg	158.0169	84320.651013874
4076	Sarmenstorf	80.9304	78879.532163743
4077	Tägerig	43.747	79108.499095841
4078	Uezwil	12.8844	81033.962264151
4079	Unterlunkhofen	53.5103	90389.02027027
4080	Villmergen	198.904	72381.368267831
4081	Widen	167.8199	97343.329466357
4082	Wohlen (AG)	430.5612	72754.511659344
4083	Zufikon	164.3783	85125.996892802
4084	Islisberg	20.8318	88270.338983051
4091	Auenstein	65.016	87622.641509434
4092	Birr	109.6216	71229.109811566
4093	Birrhard	24.9452	83428.762541806
4094	Bözen	21.0831	66508.201892745
4095	Brugg	370.6546	76613.187267466
4096	Effingen	20.7701	81772.047244095
4097	Elfingen	9.8825	78432.53968254
4098	Gallenkirch	4.7037	78395
4099	Habsburg	20.3903	105104.63917526
4100	Hausen (AG)	113.2673	82256.572258533
4103	Linn	5.1691	87611.86440678
4104	Lupfig	80.0363	78543.964671246
4105	Mandach	8.8811	74009.166666667
4106	Mönthal	14.4872	76248.421052632
4107	Mülligen	30.9928	74681.445783132
4108	Oberbözberg	17.8963	84816.587677725
4109	Oberflachs	14.1501	74868.253968254
4110	Remigen	38.3673	85071.618625277
4111	Riniken	49.4998	78322.46835443
4112	Rüfenach	29.3042	80506.043956044
4113	Scherz	21.8534	78609.352517986
4114	Schinznach-Bad	39.2398	74742.476190476
4115	Schinznach-Dorf	60.5751	80874.632843792
4117	Thalheim (AG)	24.0932	72789.12386707
4119	Unterbözberg	28.0413	81515.406976744
4120	Veltheim (AG)	44.9695	73841.543513957
4121	Villigen	72.3917	79990.828729282
4122	Villnachern	48.426	77730.337078652
4123	Windisch	202.4036	74032.040965618
4131	Beinwil am See	104.7856	80790.747879722
4132	Birrwil	38.8877	79201.018329939
4133	Burg (AG)	28.1787	62898.883928571
4134	Dürrenäsch	37.6669	74440.513833992
4135	Gontenschwil	60.1115	69332.756632065
4136	Holziken	40.5441	67237.313432836
4137	Leimbach (AG)	14.4066	73880
4138	Leutwil	23.5697	74587.658227848
4139	Menziken	143.4427	66562.737819025
4140	Oberkulm	70.9954	70362.140733399
4141	Reinach (AG)	214.3843	65560.948012232
4142	Schlossrued	21.5875	64633.233532934
4143	Schmiedrued	27.3656	60276.651982379
4144	Schöftland	128.7893	73509.874429224
4145	Teufenthal (AG)	45.6446	67322.418879056
4146	Unterkulm	78.098	69113.274336283
4147	Zetzwil	40.9151	70787.370242214
4161	Eiken	68.1022	74266.303162486
4163	Frick	167.2531	77467.855488652
4164	Gansingen	30.2258	72310.526315789
4165	Gipf-Oberfrick	126.3946	87957.272094642
4166	Herznach	44.9707	79453.533568905
4167	Hornussen	25.1451	65311.948051948
4169	Kaisten	83.1908	78704.635761589
4170	Laufenburg	101.4037	77230.540746382
4172	Münchwilen (AG)	29.0126	73823.409669211
4173	Oberhof	16.3488	76040.930232558
4175	Oeschgen	27.7003	75477.656675749
4176	Schwaderloch	20.6013	69834.915254237
4177	Sisseln	47.8558	74425.816485225
4179	Ueken	26.2684	77260
4181	Wittnau	37.4416	72420.889748549
4182	Wölflinswil	28.2801	70877.443609023
4183	Zeihen	31.073	71928.240740741
4184	Mettauertal	59.0544	70386.650774732
4191	Ammerswil	26.352	85006.451612903
4192	Boniswil	49.5485	82580.833333333
4193	Brunegg	24.2399	74355.521472393
4194	Dintikon	64.66	78470.873786408
4195	Egliswil	46.7294	79743.003412969
4196	Fahrwangen	55.6723	70116.246851385
4197	Hallwil	22.8257	64662.039660057
4198	Hendschiken	27.7745	73283.64116095
4199	Holderbank (AG)	32.4863	70469.197396963
4200	Hunzenschwil	110.9244	71105.384615385
4201	Lenzburg	330.3469	82401.322025443
4202	Meisterschwanden	118.0069	92918.818897638
4203	Möriken-Wildegg	150.6489	84491.811553561
4204	Niederlenz	127.3004	75014.967589864
4205	Othmarsingen	72.6875	73126.257545272
4206	Rupperswil	165.2613	78397.20113852
4207	Schafisheim	89.9822	77237.939914163
4208	Seengen	151.3592	91844.174757282
4209	Seon	152.3543	74500.880195599
4210	Staufen	101.4038	83049.795249795
4221	Abtwil	27.3813	79828.862973761
4222	Aristau	46.7017	82951.509769094
4223	Auw	53.6768	76900.859598854
4224	Beinwil (Freiamt)	31.1606	75816.545012165
4225	Benzenschwil	17.7613	70481.349206349
4226	Besenbüren	17.9447	78704.824561403
4227	Bettwil	18.5014	80092.640692641
4228	Boswil	79.7348	69455.400696864
4229	Bünzen	32.445	73239.27765237
4230	Buttwil	40.4658	83953.941908714
4231	Dietwil	38.8557	76941.98019802
4232	Geltwil	6.8076	97251.428571429
4233	Kallern	11.5101	83406.52173913
4234	Merenschwand	87.0465	84184.235976789
4235	Mühlau	33.1008	76093.793103448
4236	Muri (AG)	226.5635	74724.109498681
4237	Oberrüti	42.0431	80542.337164751
4238	Rottenschwil	27.2982	83994.461538462
4239	Sins	131.6272	79533.051359517
4240	Waltenschwil	84.7349	80776.83508103
4251	Hellikon	22.4479	67209.281437126
4252	Kaiseraugst	200.6713	82040.596892886
4253	Magden	155.4864	100443.41085271
4254	Möhlin	329.4584	77192.689784442
4255	Mumpf	39.5727	73692.17877095
4256	Obermumpf	29.8952	73272.549019608
4257	Olsberg	19.1292	108688.63636364
4258	Rheinfelden	443.8952	81299.487179487
4259	Schupfart	25.442	72073.654390935
4260	Stein (AG)	99.2226	76149.347659248
4261	Wallbach	75.6575	91595.036319613
4262	Wegenstetten	32.9455	74201.576576577
4263	Zeiningen	92.0078	95841.458333333
4264	Zuzgen	28.5226	87761.846153846
4271	Aarburg	198.0268	66991.47496617
4272	Attelwil	8.5694	68011.111111111
4273	Bottenwil	25.6509	73709.482758621
4274	Brittnau	111.9577	73899.471947195
4275	Kirchleerau	24.0916	65824.043715847
4276	Kölliken	130.0338	71723.000551572
4277	Moosleerau	23.0677	69481.024096386
4279	Murgenthal	82.0142	68861.628883291
4280	Oftringen	373.4128	67622.745382108
4281	Reitnau	33.9072	73233.693304536
4282	Rothrist	253.5412	71804.361370717
4283	Safenwil	103.2803	66120.550576184
4284	Staffelbach	30.3669	69172.892938497
4285	Strengelbach	134.5946	68495.979643766
4286	Uerkheim	37.5861	66642.021276596
4287	Vordemwald	51.946	66682.926829268
4288	Wiliberg	4.7061	69207.352941177
4289	Zofingen	422.6459	77849.677657027
4301	Baldingen	7.92	77647.058823529
4302	Böbikon	4.6329	71275.384615385
4303	Böttstein	102.344	72174.894217207
4304	Döttingen	113.8135	73522.932816538
4305	Endingen	65.3315	81460.72319202
4306	Fisibach	11.1345	73253.289473684
4307	Full-Reuenthal	24.2919	72730.239520958
4308	Kaiserstuhl	12.8658	73101.136363636
4309	Klingnau	102.8865	76043.237250554
4310	Koblenz	41.6402	67488.168557536
4311	Leibstadt	36.8435	72957.425742574
4312	Lengnau (AG)	83.0221	85766.632231405
4313	Leuggern	66.346	72987.898789879
4314	Mellikon	7.1279	67244.339622642
4315	Rekingen (AG)	24.1174	66807.202216066
4316	Rietheim	18.353	72541.501976285
4317	Rümikon	4.8812	61787.341772152
4318	Schneisingen	49.65	82338.308457711
4319	Siglistorf	18.5136	75565.714285714
4320	Tegerfelden	36.8599	78760.47008547
4321	Unterendingen	12.0809	85680.141843972
4322	Wislikofen	10.7124	83041.860465116
4323	Bad Zurzach	135.9756	73779.489962019
4401	Arbon	396.7186	65768.99867374
4406	Dozwil	15.6955	67945.887445888
4411	Egnach	131.7952	78824.880382775
4416	Hefenhofen	29.6662	67576.765375854
4421	Horn	102.8447	80284.699453552
4426	Kesswil	32.1264	78357.073170732
4431	Roggwil (TG)	100.2702	85191.333899745
4436	Romanshorn	292.4593	67016.338221815
4441	Salmsach	36.121	66521.178637201
4446	Sommeri	13.7632	66169.230769231
4451	Uttwil	63.2222	83849.071618037
4461	Amriswil	327.6496	63956.587936756
4471	Bischofszell	151.059	66958.776595745
4476	Erlen	81.9153	68433.834586466
4486	Hauptwil-Gottshaus	50.522	69685.517241379
4495	Hohentannen	15.4457	72176.168224299
4501	Kradolf-Schönenberg	88.125	64797.794117647
4506	Sulgen	97.4279	66277.482993197
4511	Zihlschlacht-Sitterdorf	66.0218	83046.289308176
4536	Basadingen-Schlattingen	51.4144	73765.279770445
4545	Diessenhofen	109.0747	72330.702917772
4546	Schlatt (TG)	46.7158	74745.28
4551	Aadorf	272.1303	74454.254445964
4561	Felben-Wellhausen	80.0443	74046.530989824
4566	Frauenfeld	861.6246	77054.605616169
4571	Gachnang	123.3057	86227.762237762
4590	Hüttlingen	24.6782	68933.519553073
4591	Matzingen	73.2253	73225.3
4601	Neunforn	37.2153	81079.08496732
4606	Stettfurt	42.3247	96192.5
4611	Thundorf	41.5259	71968.63084922
4616	Uesslingen-Buch	35.2422	77455.384615385
4621	Warth-Weiningen	57.9257	106091.02564103
4641	Altnau	69.1315	82594.384707288
4643	Bottighofen	123.491	124361.53071501
4646	Ermatingen	125.6531	95263.912054587
4651	Gottlieben	13.0894	94850.724637681
4656	Güttingen	42.7781	74010.553633218
4666	Kemmental	68.2564	75504.867256637
4671	Kreuzlingen	604.1266	72541.618635927
4681	Langrickenbach	29.0113	66846.313364055
4683	Lengwil	38.787	71168.80733945
4691	Münsterlingen	103.0892	82208.293460925
4696	Tägerwilen	129.0689	78461.337386018
4701	Wäldi	28.0342	67067.464114833
4711	Affeltrangen	63.7795	69400.979325354
4716	Bettwiesen	36.1292	78201.731601732
4721	Bichelsee-Balterswil	77.6882	70948.127853881
4723	Braunau	19.4787	76687.795275591
4724	Eschlikon	137.7728	78907.674684994
4726	Fischingen	76.1359	72718.147086915
4741	Lommis	37.4555	87308.857808858
4746	Münchwilen (TG)	151.1854	74585.791810557
4751	Rickenbach (TG)	77.2353	65676.275510204
4756	Schönholzerswilen	17.4872	64291.176470588
4761	Sirnach	225.7031	73185.181582361
4776	Tobel-Tägerschen	38.2652	65410.598290598
4781	Wängi	134.4187	77341.024165708
4786	Wilen (TG)	66.3683	80251.874244256
4791	Wuppenau	28.1467	75663.172043011
4801	Berlingen	33.5862	79026.352941177
4806	Eschenz	48.2583	66839.750692521
4811	Herdern	28.3657	74061.879895561
4816	Homburg	44.2128	75836.706689537
4821	Hüttwilen	53.8506	82974.730354391
4826	Mammern	21.0238	89462.978723404
4831	Müllheim	72.1297	70577.005870842
4841	Pfyn	58.2329	72519.178082192
4846	Raperswilen	11.0226	68891.25
4851	Salenstein	64.8953	104669.83870968
4864	Steckborn	113.0305	73539.687703318
4871	Wagenhausen	45.3539	67190.962962963
4881	Amlikon-Bissegg	36.3508	72267.992047714
4891	Berg (TG)	94.7233	75597.206703911
4901	Birwinken	33.2405	67976.482617587
4911	Bürglen (TG)	92.4297	63965.190311419
4921	Bussnang	55.7021	68012.332112332
4941	Märstetten	80.5296	78642.1875
4946	Weinfelden	360.3195	73549.601959584
4951	Wigoltingen	63.8064	69354.782608696
5001	Arbedo-Castione	130.114	70180.151024811
5002	Bellinzona	523.9932	70240.375335121
5003	Cadenazzo	56.1412	64088.127853881
5004	Camorino	84.3516	75992.432432432
5005	Giubiasco	241.3951	69908.803938604
5006	Gnosca	20.3038	74646.323529412
5007	Gorduno	21.2351	69852.302631579
5008	Gudo	25.8568	72836.056338028
5009	Isone	11.324	57482.233502538
5010	Lumino	41.1515	71319.757365685
5012	Moleno	3.2458	61241.509433962
5013	Monte Carasso	79.8224	72764.266180492
5014	Pianezzo	20.3066	67463.787375415
5015	Preonzo	16.7992	65879.215686275
5017	Sant'Antonino	61.2734	67930.598669623
5018	Sant'Antonio	5.7434	54699.047619048
5019	Sementina	97.0914	75734.321372855
5040	Ludiano	7.9121	57334.057971015
5041	Malvaglia	34.5387	55085.645933014
5046	Semione	9.7547	59479.87804878
5048	Acquarossa	44.7346	54289.563106796
5049	Blenio	43.9217	53628.449328449
5061	Airolo	44.6981	64221.408045977
5062	Anzonico	3.1302	55896.428571429
5063	Bedretto	4.7956	108990.90909091
5064	Bodio	23.147	63070.844686649
5066	Calpiogna	1.6224	46354.285714286
5067	Campello	1.7528	27387.5
5068	Cavagnago	2.4478	42943.859649123
5070	Chironico	9.3786	56159.281437126
5071	Dalpe	8.935	92113.402061856
5072	Faido	50.6819	60842.617046819
5073	Giornico	21.975	59231.805929919
5074	Mairengo	11.1219	72220.12987013
5075	Osco	4.1734	54913.157894737
5076	Personico	9.3983	63934.013605442
5077	Pollegio	19.7696	64818.360655738
5078	Prato (Leventina)	12.245	68407.82122905
5079	Quinto	27.9	59361.70212766
5081	Sobrio	1.7412	41457.142857143
5091	Ascona	238.3459	74436.570893192
5095	Brione (Verzasca)	4.6219	57773.75
5096	Brione sopra Minusio	26.5273	82382.919254658
5097	Brissago	77.7517	58636.274509804
5099	Cavigliano	21.9356	73609.395973154
5102	Corippo	1.4788	134436.36363636
5105	Frasco	2.0176	50440
5108	Gordola	124.0334	69564.441951767
5109	Gresso	0.9981	49905
5112	Lavertezzo	28.8183	61577.564102564
5113	Locarno	415.7232	63673.334354419
5115	Losone	188.6721	68883.570646221
5117	Mergoscia	4.7758	39798.333333333
5118	Minusio	260.2718	72640.747976556
5119	Mosogno	1.1878	45684.615384615
5120	Muralto	101.2583	68233.355795148
5121	Orselina	31.9664	73825.404157044
5125	Ronco sopra Ascona	40.7581	73570.577617328
5129	Sonogno	2.3157	51460
5130	Tegna	29.6352	87678.106508876
5131	Tenero-Contra	70.0895	64479.760809568
5132	Vergeletto	1.8308	44653.658536585
5133	Verscio	32.6592	77945.584725537
5135	Vogorno	7.7255	48588.050314465
5136	Onsernone	5.9625	41695.804195804
5137	Isorno	7.3694	42352.873563218
5138	Cugnasco-Gerra	87.8293	73868.208578637
5141	Agno	131.2574	76445.777518928
5143	Aranno	11.6249	86752.985074627
5144	Arogno	26.4242	68279.586563308
5146	Astano	8.8726	60771.232876712
5148	Bedano	46.2553	78531.918505942
5149	Bedigliora	17.3714	67592.996108949
5151	Bioggio	90.2317	82403.378995434
5154	Bissone	47.2053	92559.411764706
5155	Bogno	3.4549	52346.96969697
5160	Brusino Arsizio	18.0099	64551.612903226
5161	Cademario	25.6983	80812.264150943
5162	Cadempino	54.4712	89150.900163666
5163	Cadro	80.1672	86949.240780911
5167	Canobbio	62.971	78713.75
5169	Carabietta	7.436	107768.11594203
5170	Carona	35.1232	84228.29736211
5171	Caslano	114.442	69569.604863222
5173	Certara	1.2131	48524
5174	Cimadera	2.9621	48559.016393443
5176	Comano	102.4328	116400.90909091
5178	Croglio	27.8822	71309.974424552
5180	Cureglia	71.3502	119115.52587646
5181	Curio	14.9002	66223.111111111
5186	Grancia	13.2779	66389.5
5187	Gravesano	44.1586	82849.155722326
5189	Lamone	40.0295	61965.170278638
5192	Lugano	2077.2105	84922.751430908
5193	Magliaso	54.385	82903.963414634
5194	Manno	52.2025	96137.200736648
5195	Maroggia	25.2864	74811.834319527
5196	Massagno	204.1379	80623.183254344
5197	Melano	40.1932	70887.477954145
5198	Melide	63.9388	74957.56154748
5199	Mezzovico-Vira	41.2299	78235.104364326
5200	Miglieglia	6.6117	57997.368421053
5202	Monteggio	22.899	59945.02617801
5203	Morcote	56.0274	104528.73134328
5205	Muzzano	35.0556	100158.85714286
5206	Neggio	14.0281	89923.717948718
5207	Novaggio	23.7065	68714.492753623
5208	Origlio	62.0526	108864.21052632
5210	Paradiso	130.874	78508.698260348
5212	Ponte Capriasca	69.665	94269.282814614
5213	Ponte Tresa	25.6113	60690.28436019
5214	Porza	92.6838	134714.8255814
5216	Pura	45.1903	75569.06354515
5219	Rovio	27.8118	75781.471389646
5221	Savosa	82.3132	88318.884120172
5222	Sessa	17.5329	62617.5
5224	Sonvico	70.5439	87850.435865504
5225	Sorengo	79.163	115397.95918367
5226	Capriasca	194.2057	73983.123809524
5227	Torricella-Taverne	82.7915	72180.906713165
5229	Valcolla	15.7168	58644.776119403
5230	Vernate	26.6902	90169.594594595
5231	Vezia	69.3964	85148.957055215
5233	Vico Morcote	27.9886	101407.97101449
5236	Collina d'Oro	253.3174	123388.89430102
5237	Alto Malcantone	40.5616	67043.966942149
5238	Monteceneri	109.5268	65624.206111444
5242	Balerna	93.4162	67013.055954089
5243	Besazio	31.368	123496.06299213
5249	Castel San Pietro	80.0445	87576.039387308
5250	Chiasso	198.433	59127.830750894
5251	Coldrerio	85.8062	73026.553191489
5253	Ligornetto	53.8478	78381.077147016
5254	Mendrisio	390.6797	77577.382843527
5255	Meride	11.5318	72073.75
5257	Morbio Inferiore	133.5107	74008.148558758
5260	Novazzano	88.5669	82464.525139665
5263	Riva San Vitale	81.2069	72441.480820696
5266	Stabio	119.1025	71878.394689197
5268	Vacallo	106.8821	80241.816816817
5269	Breggia	63.4725	73293.879907621
5281	Biasca	143.1008	63067.78316439
5282	Claro	73.4315	74023.689516129
5283	Cresciano	14.1274	58137.448559671
5284	Iragna	13.1507	58447.555555556
5285	Lodrino	42.2151	70124.750830565
5286	Osogna	22.7298	62444.505494506
5304	Bosco/Gurin	1.4611	54114.814814815
5307	Campo (Vallemaggia)	1.1187	33900
5309	Cerentino	1.2337	53639.130434783
5310	Cevio	28.3275	53347.457627119
5315	Linescio	1.7881	63860.714285714
5317	Maggia	61.2306	59274.54017425
5323	Lavizzara	13.9607	53082.509505703
5324	Avegno Gordevio	33.7514	64906.538461538
5397	Centovalli	30.9517	55172.370766488
5398	Gambarogno	149.0897	56752.835934526
5401	Aigle	224.313	66799.58308517
5402	Bex	153.7548	66647.074122237
5403	Chessel	9.2672	72400
5404	Corbeyrier	11.6607	67015.517241379
5405	Gryon	47.4246	49144.663212435
5406	Lavey-Morcles	21.1628	60638.395415473
5407	Leysin	59.3535	52571.744906997
5408	Noville	23.8077	87851.291512915
5409	Ollon	261.5961	69908.097274185
5410	Ormont-Dessous	27.0705	54909.736308316
5411	Ormont-Dessus	49.3663	49218.644067797
5412	Rennaz	18.83	71325.757575758
5413	Roche (VD)	29.8691	67121.573033708
5414	Villeneuve (VD)	123.7515	68257.859900717
5415	Yvorne	33.9309	76078.251121076
5421	Apples	46.0249	94701.440329218
5422	Aubonne	126.1264	109294.97400347
5423	Ballens	13.7158	72956.382978723
5424	Berolle	8.7882	87882
5425	Bière	37.3207	67244.504504504
5426	Bougy-Villars	30.909	162678.94736842
5427	Féchy	48.8252	148404.86322188
5428	Gimel	52.2365	82652.689873418
5429	Longirod	16.1275	91115.81920904
5430	Marchissy	13.8935	90807.189542484
5431	Mollens (VD)	8.2639	74449.54954955
5432	Montherod	19.5507	102898.42105263
5434	Saint-George	33.4147	95744.126074499
5435	Saint-Livres	22.2517	93889.029535865
5436	Saint-Oyens	10.2261	88922.608695652
5437	Saubraz	10.4923	87435.833333333
5451	Avenches	81.8739	66402.189781022
5456	Cudrefin	44.5178	83366.666666667
5458	Faoug	28.7825	84904.12979351
5464	Vully-les-Lacs	82.0345	79107.521697203
5471	Bettens	13.7979	98556.428571429
5472	Bournens	13.3877	97012.31884058
5473	Boussens	33.0793	95329.39481268
5474	La Chaux (Cossonay)	12.7999	87074.149659864
5475	Chavannes-le-Veyron	3.9289	77037.254901961
5476	Chevilly	9.196	91960
5477	Cossonay	109.7684	84632.536622976
5478	Cottens (VD)	16.5065	92733.146067416
5479	Cuarnens	13.3318	84915.923566879
5480	Daillens	37.2832	99687.700534759
5481	Dizy	7.3801	95845.454545455
5482	Eclépens	42.8401	103478.50241546
5483	Ferreyres	11.5725	111274.03846154
5484	Gollion	22.7098	83186.080586081
5485	Grancy	16.5279	109456.29139073
5486	L'Isle	30.9498	74398.557692308
5487	Lussery-Villars	12.497	71005.681818182
5488	Mauraz	1.5451	73576.190476191
5489	Mex (VD)	34.8663	110336.39240506
5490	Moiry	7.4066	81391.208791209
5491	Mont-la-Ville	9.5402	71195.52238806
5492	Montricher	85.1923	256603.31325301
5493	Orny	9.8089	74309.848484848
5494	Pampigny	33.5466	87134.025974026
5495	Penthalaz	98.6844	77399.529411765
5496	Penthaz	61.2898	88569.075144509
5497	Pompaples	20.3498	77670.992366412
5498	La Sarraz	73.0285	79551.74291939
5499	Senarclens	18.1043	109062.04819277
5500	Sévery	7.4424	83622.471910112
5501	Sullens	33.9591	93551.239669421
5503	Vufflens-la-Ville	54.2782	102799.62121212
5511	Assens	37.8814	93534.320987654
5512	Bercher	36.854	87747.619047619
5513	Bioley-Orjulaz	16.4951	87275.661375661
5514	Bottens	42.0597	86542.592592593
5515	Bretigny-sur-Morrens	26.9289	81850.759878419
5516	Cugy (VD)	91.2807	96695.656779661
5518	Echallens	169.0286	83265.320197044
5520	Essertines-sur-Yverdon	30.2912	85568.361581921
5521	Etagnières	33.0509	88371.390374332
5522	Fey	17.6093	75576.394849785
5523	Froideville	69.0897	91267.767503303
5527	Morrens (VD)	43.323	98910.95890411
5529	Oulens-sous-Echallens	18.9081	90038.571428571
5530	Pailly	15.1767	89274.705882353
5531	Penthéréaz	13.7696	91189.40397351
5533	Poliez-Pittet	22.932	78000
5534	Rueyres	7.52	82637.362637363
5535	Saint-Barthélemy (VD)	21.8051	80461.623616236
5537	Villars-le-Terroir	29.8726	82979.444444444
5539	Vuarrens	20.012	80693.548387097
5540	Montilliez	50.0862	86355.517241379
5541	Goumoëns	31.6575	88182.451253482
5551	Bonvillars	15.7137	84938.918918919
5552	Bullet	17.9105	64426.258992806
5553	Champagne	27.2798	78843.352601156
5554	Concise	24.3452	76798.738170347
5555	Corcelles-près-Concise	9.4278	78565
5556	Fiez	12.966	89420.689655172
5557	Fontaines-sur-Grandson	5.3705	85246.031746032
5559	Giez	14.7876	97286.842105263
5560	Grandevent	6.3412	83436.842105263
5561	Grandson	103.7995	82840.782122905
5562	Mauborget	2.8539	69607.317073171
5563	Mutrux	3.8066	70492.592592593
5564	Novalles	3.1664	71963.636363636
5565	Onnens (VD)	15.6707	82477.368421053
5566	Provence	8.9826	58709.803921569
5568	Sainte-Croix	107.0667	57224.318546232
5571	Tévenon	20.885	70796.610169491
5581	Belmont-sur-Lausanne	164.7399	118859.95670996
5582	Cheseaux-sur-Lausanne	142.525	85703.547805171
5583	Crissier	198.3149	82665.652355148
5584	Epalinges	380.4617	112197.49336479
5585	Jouxtens-Mézery	92.1031	175769.27480916
5586	Lausanne	3837.0151	76682.023662017
5587	Le Mont-sur-Lausanne	273.2454	110002.17391304
5588	Paudex	89.2669	144678.93030794
5589	Prilly	328.9774	69669.080897925
5590	Pully	982.4844	123863.38880484
5591	Renens (VD)	455.8641	67117.800353357
5592	Romanel-sur-Lausanne	109.9391	78922.541277818
5601	Chexbres	90.1401	90050.04995005
5604	Forel (Lavaux)	67.3256	85114.538558786
5606	Lutry	576.7443	133105.07731364
5607	Puidoux	89.7787	87079.243452958
5609	Rivaz	14.709	100746.57534247
5610	Saint-Saphorin (Lavaux)	14.8223	94409.554140127
5611	Savigny	131.7423	97012.002945508
5613	Bourg-en-Lavaux	251.8364	114941.30534003
5621	Aclens	17.8139	83633.333333333
5622	Bremblens	23.8078	118446.76616915
5623	Buchillon	46.4182	190238.52459016
5624	Bussigny-près-Lausanne	250.643	80411.613731152
5625	Bussy-Chardonney	14.8718	104730.98591549
5627	Chavannes-près-Renens	148.6198	66112.010676157
5628	Chigny	16.829	142618.6440678
5629	Clarmont	4.9336	85062.068965517
5631	Denens	34.3622	120569.12280702
5632	Denges	54.7963	93509.044368601
5633	Echandens	104.028	107134.91246138
5634	Echichens	108.7776	112839.8340249
5635	Ecublens (VD)	343.139	81274.040738986
5636	Etoy	103.1477	105684.11885246
5637	Lavigny	28.0313	96994.117647059
5638	Lonay	119.4017	116831.40900196
5639	Lully (VD)	41.3924	137060.92715232
5640	Lussy-sur-Morges	53.821	250330.23255814
5642	Morges	523.4088	80462.536510377
5643	Préverenges	225.0348	104862.4417521
5644	Reverolle	13.8661	102711.85185185
5645	Romanel-sur-Morges	20.6718	103359
5646	Saint-Prex	227.3961	106259.85981308
5648	Saint-Sulpice (VD)	193.2169	140726.07428988
5649	Tolochenaz	61.0468	88730.813953488
5650	Vaux-sur-Morges	44.3934	739890
5651	Villars-Sainte-Croix	28.9967	100334.60207612
5652	Villars-sous-Yens	24.1404	104958.26086957
5653	Vufflens-le-Château	45.2575	157144.09722222
5654	Vullierens	16.5953	89222.043010753
5655	Yens	47.1812	113416.34615385
5661	Boulens	9.229	80252.173913044
5662	Brenles	4.8916	82908.474576271
5663	Bussy-sur-Moudon	5.9705	67846.590909091
5664	Chapelle-sur-Moudon	11.0277	67654.601226994
5665	Chavannes-sur-Moudon	5.4123	73139.189189189
5666	Chesalles-sur-Moudon	4.3452	66849.230769231
5667	Correvon	3.4904	75878.260869565
5668	Cremin	1.1853	51534.782608696
5669	Curtilles	7.7961	67792.173913044
5670	Denezy	4.573	61797.297297297
5671	Dompierre (VD)	6.3137	67167.021276596
5672	Forel-sur-Lucens	5.0779	75789.552238806
5673	Hermenches	9.9957	74042.222222222
5674	Lovatens	3.8242	63736.666666667
5675	Lucens	65.5339	64565.418719212
5676	Martherenges	2.0555	82220
5678	Moudon	103.0481	65510.55308328
5679	Neyruz-sur-Moudon	3.6451	75939.583333333
5680	Ogens	8.1209	70007.75862069
5682	Peyres-Possens	3.8488	69978.181818182
5683	Prévonloup	3.652	67629.62962963
5684	Rossenges	2.099	110473.68421053
5685	Saint-Cierges	16.1193	80195.52238806
5686	Sarzens	1.8663	74652
5688	Syens	4.4358	88716
5689	Thierrens	18.4262	68245.185185185
5690	Villars-le-Comte	3.7732	67378.571428571
5692	Vucherens	17.8301	78202.192982456
5701	Arnex-sur-Nyon	11.7668	173041.17647059
5702	Arzier	109.4032	126331.63972286
5703	Bassins	50.1717	111492.66666667
5704	Begnins	79.8716	116942.31332357
5705	Bogis-Bossey	44.3446	144916.99346405
5706	Borex	53.1355	154015.94202899
5707	Chavannes-de-Bogis	54.7919	146502.40641711
5708	Chavannes-des-Bois	44.2633	160957.45454545
5709	Chéserex	69.6955	144596.47302905
5710	Coinsins	19.9385	122322.08588957
5711	Commugny	157.8373	165795.48319328
5712	Coppet	204.7281	180855.21201413
5713	Crans-près-Céligny	152.0057	184921.77615572
5714	Crassier	53.2979	129994.87804878
5715	Duillier	55.677	132249.40617577
5716	Eysins	53.6492	108821.90669371
5717	Founex	213.1928	188166.63724625
5718	Genolier	115.4535	161247.90502793
5719	Gingins	69.55	145807.1278826
5720	Givrins	54.572	149512.32876712
5721	Gland	434.645	98872.838944495
5722	Grens	15.5758	128725.61983471
5723	Mies	122.6964	189054.54545455
5724	Nyon	759.2259	98883.28991925
5725	Prangins	213.3812	141405.6991385
5726	La Rippe	55.4592	140048.48484848
5727	Saint-Cergue	79.2544	81537.448559671
5728	Signy-Avenex	26.0001	130000.5
5729	Tannay	94.5662	174155.06445672
5730	Trélex	81.9537	165563.03030303
5731	Le Vaud	49.6207	110513.80846325
5732	Vich	40.0503	125157.1875
5741	L'Abergement	7.8359	81623.958333333
5742	Agiez	7.4486	74486
5743	Arnex-sur-Orbe	18.0251	75735.714285714
5744	Ballaigues	27.1037	71325.526315789
5745	Baulmes	28.5249	73328.791773779
5746	Bavois	22.1728	71989.61038961
5747	Bofflens	5.6863	71978.481012658
5748	Bretonnières	5.8871	71793.902439024
5749	Chavornay	99.7168	74360.029828486
5750	Les Clées	5.5782	85818.461538462
5751	Corcelles-sur-Chavornay	10.3503	77821.804511278
5752	Croy	9.8951	73297.037037037
5754	Juriens	8.6835	76171.052631579
5755	Lignerolle	11.4596	73932.903225806
5756	Montcherand	15.7667	88576.966292135
5757	Orbe	170.0408	72327.009783071
5758	La Praz	4.3017	75468.421052632
5759	Premier	5.4915	68643.75
5760	Rances	13.8366	81873.372781065
5761	Romainmôtier-Envy	11.2733	63333.146067416
5762	Sergey	3.7863	71439.622641509
5763	Valeyres-sous-Rances	16.8075	84886.363636364
5764	Vallorbe	84.6925	64848.774885146
5765	Vaulion	12.294	61470
5766	Vuiteboeuf	12.2922	69842.045454545
5781	Bussigny-sur-Oron	3.1565	101822.58064516
5782	Carrouge (VD)	28.5486	78646.280991736
5783	Châtillens	11.7497	72084.049079755
5784	Chesalles-sur-Oron	6.9238	74449.462365591
5785	Corcelles-le-Jorat	14.7017	79900.543478261
5786	Les Cullayes	28.5355	101912.5
5787	Ecoteaux	10.3613	82890.4
5788	Essertes	10.4163	88273.728813559
5789	Ferlens (VD)	10.4863	85254.471544716
5790	Maracon	14.3646	81617.045454545
5791	Mézières (VD)	40.3195	88226.47702407
5792	Montpreveyres	17.4265	86269.801980198
5793	Oron-la-Ville	40.4231	73630.418943534
5794	Oron-le-Châtel	8.7397	90100
5795	Palézieux	33.3833	67169.617706237
5798	Ropraz	11.529	75848.684210526
5799	Servion	39.0284	91831.529411765
5800	Les Tavernes	4.1926	82207.843137255
5801	Les Thioleyres	6.4235	82352.564102564
5802	Vuibroye	4.4574	87400
5803	Vulliens	14.3165	80884.18079096
5804	Jorat-Menthue	43.0147	81621.821631879
5812	Champtauroz	2.8733	65302.272727273
5813	Chevroux	11.5198	72451.572327044
5816	Corcelles-près-Payerne	51.2755	71414.3454039
5817	Grandcour	22.7024	73709.090909091
5819	Henniez	7.7544	67429.565217391
5821	Missy	7.6943	65205.93220339
5822	Payerne	207.0504	67333.463414634
5827	Trey	6.9336	75365.217391304
5828	Treytorrens (Payerne)	3.0351	65980.434782609
5830	Villarzel	11.0385	68990.625
5831	Valbroye	71.6597	70670.315581854
5841	Château-d'Oex	89.4712	56555.752212389
5842	Rossinière	12.6578	64252.791878173
5843	Rougemont	44.276	74664.418212479
5851	Allaman	17.7284	108100
5852	Bursinel	30.1425	157814.13612565
5853	Bursins	35.8755	112110.9375
5854	Burtigny	11.4378	95315
5855	Dully	45.582	206253.39366516
5856	Essertines-sur-Rolle	24.6348	113524.42396313
5857	Gilly	50.1899	129689.66408269
5858	Luins	27.9817	120610.77586207
5859	Mont-sur-Rolle	118.9085	119746.72708963
5860	Perroy	71.0897	127859.17266187
5861	Rolle	224.1524	102259.30656934
5862	Tartegnin	8.0086	101374.6835443
5863	Vinzel	16.4208	135709.09090909
5871	L'Abbaye	43.8569	77077.152899824
5872	Le Chenit	126.354	70470.719464585
5873	Le Lieu	27.3122	71685.564304462
5881	Blonay	292.9482	117981.55457108
5882	Chardonne	130.4644	102566.35220126
5883	Corseaux	116.0306	120114.49275362
5884	Corsier-sur-Vevey	101.0179	74551.955719557
5885	Jongny	69.9148	110975.87301587
5886	Montreux	799.3181	76038.632039574
5888	Saint-Légier-La Chiésaz	253.3865	130611.59793814
5889	La Tour-de-Peilz	434.5161	91131.73238255
5890	Vevey	505.9342	73558.330910148
5891	Veytaux	33.8698	77683.027522936
5902	Belmont-sur-Yverdon	9.2855	76110.655737705
5903	Bioley-Magnoux	4.8404	67227.777777778
5904	Chamblon	23.1298	94794.262295082
5905	Champvent	12.9022	90860.563380282
5906	Chanéaz	3.3165	89635.135135135
5907	Chavannes-le-Chêne	7.5556	72650
5908	Chêne-Pâquier	3.6088	80195.555555556
5909	Cheseaux-Noréaz	31.0929	116452.80898876
5910	Cronay	10.4512	74121.985815603
5911	Cuarny	5.2129	72401.388888889
5912	Démoret	4.4627	69729.6875
5913	Donneloye	19.3377	83352.155172414
5914	Ependes (VD)	9.6528	74252.307692308
5915	Essert-Pittet	3.9579	77605.882352941
5916	Essert-sous-Champvent	4.7079	87183.333333333
5919	Mathod	16.1528	80362.189054726
5921	Molondin	5.6603	65060.91954023
5922	Montagny-près-Yverdon	23.7178	85010.035842294
5923	Oppens	5.2147	75575.362318841
5924	Orges	9.5888	80578.151260504
5925	Orzens	6.0618	74837.037037037
5926	Pomy	23.747	90292.775665399
5927	Prahins	3.3634	68640.816326531
5928	Rovray	4.1916	65493.75
5929	Suchy	14.6917	90689.506172839
5930	Suscévaz	5.9939	73998.765432099
5931	Treycovagnes	15.8582	84803.20855615
5932	Ursins	7.8428	94491.56626506
5933	Valeyres-sous-Montagny	23.0453	83801.090909091
5934	Valeyres-sous-Ursins	6.9943	85296.341463415
5935	Villars-Epeney	4.2122	135877.41935484
5936	Villars-sous-Champvent	1.8926	90123.809523809
5937	Vugelles-La Mothe	2.7244	69856.41025641
5938	Yverdon-les-Bains	691.0207	67069.853440745
5939	Yvonand	74.0787	76369.793814433
6001	Birgisch	5.9961	63116.842105263
6002	Brig-Glis	392.8323	71934.132942685
6004	Eggerberg	8.5628	62961.764705882
6006	Mund	14.2698	61774.025974026
6007	Naters	244.8776	63161.619809131
6008	Ried-Brig	56.7387	71279.773869347
6009	Simplon	9.5552	64562.162162162
6010	Termen	25.5631	70616.298342541
6011	Zwischbergen	2.3079	57697.5
6021	Ardon	63.2973	66349.371069182
6022	Chamoson	87.4907	61569.809992963
6023	Conthey	204.9087	64660.366046071
6024	Nendaz	181.8626	47595.550902905
6025	Vétroz	129.7559	77052.197149644
6031	Bagnes	382.6862	69554.016721192
6032	Bourg-Saint-Pierre	4.5603	53026.744186046
6033	Liddes	14.1298	53521.96969697
6034	Orsières	73.9643	54828.984432913
6035	Sembrancher	20.2301	53803.457446808
6036	Vollèges	39.5406	61019.444444445
6052	Bellwald	11.1022	29605.866666667
6054	Binn	3.278	50430.769230769
6055	Blitzingen	2.4396	37532.307692308
6056	Ernen	13.584	41414.634146342
6057	Fiesch	26.6447	48269.384057971
6058	Fieschertal	7.4204	48818.421052632
6061	Lax	6.2931	32606.735751295
6064	Niederwald	0.9133	57081.25
6073	Grafschaft	4.434	45244.897959184
6074	Münster-Geschinen	12.3978	54138.864628821
6075	Reckingen-Gluringen	9.9074	49290.547263682
6076	Obergoms	15.4922	52694.557823129
6081	Les Agettes	8.9362	40435.294117647
6082	Ayent	109.4494	47628.111401218
6083	Evolène	45.4804	49061.9201726
6084	Hérémence	44.974	49098.253275109
6087	Saint-Martin (VS)	22.1887	54384.068627451
6089	Vex	56.9707	42325.928677563
6090	Mont-Noble	28.6381	50508.11287478
6101	Agarn	18.3622	63979.790940767
6102	Albinen	6.1534	42731.944444444
6104	Ergisch	4.865	59329.268292683
6105	Erschmatt	7.2029	57165.873015873
6109	Inden	2.8281	48760.344827586
6110	Leuk	90.0261	60951.997291808
6111	Leukerbad	37.5333	43796.149358226
6112	Oberems	2.3788	54063.636363636
6113	Salgesch	37.7556	71102.824858757
6114	Turtmann	25.1165	59377.06855792
6115	Unterems	4.1033	51291.25
6116	Varen	16.6378	59209.252669039
6117	Guttet-Feschel	10.6335	52381.773399015
6118	Gampel-Bratsch	50.1379	63066.540880503
6131	Bovernier	20.1377	59228.529411765
6132	Charrat	32.2989	64212.524850895
6133	Fully	204.2679	69644.698261166
6134	Isérables	22.9795	50393.640350877
6135	Leytron	81.2658	60286.201780415
6136	Martigny	467.6818	70487.083647325
6137	Martigny-Combe	59.4405	61852.757544225
6139	Riddes	65.5029	49398.86877828
6140	Saillon	55.5114	65693.964497041
6141	Saxon	100.8385	61300
6142	Trient	3.9501	62700
6151	Champéry	44.1201	48166.048034935
6152	Collombey-Muraz	197.0268	72462.964325119
6153	Monthey	465.9677	67142.319884726
6154	Port-Valais	96.4744	66078.356164384
6155	Saint-Gingolph	25.9949	57766.444444445
6156	Troistorrents	130.3157	63106.876513317
6157	Val-d'Illiez	50.6204	48580.038387716
6158	Vionnaz	60.5975	59409.31372549
6159	Vouvry	97.8803	65912.65993266
6171	Betten	13.8688	37996.712328767
6172	Bister	1.118	34937.5
6173	Bitsch	23.4813	61630.708661417
6177	Grengiols	9.0688	49828.571428571
6178	Martisberg	0.3719	26564.285714286
6181	Riederalp	15.1739	37652.357320099
6191	Ausserberg	17.0556	64850.190114068
6192	Blatten	7.0876	50989.928057554
6193	Bürchen	19.2784	48075.810473816
6194	Eischoll	11.9749	51839.393939394
6195	Ferden	6.2968	57243.636363636
6197	Kippel	9.7714	52253.475935829
6198	Niedergesteln	20.3448	67590.697674419
6199	Raron	49.2124	67138.335607094
6201	Unterbäch	11.5629	52558.636363636
6202	Wiler (Lötschen)	12.8162	46101.438848921
6203	Mörel-Filet	17.9314	49534.254143646
6204	Steg-Hohtenn	46.4659	66190.740740741
6211	Collonges	15.0805	58451.550387597
6212	Dorénaz	18.8494	61599.346405229
6213	Evionnaz	28.1372	60903.03030303
6214	Finhaut	12.9267	61263.981042654
6215	Massongex	41.6442	67714.146341463
6216	Mex (VS)	3.0034	49236.065573771
6217	Saint-Maurice	95.6232	62376.516634051
6218	Salvan	34.2321	50193.695014663
6219	Vernayaz	41.417	64312.111801242
6220	Vérossaz	16.4293	67889.669421488
6232	Chalais	87.7833	57449.803664921
6234	Chermignon	134.4261	75946.949152542
6235	Chippis	34.4819	60072.996515679
6238	Grône	55.077	58968.950749465
6239	Icogne	22.7895	56270.37037037
6240	Lens	165.4649	58905.268778925
6241	Miège	34.89	71938.144329897
6242	Mollens (VS)	28.1464	51082.395644283
6243	Montana	96.5362	57496.247766528
6244	Randogne	121.2982	49916.95473251
6246	Saint-Léonard	59.598	71289.473684211
6248	Sierre	426.7164	64439.202657807
6249	Venthône	43.6332	77639.145907473
6250	Veyras	55.938	77799.721835883
6252	Anniviers	82.0977	36897.842696629
6261	Arbaz	33.9358	59224.781849913
6263	Grimisuat	92.1608	84628.83379247
6264	Salins	27.9557	63825.799086758
6265	Savièse	216.7128	71381.027667984
6266	Sion	933.0063	72432.753668194
6267	Veysonnaz	16.8166	38219.545454545
6281	Baltschieder	35.4565	75761.752136752
6282	Eisten	4.9028	50544.329896907
6283	Embd	7.4658	62737.81512605
6285	Grächen	31.9948	43236.216216216
6286	Lalden	17.9807	71351.984126984
6287	Randa	9.9153	56984.482758621
6288	Saas-Almagell	7.3222	53059.420289855
6289	Saas-Balen	9.2998	53141.714285714
6290	Saas-Fee	46.3126	48956.236786469
6291	Saas-Grund	22.7869	54254.523809524
6292	St. Niklaus	54.4095	56735.662148071
6293	Stalden (VS)	32.2799	61136.174242424
6294	Staldenried	14.9181	59434.661354582
6295	Täsch	21.0516	50726.746987952
6296	Törbel	12.4546	57928.372093023
6297	Visp	222.9476	71802.769726248
6298	Visperterminen	40.2545	66099.34318555
6299	Zeneggen	7.1016	59180
6300	Zermatt	194.5905	72473.184357542
6401	Auvernier	80.1351	104888.87434555
6402	Bevaix	134.3759	86138.397435897
6403	Bôle	64.7152	83288.545688546
6404	Boudry	146.6125	72258.501724988
6405	Brot-Dessous	2.9392	59983.673469388
6406	Colombier (NE)	188.3901	82845.250659631
6407	Corcelles-Cormondrèche	173.7859	90372.282891316
6408	Cortaillod	148.8499	78548.759894459
6409	Fresens	5.8558	75074.358974359
6410	Gorgier	79.4107	96022.61185006
6411	Montalchez	4.5983	62139.189189189
6412	Peseux	160.5823	71848.903803132
6413	Rochefort	38.6014	84282.532751092
6414	Saint-Aubin-Sauges	72.4566	72967.371601209
6415	Vaumarcus	11.0165	93360.169491525
6421	La Chaux-de-Fonds	1021.8595	67794.035692961
6422	Les Planchettes	5.034	65376.623376623
6423	La Sagne	26.5905	68356.041131105
6431	Les Brenets	32.4403	71612.141280353
6432	La Brévine	17.2336	64787.969924812
6433	Brot-Plamboz	6.0012	68195.454545455
6434	Le Cerneux-Péquignot	8.8013	69851.587301587
6435	La Chaux-du-Milieu	12.5407	76936.809815951
6436	Le Locle	262.5066	66507.879402077
6437	Les Ponts-de-Martel	30.3967	64811.727078891
6451	Cornaux	46.7662	72281.607418856
6452	Cressier (NE)	53.8733	75347.272727273
6453	Enges	10.12	85762.711864407
6454	Hauterive (NE)	94.5293	79906.424344886
6455	Le Landeron	141.2203	78542.992213571
6456	Lignières	27.5741	73727.540106952
6458	Neuchâtel	1021.5955	73740.111159232
6459	Saint-Blaise	121.4936	90734.578043316
6461	La Tène	156.1913	83124.693986163
6471	Boudevilliers	22.3516	78426.666666667
6472	Cernier	64.9147	70713.180827887
6473	Chézard-Saint-Martin	54.8329	81596.577380952
6474	Coffrane	21.5137	74700.347222222
6475	Dombresson	43.3628	71792.715231788
6476	Engollon	3.8635	82202.127659575
6477	Fenin-Vilars-Saules	29.5551	89833.130699088
6478	Fontainemelon	52.1024	74009.090909091
6479	Fontaines (NE)	36.2864	84583.682983683
6480	Les Geneveys-sur-Coffrane	41.5445	72630.244755245
6481	Les Hauts-Geneveys	32.0873	74795.571095571
6482	Montmollin	22.2547	89376.305220883
6483	Le Pâquier (NE)	5.9648	77464.935064935
6484	Savagnier	34.723	86591.02244389
6485	Valangin	10.5629	71370.945945946
6486	Villiers	13.0509	82081.132075472
6504	La Côte-aux-Fées	10.3559	58507.90960452
6511	Les Verrières	14.9886	56990.874524715
6512	Val-de-Travers	271.5339	61558.354114713
6601	Aire-la-Ville	53.0096	119660.496614
6602	Anières	248.7167	306679.03822441
6603	Avully	66.0226	90071.759890859
6604	Avusy	71.3598	127428.21428571
6605	Bardonnex	102.3034	112917.66004415
6606	Bellevue	117	122770.19937041
6607	Bernex	422.7096	106422.35649547
6608	Carouge (GE)	696.2963	85793.038442583
6609	Cartigny	47.8062	134665.35211268
6610	Céligny	41.9147	189659.2760181
6611	Chancy	46.1477	103238.70246085
6612	Chêne-Bougeries	667.0701	162739.71700415
6613	Chêne-Bourg	273.6771	84651.128982369
6614	Choulex	70.3705	163652.3255814
6615	Collex-Bossy	73.0495	134529.46593002
6616	Collonge-Bellerive	605.0217	216620.73039742
6617	Cologny	561.2411	302392.83405172
6618	Confignon	201.5146	125867.95752655
6619	Corsier (GE)	132.3109	187144.1301273
6620	Dardagny	52.5921	95970.98540146
6621	Genève	6779.519	90253.993822887
6622	Genthod	202.2603	233556.92840647
6623	Le Grand-Saconnex	342.0915	96282.437376865
6624	Gy	31.9303	173534.23913043
6625	Hermance	58.4522	167484.81375358
6626	Jussy	113.1774	240802.9787234
6627	Laconnex	35.8773	140145.703125
6628	Lancy	967.8961	83982.30802603
6629	Meinier	96.0297	120187.359199
6630	Meyrin	594.9605	77721.815806662
6631	Onex	570.616	81551.522080892
6632	Perly-Certoux	122.1299	96316.955835962
6633	Plan-les-Ouates	436.6115	118387.06616052
6634	Pregny-Chambésy	211.762	211973.97397397
6635	Presinge	34.6513	150005.62770563
6636	Puplinge	91.5192	104354.84606613
6637	Russin	42.3172	221556.02094241
6638	Satigny	155.6243	111558.63799283
6639	Soral	31.3499	115256.98529412
6640	Thônex	539.6822	103884.92781521
6641	Troinex	135.8032	155381.23569794
6642	Vandoeuvres	262.7197	276547.05263158
6643	Vernier	827.0015	71441.041810643
6644	Versoix	402.6458	98326.202686203
6645	Veyrier	604.9365	161058.70607029
6701	Bassecourt	84.6417	64415.296803653
6702	Boécourt	23.3149	70225.602409639
6703	Bourrignon	6.0678	60077.227722772
6704	Châtillon (JU)	12.5266	75009.580838323
6705	Corban	11.5487	65617.613636364
6706	Courchapoix	10.001	63700.636942675
6707	Courfaivre	39.2428	66400.676818951
6708	Courrendlin	64.1086	64756.161616162
6709	Courroux	84.1035	68880.835380835
6710	Courtételle	70.0654	71935.728952772
6711	Delémont	344.6513	69626.525252525
6712	Develier	39.3486	73274.860335195
6713	Ederswiler	3.1771	50430.158730159
6714	Glovelier	28.8646	61414.042553192
6715	Mervelier	13.6943	65837.980769231
6716	Mettembert	2.4442	62671.794871795
6717	Montsevelier	11.277	60629.032258065
6718	Movelier	9.4475	57257.575757576
6719	Pleigne	8.1629	57083.216783217
6720	Rebeuvelier	10.2613	74357.246376812
6721	Rossemaison	17.1687	76645.982142857
6722	Saulcy	5.8064	55299.047619048
6723	Soulce	4.8156	57328.571428571
6724	Soyhières	12.3714	61857
6725	Undervelier	5.2774	45494.827586207
6726	Vermes	6.2537	47020.30075188
6727	Vicques	46.5684	69922.522522523
6728	Vellerat	2.1645	60125
6741	Le Bémont (JU)	7.0288	65081.481481482
6742	Les Bois	30.2921	72469.138755981
6743	Les Breuleux	35.8315	64677.797833935
6744	La Chaux-des-Breuleux	2.1688	55610.256410256
6745	Les Enfers	3.5539	67054.716981132
6748	Les Genevez (JU)	14.9921	64621.120689655
6750	Lajoux (JU)	17.6315	68075.28957529
6751	Montfaucon	13.4419	61378.538812785
6753	Muriaux	13.0757	68819.473684211
6754	Le Noirmont	47.3572	69745.508100147
6757	Saignelégier	69.8019	66924.161073825
6758	Saint-Brais	4.444	60876.712328767
6759	Soubey	3.0836	50550.819672131
6771	Alle	40.7679	64813.831478537
6773	Beurnevésin	3.0631	54698.214285714
6774	Boncourt	38.5776	68521.492007105
6775	Bonfol	16.8216	58005.517241379
6776	Bressaucourt	10.2931	64331.875
6778	Bure	18.3185	65423.214285714
6781	Coeuve	17.2505	65342.803030303
6782	Cornol	23.1557	62414.285714286
6783	Courchavon	8.5938	71023.140495868
6784	Courgenay	58.8474	63825.813449024
6785	Courtedoux	21.8868	72713.621262459
6787	Damphreux	4.0173	62770.3125
6789	Fahy	8.5371	58876.551724138
6790	Fontenais	33.5975	67060.878243513
6792	Grandfontaine	8.2632	63563.076923077
6793	Lugnez	4.8412	62872.727272727
6800	Porrentruy	196.2457	67161.430527036
6803	Rocourt	3.8926	64876.666666667
6806	Vendlincourt	14.1649	62400.440528634
6807	Basse-Allaine	32.3605	62592.843326886
6808	Clos du Doubs	29.0857	56367.635658915
6809	Haute-Ajoie	24.2613	58602.173913044
6810	La Baroche	28.7374	62472.608695652
