Regions-ID	Regionsname	Steuerbares Einkommen in Mio. Franken	Steuerbares Einkommen pro Steuerpflichtigem/-r in Franken
1	Aeugst am Albis	87.4327	101312.51448436
2	Affoltern am Albis	332.3378	69921.691563223
3	Bonstetten	203.0771	88563.933711295
4	Hausen am Albis	120.0499	85323.312011372
5	Hedingen	133.6784	91310.382513661
6	Kappel am Albis	34.5236	87846.31043257
7	Knonau	62.3321	80741.062176166
8	Maschwanden	18.4498	66366.18705036
9	Mettmenstetten	159.5923	84979.925452609
10	Obfelden	146.5302	75608.978328173
11	Ottenbach	88.1979	82120.94972067
12	Rifferswil	31.4049	85108.130081301
13	Stallikon	143.3922	96107.372654155
14	Wettswil am Albis	226.9114	106781.83529412
21	Adlikon	20.2959	77170.72243346
22	Benken (ZH)	26.1693	73303.361344538
23	Berg am Irchel	22.0597	80804.761904762
24	Buch am Irchel	28.8373	80551.117318436
25	Dachsen	63.8813	82109.640102828
26	Dorf	20.5912	84737.448559671
27	Feuerthalen	112.4432	71665.519439133
28	Flaach	38.4374	73776.199616123
29	Flurlingen	57.8825	89879.658385093
30	Andelfingen	76.1612	93564.127764128
31	Henggart	72.2889	77730
32	Humlikon	15.144	82304.347826087
33	Kleinandelfingen	63.2403	74138.686987104
34	Laufen-Uhwiesen	57.3528	86115.315315315
35	Marthalen	63.0801	72756.747404844
36	Oberstammheim	29.4037	64340.700218818
37	Ossingen	38.5889	67938.204225352
38	Rheinau	38.4228	70371.428571429
39	Thalheim an der Thur	25.9991	72019.667590028
40	Trüllikon	30.2257	67168.222222222
41	Truttikon	11.8218	67169.318181818
42	Unterstammheim	24.8754	72312.209302326
43	Volken	10.0147	78855.905511811
44	Waltalingen	21.81	75993.031358885
51	Bachenbülach	133.8413	78591.485613623
52	Bassersdorf	399.1121	80304.245472837
53	Bülach	571.3175	73283.414571575
54	Dietlikon	266.2598	81400.122286763
55	Eglisau	151.077	82465.611353712
56	Embrach	271.5171	73204.933944459
57	Freienstein-Teufen	74.8649	76863.347022587
58	Glattfelden	129.0628	69538.146551724
59	Hochfelden	65.7483	78740.479041916
60	Höri	62.1032	65648.202959831
61	Hüntwangen	33.4448	82173.955773956
62	Kloten	582.2129	70426.140074997
63	Lufingen	69.954	89684.615384615
64	Nürensdorf	248.2256	100659.20519059
65	Oberembrach	35.8159	78543.640350877
66	Opfikon	470.266	69299.440023578
67	Rafz	125.4562	75576.024096386
68	Rorbas	67.0988	68259.206510682
69	Wallisellen	540.7588	81587.024743512
70	Wasterkingen	17.18	70122.448979592
71	Wil (ZH)	44.5481	79835.304659498
72	Winkel	207.4274	103765.5827914
81	Bachs	17.8696	70911.111111111
82	Boppelsen	61.9345	110795.16994633
83	Buchs (ZH)	185.5961	75445.569105691
84	Dällikon	113.2788	72894.980694981
85	Dänikon	63.5882	83889.44591029
86	Dielsdorf	183.7531	73208.406374502
87	Hüttikon	27.3623	85775.235109718
88	Neerach	168.9389	108086.30838132
89	Niederglatt	148.5185	71782.745287578
90	Niederhasli	258.901	70622.204037098
91	Niederweningen	88.9524	82059.409594096
92	Oberglatt	156.8766	64505.180921053
93	Oberweningen	59.6966	82796.948682386
94	Otelfingen	87.0837	78595.397111913
95	Regensberg	20.887	94511.312217195
96	Regensdorf	523.8852	73198.993991896
97	Rümlang	211.2126	69984.294234592
98	Schleinikon	24.2958	75687.85046729
99	Schöfflisdorf	49.3579	78595.382165605
100	Stadel	68.0525	75030.319735391
101	Steinmaur	110.2842	75901.032346869
102	Weiach	35.4503	75426.170212766
111	Bäretswil	150.7245	72013.616817965
112	Bubikon	229.135	79203.249222261
113	Dürnten	196.341	69946.91841824
114	Fischenthal	52.5302	61510.772833724
115	Gossau (ZH)	329.3928	77944.344533838
116	Grüningen	113.1054	80616.821097648
117	Hinwil	343.3495	72436.603375527
118	Rüti (ZH)	325.8615	63781.855549031
119	Seegräben	45.49	82558.983666062
120	Wald (ZH)	223.5853	60559.398699892
121	Wetzikon (ZH)	670.6859	67405.618090452
131	Adliswil	635.4087	83168.678010471
132	Hirzel	76.675	88847.045191193
133	Horgen	825.1416	93947.580553342
134	Hütten	25.225	70460.893854749
135	Kilchberg (ZH)	798.8562	206422.79069767
136	Langnau am Albis	303.6833	91223.580654851
137	Oberrieden	306.4842	123234.49939686
138	Richterswil	469.7878	84236.650528958
139	Rüschlikon	1765.9503	689016.89426453
140	Schönenberg (ZH)	76.2787	90270.650887574
141	Thalwil	942.2618	108806.21247113
142	Wädenswil	761.31	80904.35706695
151	Erlenbach (ZH)	443.4481	180777.8638402
152	Herrliberg	497.2163	176005.7699115
153	Hombrechtikon	276.5592	79608.29015544
154	Küsnacht (ZH)	1233.2524	184232.50672244
155	Männedorf	474.3591	98969.142499478
156	Meilen	765.5274	124052.40641711
157	Oetwil am See	122.4048	68344.388609715
158	Stäfa	644.5761	98649.540863177
159	Uetikon am See	302.9969	119008.99450118
160	Zumikon	514.7322	215911.15771812
161	Zollikon	972.538	159015.36952256
171	Bauma	111.6872	67119.711538462
172	Fehraltorf	208.5246	76889.601769912
173	Hittnau	115.7919	78931.083844581
174	Illnau-Effretikon	493.6614	69854.45026178
175	Kyburg	14.8268	81916.022099447
176	Lindau	171.8499	81638.90736342
177	Pfäffikon	365.8085	73692.284448026
178	Russikon	156.0677	86177.636664826
179	Sternenberg	8.1746	60552.592592593
180	Weisslingen	114.4602	84410.17699115
181	Wila	54.0098	62948.484848485
182	Wildberg	30.0425	72391.56626506
191	Dübendorf	874.1073	75785.269637593
192	Egg	333.8634	91948.05838612
193	Fällanden	329.3164	89805.399509136
194	Greifensee	195.5128	82634.319526627
195	Maur	521.0074	117821.66440525
196	Mönchaltorf	113.1076	74658.481848185
197	Schwerzenbach	161.3559	78710.195121951
198	Uster	1152.4376	77050.050143745
199	Volketswil	618.6456	80114.685314685
200	Wangen-Brüttisellen	279.4213	83086.916443651
211	Altikon	18.2939	67256.985294118
212	Bertschikon	30.9748	69140.178571429
213	Brütten	91.5803	97633.582089552
214	Dägerlen	27.6913	72680.577427821
215	Dättlikon	25.5769	84973.089700997
216	Dinhard	48.0298	82953.022452504
217	Elgg	123.5465	71996.794871795
218	Ellikon an der Thur	27.9037	77943.296089386
219	Elsau	110.7801	76505.593922652
220	Hagenbuch	32.0885	65890.143737166
221	Hettlingen	118.3182	100954.09556314
222	Hofstetten (ZH)	10.2624	65365.605095541
223	Neftenbach	189.6374	82200.866926745
224	Pfungen	87.2033	68234.194053208
225	Rickenbach (ZH)	82.723	76102.115915363
226	Schlatt (ZH)	19.1973	71631.716417911
227	Seuzach	286.5322	85532
228	Turbenthal	102.5844	62666.096518021
229	Wiesendangen	177.4132	84442.265587815
230	Winterthur	3203.8545	69154.406527229
231	Zell (ZH)	142.3032	64948.973071657
241	Aesch (ZH)	54.711	110304.43548387
242	Birmensdorf (ZH)	232.0668	83718.181818182
243	Dietikon	599.8474	62824.403016339
244	Geroldswil	180.838	81938.377888537
245	Oberengstringen	227.4373	75335.3097052
246	Oetwil an der Limmat	109.2204	90790.024937656
247	Schlieren	408.9086	62267.184406883
248	Uitikon	324.7014	171527.41679873
249	Unterengstringen	153.0958	93579.339853301
250	Urdorf	315.6322	75782.040816326
251	Weiningen (ZH)	156.9809	84398.333333333
261	Zürich	14548.2368	79011.968912761
301	Aarberg	118.3825	62735.824059354
302	Bargen (BE)	24.8953	63186.040609137
303	Grossaffoltern	73.2955	64863.274336283
304	Kallnach	39.267	62131.329113924
305	Kappelen	37.2801	70472.778827977
306	Lyss	387.9346	64515.982038916
307	Meikirch	77.6238	72749.578256795
308	Niederried bei Kallnach	7.7102	57112.592592593
309	Radelfingen	33.6161	60678.880866426
310	Rapperswil (BE)	60.2112	68421.818181818
311	Schüpfen	98.8691	66668.307484828
312	Seedorf (BE)	81.2332	64830.965682362
321	Aarwangen	111.7244	64357.373271889
322	Auswil	8.8361	49641.011235955
323	Bannwil	15.6933	55650
324	Bleienbach	18.0274	58341.100323625
325	Busswil bei Melchnau	4.7054	54713.953488372
326	Gondiswil	13.8527	52671.863117871
329	Langenthal	412.4423	63462.42498846
331	Lotzwil	54.9208	58676.068376068
332	Madiswil	73.8749	59052.677857714
333	Melchnau	34.7919	58277.889447236
334	Obersteckholz	9.0997	56519.875776398
335	Oeschenbach	4.6021	50022.826086956
336	Reisiswil	3.6584	51526.76056338
337	Roggwil (BE)	86.3488	57797.054886212
338	Rohrbach	29.6695	51242.659758204
339	Rohrbachgraben	6.0656	47760.62992126
340	Rütschelen	12.1151	57690.952380952
341	Schwarzhäusern	11.9286	58473.529411765
342	Thunstetten	73.1012	60414.214876033
344	Ursenbach	16.2243	50859.874608151
345	Wynau	36.5254	55678.963414634
351	Bern	4155.1131	68256.478028747
352	Bolligen	233.3324	86902.197392924
353	Bremgarten bei Bern	170.8081	89334.780334728
354	Kirchlindach	112.0914	86892.558139535
355	Köniz	1257.3276	73245.22894093
356	Muri bei Bern	664.2344	110816.54988322
357	Oberbalm	19.4117	57093.235294118
358	Stettlen	100.445	80678.714859438
359	Vechigen	148.8616	74993.249370277
360	Wohlen bei Bern	336.1745	85301.826947475
361	Zollikofen	318.0536	72581.83477864
362	Ittigen	367.5048	74711.282781053
363	Ostermundigen	428.5224	63381.511610708
371	Biel/Bienne	1254.5549	58742.09392705
372	Evilard	103.0017	98660.632183908
381	Arch	37.6919	61088.978930308
382	Büetigen	20.0127	64143.269230769
383	Büren an der Aare	88.3159	64183.066860465
385	Diessbach bei Büren	28.7009	81075.988700565
386	Dotzigen	32.3945	62058.429118774
387	Lengnau (BE)	117.7152	62349.152542373
388	Leuzigen	29.4505	57185.436893204
389	Meienried	2.0085	59073.529411765
390	Meinisberg	31.834	62542.239685658
391	Oberwil bei Büren	19.8737	60406.382978723
392	Pieterlen	86.0702	60357.78401122
393	Rüti bei Büren	20.384	55846.575342466
394	Wengi	14.3129	58182.520325203
401	Aefligen	26.7352	56642.372881356
402	Alchenstorf	13.218	59540.540540541
403	Bäriswil	33.3707	74990.337078652
404	Burgdorf	423.2558	61951.961358314
405	Ersigen	42.5576	64677.203647416
406	Hasle bei Burgdorf	68.4198	55266.397415186
407	Heimiswil	35.1313	54978.560250391
408	Hellsau	4.4067	60365.753424658
409	Hindelbank	60.1717	64840.193965517
410	Höchstetten	5.9362	51619.130434783
411	Kernenried	9.9482	59570.05988024
412	Kirchberg (BE)	163.4222	66189.631429729
413	Koppigen	52.8755	62574.556213018
414	Krauchthal	60.3481	62666.770508827
415	Lyssach	40.7217	62842.12962963
416	Mötschwil	3.1934	59137.037037037
417	Niederösch	4.3232	56145.454545455
418	Oberburg	62.7362	55914.616755793
419	Oberösch	2.6686	56778.723404255
420	Rüdtligen-Alchenflüh	51.0857	56076.509330406
421	Rumendingen	1.5678	43550
422	Rüti bei Lyssach	4.1108	63243.076923077
423	Willadingen	5.3944	60611.235955056
424	Wynigen	39.8429	54134.375
431	Corgémont	36.9201	60130.456026059
432	Cormoret	11.7406	61469.109947644
433	Cortébert	15.9119	57443.682310469
434	Courtelary	30.4053	61549.190283401
435	La Ferrière	12.6234	60689.423076923
436	La Heutte	11.3484	59415.706806283
437	Mont-Tramelan	2.0542	60417.647058824
438	Orvin	28.5345	61364.516129032
439	Péry	35.3346	60608.233276158
440	Plagne	10.135	62177.914110429
441	Renan (BE)	18.9143	54195.702005731
442	Romont (BE)	5.2148	60637.209302326
443	Saint-Imier	116.343	58937.689969605
444	Sonceboz-Sombeval	40.4175	59966.617210683
445	Sonvilier	23.9098	55733.7995338
446	Tramelan	97.3085	56872.296902396
447	Vauffelin	10.1892	60291.124260355
448	Villeret	23.0752	62534.417344173
491	Brüttelen	12.9734	56161.904761905
492	Erlach	40.1237	73756.801470588
493	Finsterhennen	10.8214	62191.954022989
494	Gals	21.9886	72330.921052632
495	Gampelen	20.4284	63050.617283951
496	Ins	88.6888	67908.728943338
497	Lüscherz	16.799	68567.346938776
498	Müntschemier	29.5467	61300.20746888
499	Siselen	13.0196	56361.904761905
500	Treiten	10.9109	58977.837837838
501	Tschugg	11.6706	63084.324324324
502	Vinelz	23.5276	65536.490250696
532	Bangerten	4.7723	65373.97260274
533	Bätterkinden	85.1863	65578.367975366
534	Büren zum Hof	13.4859	73292.934782609
535	Deisswil bei Münchenbuchsee	3.0978	72041.860465116
536	Diemerswil	5.8819	86498.529411765
537	Etzelkofen	8.9292	62881.690140845
538	Fraubrunnen	52.1355	71811.983471074
539	Grafenried	28.0111	69163.209876543
540	Jegenstorf	150.975	72444.817658349
541	Iffwil	11.2572	71701.910828026
542	Limpach	9.0518	60750.33557047
543	Mattstetten	19.1153	72406.439393939
544	Moosseedorf	98.7739	66604.113283884
545	Mülchi	4.5103	50114.444444444
546	Münchenbuchsee	284.1087	67564.494649227
547	Münchringen	18.2702	81929.147982063
548	Ruppoldsried	6.1269	57260.747663551
549	Schalunen	8.7858	64601.470588235
550	Scheunen	1.2322	53573.913043478
551	Urtenen-Schönbühl	162.4511	63756.318681319
552	Utzenstorf	110.3767	62856.890660592
553	Wiggiswil	3.0683	71355.813953488
554	Wiler bei Utzenstorf	20.8998	57734.254143646
555	Zauggenried	7.1577	60148.739495798
556	Zielebach	9.9012	64293.506493507
557	Zuzwil (BE)	16.8865	70951.680672269
561	Adelboden	63.2088	51472.964169381
562	Aeschi bei Spiez	47.5253	58241.789215686
563	Frutigen	139.6934	56971.207177814
564	Kandergrund	14.4896	47044.155844156
565	Kandersteg	28.292	56697.394789579
566	Krattigen	26.2987	63066.426858513
567	Reichenbach im Kandertal	66.8213	52990.721649484
571	Beatenberg	22.7	50669.642857143
572	Bönigen	54.7998	56204.923076923
573	Brienz (BE)	66.1488	54623.286540049
574	Brienzwiler	10.7601	51981.15942029
575	Därligen	10.6815	60347.457627119
576	Grindelwald	92.4408	58469.829222011
577	Gsteigwiler	9.514	54994.219653179
578	Gündlischwand	6.0876	49492.682926829
579	Habkern	8.0054	44228.729281768
580	Hofstetten bei Brienz	11.3969	54530.622009569
581	Interlaken	141.0002	58385.175983437
582	Iseltwald	9.2674	54514.117647059
584	Lauterbrunnen	54.5927	56223.171987642
585	Leissigen	23.8952	60802.03562341
586	Lütschental	4.3666	46952.688172043
587	Matten bei Interlaken	88.9102	55603.627267042
588	Niederried bei Interlaken	8.8446	54596.296296296
589	Oberried am Brienzersee	9.5784	51496.774193548
590	Ringgenberg (BE)	59.87	57291.866028708
591	Saxeten	1.4782	46193.75
592	Schwanden bei Brienz	13.5733	56792.050209205
593	Unterseen	153.3355	63519.262634631
594	Wilderswil	59.9862	56966.951566952
602	Arni (BE)	18.35	51256.983240223
603	Biglen	40.7432	58707.780979827
604	Bleiken bei Oberdiessbach	6.9605	56133.064516129
605	Bowil	26.5083	50396.007604563
606	Brenzikofen	12.0445	54747.727272727
607	Freimettigen	10.2336	60197.647058824
608	Grosshöchstetten	84.0229	66368.799368088
609	Häutligen	6.2591	65198.958333333
610	Herbligen	11.527	57348.258706468
611	Kiesen	24.2544	67373.333333333
612	Konolfingen	126.1788	62433.844631371
613	Landiswil	9.8347	48209.31372549
614	Linden	22.9916	56490.417690418
615	Mirchel	13.8898	61188.546255507
616	Münsingen	333.9481	72158.189282627
617	Niederhünigen	13.4773	60166.517857143
619	Oberdiessbach	79.4532	65072.235872236
620	Oberthal	14.5996	51047.552447553
622	Oppligen	16.0402	60758.333333333
623	Rubigen	91.7604	72082.010997643
624	Schlosswil	16.1623	61220.833333333
625	Tägertschi	10.5531	65142.592592593
626	Walkringen	37.6404	54393.641618497
627	Worb	327.6905	69133.016877637
628	Zäziwil	35.999	56780.757097792
629	Oberhünigen	5.3565	50533.018867924
630	Allmendingen	18.9634	80695.319148936
631	Trimstein	13.6672	66996.078431373
632	Wichtrach	116.5144	69312.55205235
661	Clavaleyres	0.876	43800
662	Ferenbalm	33.0696	63595.384615385
663	Frauenkappelen	41.0884	73900
664	Golaten	7.7756	59812.307692308
665	Gurbrü	5.7881	62914.130434783
666	Kriechenwil	10.1614	59423.391812865
667	Laupen	79.4421	66590.192791283
668	Mühleberg	81.3782	66977.942386831
669	Münchenwiler	11.7976	64117.391304348
670	Neuenegg	133.7362	65110.126582278
671	Wileroltigen	7.8592	57788.235294118
681	Belprahon	8.2834	69028.333333333
682	Bévilard	38.1918	54559.714285714
683	Champoz	3.7962	79087.5
684	Châtelat	1.214	44962.962962963
687	Corcelles (BE)	4.9607	55738.202247191
690	Court	33.9571	61516.485507246
691	Crémines	13.0547	57764.159292035
692	Eschert	8.3511	59227.659574468
694	Grandval	7.7157	50761.184210526
696	Loveresse	7.1188	59323.333333333
697	Malleray	44.9711	58479.973992198
699	Monible	0.7342	56476.923076923
700	Moutier	172.9778	57201.653439153
701	Perrefitte	11.5318	60375.916230366
702	Pontenet	5.1278	62534.146341463
703	Reconvilier	50.1916	56142.729306488
704	Roches (BE)	4.9606	51672.916666667
706	Saicourt	12.6164	57873.394495413
707	Saules (BE)	2.7638	50250.909090909
708	Schelten	0.3707	46337.5
709	Seehof	0.8954	38930.434782609
710	Sornetan	2.1187	50445.238095238
711	Sorvilier	7.0306	55798.412698413
712	Souboz	2.0513	50031.707317073
713	Tavannes	74.5578	54821.911764706
715	Rebévelier	0.436	36333.333333333
721	Diesse	11.2647	59601.587301587
722	Lamboing	15.4413	62263.306451613
723	La Neuveville	113.7645	73160.450160772
724	Nods	19.1037	68718.345323741
725	Prêles	25.2147	69081.369863014
731	Aegerten	45.9389	60366.491458607
732	Bellmund	57.6189	92634.887459807
733	Brügg	103.6238	59588.154111558
734	Bühl	12.7104	62922.772277228
735	Epsach	7.4659	52949.645390071
736	Hagneck	11.8074	61818.848167539
737	Hermrigen	6.9096	58063.865546218
738	Jens	19.7428	73943.071161049
739	Ipsach	125.9151	75670.132211538
740	Ligerz	19.917	82643.153526971
741	Merzligen	12.6864	66770.526315789
742	Mörigen	38.7142	96303.980099502
743	Nidau	177.0304	60856.10175318
744	Orpund	68.8441	61303.739982191
745	Port	113.3956	76206.720430107
746	Safnern	51.5274	67444.240837696
747	Scheuren	11.3446	62677.348066298
748	Schwadernau	19.0545	69289.090909091
749	Studen (BE)	78.5807	63218.584070797
750	Sutz-Lattrigen	41.5024	70343.050847458
751	Täuffelen	82.6676	69004.674457429
754	Walperswil	22.4882	62816.201117318
755	Worben	64.9546	66551.844262295
756	Twann-Tüscherz	41.8524	80023.709369025
761	Därstetten	14.0493	48279.381443299
762	Diemtigen	35.4957	48824.896836314
763	Erlenbach im Simmental	33.9553	53138.184663537
764	Niederstocken	4.8964	51541.052631579
765	Oberstocken	4.8477	50496.875
766	Oberwil im Simmental	11.863	46339.84375
767	Reutigen	22.5882	55773.333333333
768	Spiez	358.1773	65793.038207201
769	Wimmis	51.8246	54552.210526316
781	Gadmen	4.1569	46706.741573034
782	Guttannen	6.1343	55766.363636364
783	Hasliberg	21.4562	52588.725490196
784	Innertkirchen	19.6137	59077.409638554
785	Meiringen	110.858	57980.125523013
786	Schattenhalb	17.1955	76086.283185841
791	Boltigen	22.8732	45114.792899408
792	Lenk	51.2838	55682.736156352
793	St. Stephan	24.6818	51635.564853556
794	Zweisimmen	67.051	56822.881355932
841	Gsteig	27.0208	73029.189189189
842	Lauenen	20.0866	68789.726027397
843	Saanen	334.3632	117899.57686883
852	Guggisberg	23.6455	47008.946322068
853	Rüschegg	33.4479	52840.28436019
855	Schwarzenburg	155.4192	57755.183946488
861	Belp	323.4854	67816.645702306
862	Belpberg	9.1959	62557.142857143
863	Burgistein	22.2982	57469.587628866
865	Gelterfingen	6.2941	51590.983606557
866	Gerzensee	37.9353	81406.223175966
867	Gurzelen	15.686	53535.836177474
868	Jaberg	7.4122	63352.136752137
869	Kaufdorf	27.7479	71148.461538462
870	Kehrsatz	120.5219	74904.84773151
871	Kienersrüti	1.0141	44091.304347826
872	Kirchdorf (BE)	23.4317	67917.971014493
873	Kirchenthurnen	6.4313	54044.537815126
874	Lohnstorf	5.3037	67996.153846154
875	Mühledorf (BE)	7.9449	81906.18556701
876	Mühlethurnen	39.0351	66726.666666667
877	Niedermuhlern	11.1934	57109.183673469
878	Noflen	4.7076	51169.565217391
879	Riggisberg	59.1004	59939.553752536
880	Rüeggisberg	36.3159	52861.572052402
881	Rümligen	11.4334	58632.820512821
883	Seftigen	59.382	65111.842105263
884	Toffen	75.3715	69788.425925926
885	Uttigen	49.0893	65980.241935484
886	Wattenwil	57.8104	53528.148148148
888	Wald (BE)	31.6808	65321.237113402
901	Eggiwil	37.988	46840.937114673
902	Langnau im Emmental	205.4726	56557.280484448
903	Lauperswil	53.181	52189.401373896
904	Röthenbach im Emmental	18.0022	46159.487179487
905	Rüderswil	46.8037	53246.530147895
906	Schangnau	13.338	45993.103448276
907	Signau	53.4295	51374.519230769
908	Trub	17.5597	44681.170483461
909	Trubschachen	25.4788	50155.118110236
921	Amsoldingen	20.6791	66706.774193548
922	Blumenstein	25.0974	55648.337028825
923	Buchholterberg	31.1206	54693.497363796
924	Eriz	7.2705	43535.928143713
925	Fahrni	15.6468	53954.482758621
927	Heiligenschwendi	14.7251	54336.162361624
928	Heimberg	171.4173	61506.027987083
929	Hilterfingen	157.5119	85884.351145038
930	Höfen	9.3976	58735
931	Homberg	8.5875	52362.804878049
932	Horrenbach-Buchen	3.5594	43943.209876543
934	Oberhofen am Thunersee	85.8306	76497.860962567
935	Oberlangenegg	7.6825	46844.512195122
936	Pohlern	4.9905	50409.090909091
937	Schwendibach	5.2926	52926
938	Sigriswil	128.3951	62479.367396594
939	Steffisburg	426.5379	62114.154652687
940	Teuffenthal (BE)	2.4845	51760.416666667
941	Thierachern	55.4552	62590.519187359
942	Thun	1200.2907	62091.495525322
943	Uebeschi	12.9829	55482.478632479
944	Uetendorf	154.2734	62282.357690755
945	Unterlangenegg	16.5389	51684.0625
946	Wachseldorn	3.6461	46744.871794872
947	Zwieselberg	5.9194	65048.351648352
948	Forst-Längenbühl	15.6819	56818.47826087
951	Affoltern im Emmental	21.66	48240.534521158
952	Dürrenroth	18.0936	49034.146341463
953	Eriswil	22.4062	46874.895397489
954	Huttwil	104.6363	55451.139374669
955	Lützelflüh	82.3096	53309.326424871
956	Rüegsau	74.623	58990.513833992
957	Sumiswald	95.1329	51064.35856146
958	Trachselwald	16.6671	48877.126099707
959	Walterswil (BE)	8.8448	47298.395721925
960	Wyssachen	18.7484	49598.941798942
971	Attiswil	33.118	55474.036850921
972	Berken	1.3346	53384
973	Bettenhausen	17.0308	55115.857605178
975	Farnern	5.034	59928.571428571
976	Graben	6.4065	50845.238095238
977	Heimenhausen	23.8588	55744.859813084
978	Hermiswil	2.5161	58513.953488372
979	Herzogenbuchsee	178.6963	61961.269070735
980	Inkwil	16.4667	56586.597938144
981	Niederbipp	102.3089	60005.219941349
982	Niederönz	40.8115	59578.832116788
983	Oberbipp	41.6218	61298.674521355
985	Ochlenberg	10.5101	48657.87037037
987	Rumisberg	13.7043	64339.436619718
988	Seeberg	31.5867	54838.020833333
989	Thörigen	25.5706	56572.123893805
990	Walliswil bei Niederbipp	5.2992	55200
991	Walliswil bei Wangen	14.7406	53994.871794872
992	Wangen an der Aare	56.694	63204.013377926
993	Wangenried	9.8726	55154.189944134
995	Wiedlisbach	55.481	57913.361169102
996	Wolfisberg	4.7532	57965.853658537
1001	Doppleschwand	12.3388	52062.447257384
1002	Entlebuch	63.8306	52234.533551555
1003	Escholzmatt	51.6877	49179.543292103
1004	Flühli	25.663	41796.416938111
1005	Hasle (LU)	29.3244	50213.01369863
1006	Marbach (LU)	21.2466	44263.75
1007	Romoos	9.8613	44221.076233184
1008	Schüpfheim	74.9059	51446.35989011
1009	Werthenstein	35.5265	52168.135095448
1021	Aesch (LU)	26.4816	64275.72815534
1022	Altwis	8.5038	59054.166666667
1023	Ballwil	74.6913	69030.776340111
1024	Emmen	667.5993	57427.896774194
1025	Ermensee	21.702	64976.047904192
1026	Eschenbach (LU)	100.5369	69431.560773481
1030	Hitzkirch	118.6765	66560.01121705
1031	Hochdorf	228.8074	63876.996091569
1032	Hohenrain	57.681	65770.809578107
1033	Inwil	63.6837	69296.735582155
1037	Rain	71.5291	72324.671385238
1039	Römerswil	37.039	61019.769357496
1040	Rothenburg	212.7947	72280.808423913
1041	Schongau	21.6791	63020.639534884
1051	Adligenswil	191.4032	87759.376432829
1052	Buchrain	168.9355	71765.293118097
1053	Dierikon	41.7948	64004.287901991
1054	Ebikon	355.4042	67260.44663134
1055	Gisikon	37.8557	76942.479674797
1056	Greppen	31.8905	79726.25
1057	Honau	11.2796	85451.515151515
1058	Horw	511.2918	84469.155790517
1059	Kriens	781.9085	66297.142614889
1061	Luzern	2604.5528	69154.151289064
1062	Malters	160.3467	59652.790178571
1063	Meggen	435.1926	135700.84190833
1064	Meierskappel	35.4789	75809.615384615
1065	Root	120.8156	65767.882416984
1066	Schwarzenberg	38.0297	60268.938193344
1067	Udligenswil	72.058	81791.146424518
1068	Vitznau	37.1783	73041.84675835
1069	Weggis	189.2708	95494.853683148
1081	Beromünster	113.2762	63531.239484016
1082	Büron	49.9872	61484.870848709
1083	Buttisholz	71.835	62465.217391304
1084	Eich	75.4373	97970.51948052
1085	Geuensee	60.9925	65724.676724138
1086	Grosswangen	68.5453	62088.134057971
1088	Hildisrieden	62.52	76711.656441718
1089	Knutwil	57.507	70908.754623921
1091	Mauensee	35.3797	76912.391304348
1092	Neudorf	27.8754	63497.494305239
1093	Neuenkirch	152.717	64765.479219678
1094	Nottwil	91.3654	66254.822335025
1095	Oberkirch	121.3363	74302.694427434
1096	Pfeffikon	18.3559	58645.047923323
1097	Rickenbach (LU)	50.4035	61920.761670762
1098	Ruswil	153.4512	59918.469347911
1099	Schenkon	131.5739	106883.7530463
1100	Schlierbach	16.0527	65521.224489796
1102	Sempach	143.2832	83791.34502924
1103	Sursee	274.044	64526.489286555
1104	Triengen	101.1648	60469.097429767
1107	Wolhusen	89.0637	58982.582781457
1121	Alberswil	11.3031	52088.01843318
1122	Altbüron	23.0462	62796.185286104
1123	Altishofen	35.3563	62137.609841828
1125	Dagmersellen	126.7381	60466.650763359
1126	Ebersecken	8.6446	64511.940298507
1127	Egolzwil	36.1318	63612.323943662
1128	Ettiswil	57.3917	58030.03033367
1129	Fischbach	11.6351	52410.36036036
1130	Gettnau	19.4711	52624.594594595
1131	Grossdietwil	16.7782	55010.491803279
1132	Hergiswil bei Willisau	28.8399	46818.019480519
1135	Luthern	24.3911	49676.374745418
1136	Menznau	53.7232	53669.530469531
1137	Nebikon	65.8916	66759.473150962
1138	Ohmstal	6.5021	58577.477477477
1139	Pfaffnau	54.2585	58848.698481562
1140	Reiden	150.4354	59601.980982567
1142	Roggliswil	13.0537	53063.821138211
1143	Schötz	73.9239	57662.948517941
1145	Ufhusen	14.8723	48761.639344262
1146	Wauwil	42.0625	61226.34643377
1147	Wikon	33.7008	57805.831903945
1150	Zell (LU)	43.6348	55303.929024081
1151	Willisau	183.9851	60125.849673203
1201	Altdorf (UR)	254.6111	63605.071196603
1202	Andermatt	33.7133	56282.637729549
1203	Attinghausen	32.8088	58378.647686833
1204	Bauen	5.4726	63634.88372093
1205	Bürglen (UR)	86.0461	59260.399449036
1206	Erstfeld	83.055	54857.992073976
1207	Flüelen	53.9154	66398.275862069
1208	Göschenen	9.263	50895.604395604
1209	Gurtnellen	10.1544	45535.426008969
1210	Hospental	4.469	49109.89010989
1211	Isenthal	6.5923	44542.567567568
1212	Realp	4.138	55918.918918919
1213	Schattdorf	126.6301	62104.021579206
1214	Seedorf (UR)	39.8011	62976.424050633
1215	Seelisberg	15.6951	55070.52631579
1216	Silenen	40.1018	50506.04534005
1217	Sisikon	8.2348	54176.315789474
1218	Spiringen	11.3444	43299.236641221
1219	Unterschächen	10.291	44357.75862069
1220	Wassen	8.9427	48079.032258065
1301	Einsiedeln	439.2878	71059.171789065
1311	Gersau	60.3742	66199.780701754
1321	Feusisberg	496.4012	199759.03420523
1322	Freienbach	1464.6451	184440.88905679
1323	Wollerau	1847.0011	532276.9740634
1331	Küssnacht (SZ)	750.0324	133362.80227596
1341	Altendorf	332.927	118479.35943061
1342	Galgenen	158.5521	76929.694323144
1343	Innerthal	3.9493	63698.387096774
1344	Lachen	356.9297	93266.187614319
1345	Reichenburg	89.8631	65882.038123167
1346	Schübelbach	232.8688	66231.171786121
1347	Tuggen	112.4905	83698.288690476
1348	Vorderthal	23.4204	55106.823529412
1349	Wangen (SZ)	150.1015	73077.653359299
1361	Alpthal	13.381	60822.727272727
1362	Arth	306.2609	69102.188628159
1363	Illgau	13.2367	52526.587301587
1364	Ingenbohl	270.7238	72658.024691358
1365	Lauerz	23.6623	58570.04950495
1366	Morschach	25.1795	61115.291262136
1367	Muotathal	72.2556	54739.090909091
1368	Oberiberg	24.5351	63072.236503856
1369	Riemenstalden	0.7948	39740
1370	Rothenthurm	48.2813	59459.729064039
1371	Sattel	48.8305	65107.333333333
1372	Schwyz	437.693	71192.745608328
1373	Steinen	79.3085	61479.457364341
1374	Steinerberg	21.2807	60976.217765043
1375	Unteriberg	51.8832	55848.439181916
1401	Alpnach	155.0821	63480.188293082
1402	Engelberg	156.551	77194.773175542
1403	Giswil	82.2009	55503.64618501
1404	Kerns	140.3665	59960.059803503
1405	Lungern	48.4581	59898.763906057
1406	Sachseln	144.1606	69946.918971373
1407	Sarnen	338.7822	74261.771153003
1501	Beckenried	121.416	78383.473208522
1502	Buochs	163.365	68727.387463189
1503	Dallenwil	40.3758	56469.65034965
1504	Emmetten	44.9622	66709.495548961
1505	Ennetbürgen	183.4393	87061.841480778
1506	Ennetmoos	59.8962	67299.101123595
1507	Hergiswil (NW)	500.7741	174242.90187891
1508	Oberdorf (NW)	81.9938	64868.512658228
1509	Stans	267.1418	70897.505307856
1510	Stansstad	240.7101	100295.875
1511	Wolfenschiessen	39.2552	54070.523415978
1630	Glarus Nord	448.5659	62456.961849067
1631	Glarus Süd	238.996	55827.143190843
1632	Glarus	335.1381	63126.407986438
1701	Baar	1381.8035	138346.36563877
1702	Cham	696.9126	101635.2049001
1703	Hünenberg	441.7905	115259.71823637
1704	Menzingen	135.9386	79449.795441262
1705	Neuheim	80.6032	96185.202863962
1706	Oberägeri	968.423	401835.26970954
1707	Risch	442.639	101197.75948788
1708	Steinhausen	381.7652	94356.203657934
1709	Unterägeri	381.5758	105641.1406423
1710	Walchwil	984.7492	611265.79764122
1711	Zug	2334.4658	176585.91527988
2004	Bussy (FR)	8.6216	59052.054794521
2005	Châbles	21.5577	79548.708487085
2008	Châtillon (FR)	12.3316	73402.380952381
2009	Cheiry	7.3744	50509.589041096
2010	Cheyres	41.3522	73189.734513274
2011	Cugy (FR)	35.8451	65410.766423358
2013	Domdidier	65.4552	62756.663470757
2014	Dompierre (FR)	16.2411	55241.836734694
2015	Estavayer-le-Lac	135.5522	64273.210052157
2016	Fétigny	17.4335	58306.02006689
2017	Font	9.8615	67544.520547945
2022	Gletterens	22.7021	60863.538873995
2024	Léchelles	17.2477	65580.608365019
2025	Lully (FR)	20.4921	63247.222222222
2027	Ménières	6.8847	56898.347107438
2029	Montagny (FR)	45.5148	59730.708661417
2033	Morens (FR)	3.3642	62300
2034	Murist	11.3003	58248.969072165
2035	Nuvilly	7.8581	58642.537313433
2038	Prévondavaux	1.2738	55382.608695652
2039	Rueyres-les-Prés	8.139	67825
2040	Russy	5.793	60978.947368421
2041	Saint-Aubin (FR)	37.7742	68061.621621622
2043	Sévaz	5.6367	61268.47826087
2044	Surpierre	6.1329	56265.137614679
2045	Vallon	7.377	64710.52631579
2047	Villeneuve (FR)	7.3396	56458.461538462
2049	Vuissens	4.5698	57845.569620253
2050	Les Montets	31.1152	62606.036217304
2051	Delley-Portalban	26.9812	60905.643340858
2052	Vernay	20.3361	66026.298701299
2061	Auboranges	7.6794	79993.75
2063	Billens-Hennens	14.2794	60505.93220339
2066	Chapelle (Glâne)	6.5505	69686.170212766
2067	Le Châtelard	5.949	57201.923076923
2068	Châtonnaye	14.998	63550.847457627
2072	Ecublens (FR)	7.9688	68109.401709402
2079	Grangettes	4.7471	65028.767123288
2086	Massonnens	8.57	54585.987261147
2087	Mézières (FR)	19.9217	60736.890243902
2089	Montet (Glâne)	9.3407	72974.21875
2096	Romont (FR)	98.6804	59625.619335347
2097	Rue	30.4496	59588.258317026
2099	Siviriez	190.0327	255077.44966443
2102	Ursy	43.3865	66340.214067278
2111	Villaz-Saint-Pierre	21.4113	58661.095890411
2112	Vuarmarens	11.503	56665.024630542
2113	Vuisternens-devant-Romont	41.9945	61756.617647059
2114	Villorsonnens	26.2012	60094.495412844
2115	Torny	19.341	59510.769230769
2116	La Folliaz	22.0386	64065.697674419
2121	Haut-Intyamon	30.4394	49818.985270049
2122	Pont-en-Ogoz	43.7374	68877.795275591
2123	Botterens	11.3727	59232.8125
2124	Broc	49.63	58595.041322314
2125	Bulle	516.9862	70185.473798534
2126	Cerniat (FR)	6.5368	45081.379310345
2127	Charmey	51.1229	58028.263337117
2128	Châtel-sur-Montsalvens	7.3162	57157.8125
2129	Corbières	18.1653	61997.610921502
2130	Crésuz	17.8936	89917.587939698
2131	Echarlens	20.7553	72318.118466899
2134	Grandvillard	17.4075	60653.31010453
2135	Gruyères	45.9216	60582.585751979
2137	Hauteville	13.7649	65236.492890995
2138	Jaun	11.7711	43758.73605948
2140	Marsens	44.6428	80874.637681159
2143	Morlon	16.3564	74347.272727273
2145	Le Pâquier (FR)	28.5621	75561.111111111
2147	Pont-la-Ville	14.4935	69346.889952153
2148	Riaz	60.7815	68217.171717172
2149	La Roche	39.4161	75654.702495202
2152	Sâles	32.7719	62303.992395437
2153	Sorens	23.5644	63687.567567568
2155	Vaulruz	25.2181	64168.193384224
2160	Vuadens	49.088	63667.963683528
2162	Bas-Intyamon	25.5436	53438.493723849
2171	Arconciel	22.5652	74967.441860465
2172	Autafond	1.5613	60050
2173	Autigny	16.9422	63692.481203007
2174	Avry	58.4082	85267.445255474
2175	Belfaux	68.0383	68243.029087262
2177	Chénens	14.5605	64143.171806167
2179	Chésopelloz	6.9696	124457.14285714
2183	Corminboeuf	75.5457	88981.978798587
2184	Corpataux-Magnedens	28.5799	69033.574879227
2185	Corserey	7.9058	62250.393700787
2186	Cottens (FR)	33.9663	75987.248322148
2189	Ependes (FR)	29.3979	74994.642857143
2192	Farvagny	50.4038	67747.043010753
2194	Ferpicloz	20.7475	192106.48148148
2196	Fribourg	933.8374	65481.901689924
2197	Givisiez	88.1742	70879.581993569
2198	Granges-Paccot	71.3588	68285.933014354
2200	Grolley	46.2931	70354.255319149
2206	Marly	215.1378	74752.536483669
2208	Matran	46.9456	78767.785234899
2211	Neyruz (FR)	66.6591	81991.512915129
2213	Noréaz	15.3254	71614.018691589
2216	Pierrafortscha	5.7671	94542.62295082
2217	Ponthaux	13.5888	63499.065420561
2220	Le Mouret	73.9511	65559.485815603
2221	Prez-vers-Noréaz	23.8285	66933.988764045
2222	Rossens (FR)	33.9865	75025.386313466
2223	Le Glèbe	27.4148	69229.292929293
2225	Senèdes	3.3235	65166.666666667
2226	Treyvaux	31.2452	63506.504065041
2228	Villars-sur-Glâne	348.9634	80610.626010626
2230	Villarsel-sur-Marly	1.9986	68917.24137931
2231	Vuisternens-en-Ogoz	17.3034	58655.593220339
2233	Hauterive (FR)	56.4008	69630.617283951
2234	La Brillaz	48.0925	74562.015503876
2235	La Sonnaz	26.9769	76857.264957265
2243	Barberêche	14.4644	70215.533980583
2244	Büchslen	5.2337	72690.277777778
2250	Courgevaux	35.7589	71949.496981891
2251	Courlevon	8.8037	62883.571428571
2254	Courtepin	70.1426	66675.475285171
2257	Cressier (FR)	24.2101	73142.296072508
2258	Fräschels	15.5851	73514.622641509
2259	Galmiz	16.2408	60374.721189591
2260	Gempenach	7.0245	57577.868852459
2261	Greng	14.5341	173025
2262	Gurmels	101.8322	67215.97359736
2264	Jeuss	11.107	70745.222929936
2265	Kerzers	120.7014	64998.061389338
2266	Kleinbösingen	20.1249	75657.518796993
2270	Lurtigen	4.2487	55177.922077922
2271	Meyriez	24.1609	92926.538461538
2272	Misery-Courtion	36.1201	61638.395904437
2274	Muntelier	40.0778	87506.113537118
2275	Murten	183.6757	68689.491398654
2276	Ried bei Kerzers	28.464	72060.759493671
2277	Salvenach	13.2936	67480.203045685
2278	Ulmiz	10.1799	57840.340909091
2279	Villarepos	14.8022	64357.391304348
2280	Bas-Vully	57.035	69981.595092024
2281	Haut-Vully	62.08	95214.72392638
2283	Wallenried	11.1236	69522.5
2291	Alterswil	46.8501	57134.268292683
2292	Brünisried	15.0159	56450.751879699
2293	Düdingen	222.8375	67444.763922518
2294	Giffers	33.3217	57550.431778929
2295	Bösingen	92.4109	66674.531024531
2296	Heitenried	28.6861	58423.82892057
2298	Oberschrot	24.4933	53831.428571429
2299	Plaffeien	41.7098	47451.422070535
2300	Plasselb	22.2537	53752.898550725
2301	Rechthalten	27.2687	57528.902953586
2302	St. Antoni	47.9929	57892.521109771
2303	St. Silvester	19.5225	51510.55408971
2304	St. Ursen	29.8086	58333.85518591
2305	Schmitten (FR)	104.1944	65531.06918239
2306	Tafers	89.3476	68676.095311299
2307	Tentlingen	32.6516	62312.213740458
2308	Ueberstorf	66.9919	64977.59456838
2309	Wünnewil-Flamatt	129.1599	60695.441729323
2310	Zumholz	7.7897	48084.567901235
2321	Attalens	84.4249	75178.005342832
2323	Bossonnens	32.8671	64954.743083004
2325	Châtel-Saint-Denis	158.6422	65070.631665299
2328	Granges (Veveyse)	23.524	75156.549520767
2333	Remaufens	23.5646	68902.339181287
2335	Saint-Martin (FR)	21.593	67059.00621118
2336	Semsales	30.2651	60530.2
2337	Le Flon	19.8584	56738.285714286
2338	La Verrerie	20.7607	57192.011019284
2401	Egerkingen	88.088	63327.102803738
2402	Härkingen	40.9189	67634.545454545
2403	Kestenholz	46.0036	64885.190409027
2404	Neuendorf	53.755	66528.465346535
2405	Niederbuchsiten	25.0507	58804.460093897
2406	Oberbuchsiten	52.8944	65140.886699507
2407	Oensingen	164.7141	64568.44374755
2408	Wolfwil	56.9784	63877.130044843
2421	Aedermannsdorf	12.2482	57774.528301887
2422	Balsthal	147.6106	62679.66029724
2423	Gänsbrunnen	1.9454	55582.857142857
2424	Herbetswil	11.8049	51549.781659389
2425	Holderbank (SO)	14.4508	57344.444444445
2426	Laupersdorf	38.0498	56621.726190476
2427	Matzendorf	29.6544	56809.195402299
2428	Mümliswil-Ramiswil	56.507	55344.760039177
2429	Welschenrohr	24.2702	50353.112033195
2441	Aetigkofen	4.8097	60882.278481013
2442	Aetingen	11.7025	80154.109589041
2444	Bibern (SO)	6.3033	57302.727272727
2445	Biezwil	9.9584	67744.217687075
2446	Brügglen	6.168	69303.370786517
2449	Gossliwil	5.9637	58467.647058824
2450	Hessigkofen	7.4476	79229.787234043
2452	Küttigkofen	8.2271	72167.543859649
2453	Kyburg-Buchegg	10.2338	69617.68707483
2454	Lüsslingen	15.003	67581.081081081
2455	Lüterkofen-Ichertswil	26.9341	77619.884726225
2456	Lüterswil-Gächliwil	10.0985	64321.656050955
2457	Messen	40.0653	67563.743676223
2458	Mühledorf (SO)	9.8343	63447.096774194
2459	Nennigkofen	15.0399	73009.223300971
2461	Schnottwil	28.5901	67909.976247031
2462	Tscheppach	5.3918	61974.712643678
2463	Unterramsern	6.6138	72679.120879121
2471	Bättwil	38.9786	81205.416666667
2472	Büren (SO)	27.1726	71132.460732984
2473	Dornach	226.3054	80621.802636266
2474	Gempen	28.2296	80656
2475	Hochwald	46.2824	90749.803921569
2476	Hofstetten-Flüh	125.1271	98680.678233439
2477	Metzerlen-Mariastein	31.5012	75181.861575179
2478	Nuglar-St. Pantaleon	47.6421	76472.070626003
2479	Rodersdorf	45.1721	85878.517110266
2480	Seewen	33.9569	76307.640449438
2481	Witterswil	49.5153	84353.151618399
2491	Hauenstein-Ifenthal	7.7397	64497.5
2492	Kienberg	11.7166	62655.614973262
2493	Lostorf	126.4558	77248.503359804
2495	Niedergösgen	102.8976	61874.684305472
2497	Obergösgen	59.201	58789.47368421
2498	Rohr (SO)	2.3293	64702.777777778
2499	Stüsslingen	31.5078	70329.910714286
2500	Trimbach	149.5682	59071.169036335
2501	Winznau	51.0015	64887.404580153
2502	Wisen (SO)	12.3071	67995.027624309
2503	Erlinsbach (SO)	89.5169	63895.003568879
2511	Aeschi (SO)	33.474	69161.157024793
2513	Biberist	225.1525	61651.834611172
2514	Bolken	14.4492	68805.714285714
2516	Deitingen	60.1511	65381.630434783
2517	Derendingen	154.6782	58745.993163692
2518	Etziken	23.4691	63430
2519	Gerlafingen	114.5331	58465.084226646
2520	Halten	25.4237	69274.386920981
2521	Heinrichswil-Winistorf	14.7514	63310.729613734
2522	Hersiwil	5.6369	71353.164556962
2523	Horriwil	23.5082	67746.974063401
2524	Hüniken	2.4168	60420
2525	Kriegstetten	38.9832	68271.80385289
2526	Lohn-Ammannsegg	105.0368	84164.102564103
2527	Luterbach	94.8703	60581.2899106
2528	Obergerlafingen	33.9322	63902.448210923
2529	Oekingen	21.8155	69036.392405063
2530	Recherswil	49.8119	62973.324905183
2531	Steinhof	3.1809	57834.545454545
2532	Subingen	82.5859	64773.254901961
2534	Zuchwil	211.3225	55103.650586701
2541	Balm bei Günsberg	6.3885	74284.88372093
2542	Bellach	151.5349	64373.364485981
2543	Bettlach	173.4631	74192.942686056
2544	Feldbrunnen-St. Niklaus	75.8331	150462.5
2545	Flumenthal	28.2847	61090.064794816
2546	Grenchen	434.6825	58011.811023622
2547	Günsberg	41.6421	74096.263345196
2548	Hubersdorf	21.3339	66877.429467085
2549	Kammersrohr	1.3061	76829.411764706
2550	Langendorf	120.6049	68370.124716553
2551	Lommiswil	42.8415	70929.635761589
2553	Oberdorf (SO)	60.9798	82183.018867925
2554	Riedholz	73.0998	74137.728194726
2555	Rüttenen	49.53	68696.25520111
2556	Selzach	87.1538	63017.932031815
2571	Boningen	20.4469	63896.5625
2572	Däniken	85.0167	64749.961919269
2573	Dulliken	110.1137	56266.581502299
2574	Eppenberg-Wöschnau	8.4823	55439.869281046
2575	Fulenbach	46.3633	64393.472222222
2576	Gretzenbach	69.4327	68950.049652433
2578	Gunzgen	48.5653	62827.037516171
2579	Hägendorf	179.0242	89601.701701702
2580	Kappel (SO)	102.4862	72173.38028169
2581	Olten	553.6493	65707.251364823
2582	Rickenbach (SO)	32.0459	75758.628841608
2583	Schönenwerd	122.3062	58772.801537722
2584	Starrkirch-Wil	68.4639	94432.965517241
2585	Walterswil (SO)	18.1442	58341.479099679
2586	Wangen bei Olten	149.1048	67559.945627549
2601	Solothurn	573.9828	67886.788882318
2611	Bärschwil	20.3594	55025.405405405
2612	Beinwil (SO)	4.903	51072.916666667
2613	Breitenbach	94.4156	66866.57223796
2614	Büsserach	62.4261	72085.565819861
2615	Erschwil	22.1924	61474.792243767
2616	Fehren	15.3962	58540.684410646
2617	Grindel	12.7243	58101.826484018
2618	Himmelried	28.5462	69455.474452555
2619	Kleinlützel	29.6722	57953.515625
2620	Meltingen	15.6989	58797.378277154
2621	Nunningen	51.1379	63762.967581047
2622	Zullwil	13.7707	56669.547325103
2701	Basel	5936.8849	76700.966370813
2702	Bettingen	54.5799	111615.33742331
2703	Riehen	959.2908	99822.143600416
2761	Aesch (BL)	346.7904	75438.416358495
2762	Allschwil	725.0784	75757.851844112
2763	Arlesheim	437.2658	103987.11058264
2764	Biel-Benken	163.9986	120410.13215859
2765	Binningen	751.7576	103121.7558299
2766	Birsfelden	306.0506	62028.901499797
2767	Bottmingen	331.7866	114172.95251204
2768	Ettingen	180.3966	81150.067476383
2769	Münchenstein	385.9357	74562.538639876
2770	Muttenz	631.2506	77654.15180219
2771	Oberwil (BL)	482.7587	98522.183673469
2772	Pfeffingen	107.6401	111313.44364012
2773	Reinach (BL)	719.6549	80408.368715084
2774	Schönenbuch	65.4955	105298.23151125
2775	Therwil	402.7242	92558.99793151
2781	Blauen	27.5452	88285.897435897
2782	Brislach	42.8089	66473.447204969
2783	Burg im Leimental	6.5724	62003.773584906
2784	Dittingen	20.4873	61339.221556886
2785	Duggingen	51.2681	83634.747145188
2786	Grellingen	47.3544	67169.361702128
2787	Laufen	158.9195	68411.321566939
2788	Liesberg	31.6565	59842.155009452
2789	Nenzlingen	12.9658	73253.107344633
2790	Roggenburg	5.2918	51376.699029126
2791	Röschenz	59.2666	74362.107904642
2792	Wahlen	35.9115	62672.77486911
2793	Zwingen	57.7843	64926.179775281
2821	Arisdorf	54.3617	77438.319088319
2822	Augst	30.6728	68466.071428571
2823	Bubendorf	133.9785	76471.746575343
2824	Frenkendorf	188.6122	71633.953665021
2825	Füllinsdorf	148.0412	77630.414263241
2826	Giebenach	34.8004	77162.749445676
2827	Hersberg	11.924	85784.17266187
2828	Lausen	148.3722	72165.46692607
2829	Liestal	437.1471	73494.804976463
2830	Lupsingen	48.563	86565.062388592
2831	Pratteln	421.7104	66098.808777429
2832	Ramlinsburg	27.5496	93072.972972973
2833	Seltisberg	55.3709	96633.333333333
2834	Ziefen	42.3324	71386.846543002
2841	Anwil	13.8419	65601.421800948
2842	Böckten	24.5255	69085.915492958
2843	Buckten	19.1603	66528.819444444
2844	Buus	28.333	67299.287410926
2845	Diepflingen	16.8341	65502.33463035
2846	Gelterkinden	163.7756	66305.910931174
2847	Häfelfingen	6.5152	65152
2848	Hemmiken	6.9736	60117.24137931
2849	Itingen	62.7739	72487.182448037
2850	Känerkinden	17.7842	81578.899082569
2851	Kilchberg (BL)	4.4037	71027.419354839
2852	Läufelfingen	32.8538	65576.447105788
2853	Maisprach	33.125	82400.497512438
2854	Nusshof	9.6281	91696.190476191
2855	Oltingen	11.7537	60275.384615385
2856	Ormalingen	63.5545	71975.651189128
2857	Rickenbach (BL)	15.6194	70042.152466368
2858	Rothenfluh	20.5612	69463.513513514
2859	Rümlingen	9.0655	59251.633986928
2860	Rünenberg	23.8238	74917.610062893
2861	Sissach	216.8047	75279.409722222
2862	Tecknau	20.1374	66901.661129568
2863	Tenniken	28.3727	71648.232323232
2864	Thürnen	39.7625	65506.589785832
2865	Wenslingen	19.1698	67027.272727273
2866	Wintersingen	18.249	69125
2867	Wittinsburg	11.4282	76699.32885906
2868	Zeglingen	11.1706	62058.888888889
2869	Zunzgen	68.5041	64565.598491989
2881	Arboldswil	17.988	82136.98630137
2882	Bennwil	16.8103	68894.672131147
2883	Bretzwil	16.9509	58653.633217993
2884	Diegten	40.8899	64904.603174603
2885	Eptingen	12.0926	54717.647058824
2886	Hölstein	72.0525	76488.853503185
2887	Lampenberg	16.3215	73190.582959641
2888	Langenbruck	24.3382	57948.095238095
2889	Lauwil	8.8379	65465.925925926
2890	Liedertswil	4.6096	61461.333333333
2891	Niederdorf	46.0786	63207.956104252
2892	Oberdorf (BL)	59.9446	66827.870680045
2893	Reigoldswil	38.6524	62645.705024311
2894	Titterten	11.7204	66593.181818182
2895	Waldenburg	29.1334	61985.957446808
2901	Gächlingen	18.7678	59961.022364217
2902	Guntmadingen	4.6784	55040
2903	Löhningen	37.1453	70484.440227704
2904	Neunkirch	51.5227	65550.508905852
2914	Büttenhardt	9.9316	68493.793103448
2915	Dörflingen	27.1796	73857.608695652
2917	Lohn (SH)	19.0212	68176.344086022
2919	Stetten (SH)	46.762	98239.495798319
2920	Thayngen	135.8066	62210.994044892
2931	Bargen (SH)	6.2109	54007.826086956
2932	Beringen	103.3144	65763.462762572
2933	Buchberg	30.3802	88830.994152047
2936	Merishausen	17.5309	60871.180555556
2937	Neuhausen am Rheinfall	256.1173	58864.00827396
2938	Rüdlingen	32.57	109663.2996633
2939	Schaffhausen	1036.5999	65322.320247023
2951	Beggingen	9.8867	50186.294416244
2952	Schleitheim	38.8535	58691.087613293
2953	Siblingen	21.8869	62178.693181818
2961	Buch (SH)	9.7178	70932.846715329
2962	Hemishofen	12.178	66912.087912088
2963	Ramsen	28.8907	56759.724950884
2964	Stein am Rhein	100.818	70354.501046755
2971	Hallau	50.9147	61789.684466019
2972	Oberhallau	9.1649	57280.625
2973	Trasadingen	12.2663	58690.43062201
2974	Wilchingen	42.9574	68078.288431062
3001	Herisau	407.8422	61972.678924176
3002	Hundwil	17.2891	52075.602409639
3003	Schönengrund	10.3444	52244.444444444
3004	Schwellbrunn	31.1707	57510.516605166
3005	Stein (AR)	37.0114	66447.755834829
3006	Urnäsch	44.26	51826.697892272
3007	Waldstatt	42.5201	62621.649484536
3021	Bühler	35.1677	58418.106312292
3022	Gais	87.2759	69431.901352426
3023	Speicher	137.0599	76271.508069004
3024	Teufen (AR)	277.9337	98418.449008499
3025	Trogen	45.7706	67607.976366322
3031	Grub (AR)	24.3882	57929.216152019
3032	Heiden	105.8888	62916.69637552
3033	Lutzenberg	36.2044	67169.573283859
3034	Rehetobel	47.9235	66101.379310345
3035	Reute (AR)	17.5638	61197.909407666
3036	Wald (AR)	19.4888	59598.77675841
3037	Walzenhausen	55.9805	64050.915331808
3038	Wolfhalden	46.8244	66042.87729196
3101	Appenzell	186.4599	72383.501552795
3102	Gonten	36.6048	58380.861244019
3103	Rüte	100.0984	77355.795981453
3104	Schlatt-Haslen	23.3774	52181.696428571
3105	Schwende	54.8001	65472.043010753
3111	Oberegg	56.9366	68515.764139591
3201	Häggenschwil	27.2233	63457.575757576
3202	Muolen	27.9573	62544.295302013
3203	St. Gallen	2156.276	65112.815557435
3204	Wittenbach	251.0215	64134.261624936
3211	Berg (SG)	23.9452	73677.538461538
3212	Eggersriet	63.5588	69311.668484188
3213	Goldach	268.3524	63650.948766603
3214	Mörschwil	162.4446	107650.49701789
3215	Rorschach	184.7201	53264.158016148
3216	Rorschacherberg	206.8852	69354.743546765
3217	Steinach	91.9166	64912.853107345
3218	Tübach	47.4923	86349.636363636
3219	Untereggen	28.1225	68927.696078431
3231	Au (SG)	196.6276	64383.628028815
3232	Balgach	137.1185	68082.671300894
3233	Berneck	106.5606	69921.653543307
3234	Diepoldsau	153.7349	65726.763574177
3235	Rheineck	76.5722	56973.363095238
3236	St. Margrethen	117.1559	53011.719457014
3237	Thal	168.621	66125.882352941
3238	Widnau	226.9759	64081.281761716
3251	Altstätten	262.1916	60622.335260116
3252	Eichberg	33.6142	62947.940074906
3253	Marbach (SG)	47.4228	65591.701244813
3254	Oberriet (SG)	192.9685	59247.313478661
3255	Rebstein	101.4305	59982.55470136
3256	Rüthi (SG)	47.3574	57752.926829268
3271	Buchs (SG)	321.4096	61797.65429725
3272	Gams	73.7721	61323.441396509
3273	Grabs	173.502	64212.435233161
3274	Sennwald	115.2811	55772.181906144
3275	Sevelen	115.2192	59299.639732373
3276	Wartau	121.3421	59686.227250369
3291	Bad Ragaz	149.4276	61215.731257681
3292	Flums	95.7386	50335.751840168
3293	Mels	195.39	57315.928424758
3294	Pfäfers	30.2861	54276.164874552
3295	Quarten	62.1251	50181.82552504
3296	Sargans	144.9834	59811.633663366
3297	Vilters-Wangs	108.5266	59434.063526835
3298	Walenstadt	133.0747	60903.752860412
3311	Amden	46.4739	58311.04140527
3312	Benken (SG)	59.608	63144.06779661
3313	Kaltbrunn	101.7257	59663.167155425
3314	Rieden	18.6145	68942.592592593
3315	Schänis	81.3641	57951.638176638
3316	Weesen	45.6053	68067.611940299
3331	Ernetschwil	34.7356	62138.819320215
3332	Eschenbach (SG)	146.7085	67889.171679778
3333	Goldingen	23.1699	58509.848484849
3334	Gommiswald	74.8906	65463.811188811
3337	St. Gallenkappel	46.1022	66238.793103448
3338	Schmerikon	97.3962	67495.634095634
3339	Uznach	145.3801	66292.795257638
3340	Rapperswil-Jona	984.142	79700.518302559
3352	Ebnat-Kappel	105.9145	54482.767489712
3356	Stein (SG)	5.3379	49886.91588785
3358	Nesslau-Krummenau	68.5563	54237.579113924
3359	Wildhaus-Alt St. Johann	54.7159	50709.823911029
3372	Hemberg	16.1079	52640.196078431
3373	Krinau	4.0627	47240.697674419
3374	Lichtensteig	47.9538	57845.355850422
3375	Oberhelfenschwil	26.5881	58179.649890591
3377	Wattwil	176.1951	56095.224450812
3378	Neckertal	78.1495	51011.422976501
3391	Bütschwil	77.5198	58461.387631976
3392	Kirchberg (SG)	178.4469	59601.503006012
3393	Lütisburg	30.935	62243.460764588
3394	Mosnang	52.8708	55304.184100418
3401	Degersheim	85.0873	59252.994428969
3402	Flawil	247.0666	62675.443937088
3403	Ganterschwil	24.0764	57188.598574822
3405	Jonschwil	92.2958	65690.960854092
3407	Oberuzwil	155.6721	65601.390644753
3408	Uzwil	324.565	64848.151848152
3421	Bronschhofen	119.7889	64437.278106509
3422	Niederbüren	30.7328	60977.777777778
3423	Niederhelfenschwil	68.5682	68363.110667996
3424	Oberbüren	110.9981	65991.736028538
3425	Wil (SG)	580.791	70415.979631426
3426	Zuzwil (SG)	154.4053	79919.927536232
3441	Andwil (SG)	49.3285	71283.959537572
3442	Gaiserwald	263.4247	76845.011668611
3443	Gossau (SG)	515.9622	65138.517863906
3444	Waldkirch	79.471	65787.251655629
3501	Alvaschein	2.7126	50233.333333333
3502	Mon	1.551	44314.285714286
3503	Mutten	1.443	45093.75
3504	Stierva	2.065	48023.255813954
3505	Tiefencastel	5.4995	52376.190476191
3506	Vaz/Obervaz	98.7492	56299.429874572
3511	Alvaneu	9.7406	44275.454545455
3512	Brienz/Brinzauls	3.334	37460.674157303
3513	Lantsch/Lenz	14.3382	43714.024390244
3514	Schmitten (GR)	5.5194	46381.512605042
3515	Surava	4.1877	50454.21686747
3521	Bergün/Bravuogn	11.0855	46189.583333333
3522	Filisur	10.1801	60595.833333333
3531	Bivio	4.9785	39200.787401575
3532	Cunter	5.0094	40075.2
3533	Marmorera	3.0809	118496.15384615
3534	Mulegns	0.7922	56585.714285714
3536	Riom-Parsonz	6.4458	39065.454545455
3538	Salouf	4.5777	45777
3539	Savognin	24.4852	45092.449355433
3540	Sur	1.5748	36623.255813954
3541	Tinizong-Rona	7.968	49490.683229814
3551	Brusio	24.5976	52003.382663848
3561	Poschiavo	80.4333	56683.086680761
3571	Castrisch	9.1932	53448.837209302
3572	Falera	17.3374	45745.118733509
3574	Ilanz	57.8661	63241.639344262
3575	Laax	52.7218	43285.550082102
3576	Ladir	2.7815	34768.75
3577	Luven	3.8887	52550
3578	Pitasch	1.8901	45002.380952381
3579	Riein	1.3247	47310.714285714
3580	Ruschein	7.7682	45428.070175439
3581	Sagogn	17.1071	49729.941860465
3582	Schluein	12.4498	48632.03125
3583	Schnaus	1.8407	48439.47368421
3584	Sevgein	4.4248	58997.333333333
3586	Valendas	4.8626	49117.171717172
3587	Versam	4.0715	45238.888888889
3592	Cumbel	4.8103	50634.736842105
3593	Duvin	0.8764	39836.363636364
3594	Degen	4.999	43850.877192983
3595	Lumbrein	7.8446	44571.590909091
3596	Morissen	4.6114	43503.773584906
3598	St. Martin	0.2659	33237.5
3599	Suraua	4.3529	46307.446808511
3603	Vals	24.261	48913.306451613
3604	Vignogn	3.537	44772.151898734
3605	Vella	9.5483	52463.186813187
3606	Vrin	4.2182	47395.505617977
3611	Andiast	3.4544	37547.826086956
3612	Obersaxen	18.7177	43128.341013825
3613	Pigniu	0.9312	49010.52631579
3614	Rueun	9.3934	51612.087912088
3615	Siat	3.5686	53262.686567164
3616	Waltensburg/Vuorz	7.6255	43574.285714286
3617	Mundaun	7.5574	39567.539267016
3631	Almens	5.5024	64734.117647059
3633	Fürstenau	8.0747	64084.920634921
3634	Paspels	11.6959	70457.228915663
3635	Pratval	7.9253	72709.174311927
3636	Rodels	7.0472	60232.478632479
3637	Rothenbrunnen	6.8386	57954.237288136
3638	Scharans	21.1159	61028.612716763
3640	Sils im Domleschg	21.0956	66130.407523511
3651	Safien	3.8339	43077.528089888
3652	Tenna	0.8626	45400
3661	Cazis	40.7453	55210.433604336
3662	Flerden	3.9152	48335.802469136
3663	Masein	9.9043	60392.073170732
3668	Thusis	65.5502	60920.260223048
3669	Tschappina	2.0359	39919.607843137
3670	Urmein	3.4294	51960.606060606
3671	Tomils	15.2282	56610.408921933
3681	Avers	3.1157	53718.965517241
3691	Hinterrhein	1.0687	41103.846153846
3693	Nufenen	2.7436	63804.651162791
3694	Splügen	10.6627	44990.29535865
3695	Sufers	2.751	58531.914893617
3701	Andeer	19.9796	57248.137535817
3703	Casti-Wergenstein	0.8759	58393.333333333
3705	Donat	3.2281	48910.606060606
3707	Lohn (GR)	0.4969	38223.076923077
3708	Mathon	0.8886	34176.923076923
3711	Rongellen	1.311	52440
3712	Zillis-Reischen	8.9041	56714.012738853
3713	Ferrera	2.527	56155.555555556
3721	Bonaduz	75.3167	67669.991015274
3722	Domat/Ems	187.6907	64277.636986301
3723	Rhäzüns	29.1497	62020.638297872
3731	Felsberg	68.2133	72877.457264957
3732	Flims	89.0996	52815.411973918
3733	Tamins	34.0356	66346.198830409
3734	Trin	31.3079	55119.542253521
3741	Ardez	11.0257	60580.769230769
3742	Guarda	3.7507	54357.971014493
3743	Lavin	6.2196	62196
3744	Susch	5.3481	58770.32967033
3745	Tarasp	6.4037	34992.896174863
3746	Zernez	27.8216	63087.528344671
3751	Ramosch	9.6841	55023.295454545
3752	Samnaun	22.263	69789.968652038
3753	Tschlin	9.4463	56227.976190476
3761	Ftan	14.0283	60466.810344828
3762	Scuol	60.2477	60733.568548387
3763	Sent	20.9514	55574.00530504
3781	Bever	23.0388	67961.061946903
3782	Celerina/Schlarigna	99.8362	96181.310211946
3783	Madulain	8.8429	47542.47311828
3784	Pontresina	77.202	70056.261343013
3785	La Punt-Chamues-ch	30.0769	53139.399293286
3786	Samedan	106.8907	67824.04822335
3787	St. Moritz	274.2835	86579.387626263
3788	S-chanf	23.5511	71366.96969697
3789	Sils im Engadin/Segl	31.5369	71350.452488688
3790	Silvaplana	52.8989	50815.465898175
3791	Zuoz	42.0559	59485.007072136
3792	Bregaglia	45.2247	54951.032806804
3801	Arvigo	1.9356	42078.260869565
3803	Braggio	1.1011	40781.481481482
3804	Buseno	2.5465	47157.407407407
3805	Castaneda	5.9192	48919.008264463
3806	Cauco	0.7622	44835.294117647
3808	Rossa	2.6942	49892.592592593
3810	Santa Maria in Calanca	3.0615	58875
3811	Selma	0.6716	44773.333333333
3821	Lostallo	16.5632	55956.756756757
3822	Mesocco	32.1008	41743.563068921
3823	Soazza	10.6133	69824.342105263
3831	Cama	17.1185	72844.680851064
3832	Grono	23.2564	60721.671018277
3833	Leggia	2.5422	49847.058823529
3834	Roveredo (GR)	54.8623	59182.63214671
3835	San Vittore	18.2822	60138.815789474
3836	Verdabbio	2.5673	47542.592592593
3847	Val Müstair	33.5726	51255.877862595
3851	Davos	365.771	62524.957264957
3861	Fideris	12.4892	55018.502202643
3862	Furna	2.2548	41755.555555556
3863	Jenaz	25.0486	53867.956989247
3871	Klosters-Serneus	132.9329	62205.38137576
3881	Conters im Prättigau	5.555	52904.761904762
3882	Küblis	17.9834	53842.51497006
3883	Saas	15.9176	51848.859934853
3891	Luzein	24.2563	51390.466101695
3893	St. Antönien	5.1192	44131.034482759
3901	Chur	1120.4475	70084.912741603
3911	Churwalden	51.227	53361.458333333
3921	Arosa	71.5115	54588.93129771
3922	Calfreisen	1.0628	53140
3923	Castiel	1.6977	53053.125
3924	Langwies	7.1255	49828.671328671
3925	Lüen	1.6409	58603.571428571
3926	Maladers	12.0507	52853.947368421
3927	Molinis	2.5415	52947.916666667
3929	Peist	3.0027	44816.417910448
3931	St. Peter-Pagig	5.4435	54984.848484849
3932	Tschiertschen-Praden	7.2736	44623.312883436
3941	Haldenstein	27.1389	68706.075949367
3942	Igis	198.8877	61366.152422092
3943	Mastrils	14.2884	58320
3945	Trimmis	93.0025	72885.971786834
3946	Untervaz	61.9119	64897.169811321
3947	Zizers	92.1732	69407.530120482
3951	Fläsch	21.1482	75529.285714286
3952	Jenins	29.6096	77920
3953	Maienfeld	103.7222	79358.990053558
3954	Malans	79.4759	83046.917450366
3961	Grüsch	45.7152	59680.417754569
3962	Schiers	55.0398	59502.486486487
3972	Seewis im Prättigau	30.6754	57878.113207547
3981	Breil/Brigels	25.7362	46623.550724638
3982	Disentis/Mustér	47.8909	50947.765957447
3983	Medel (Lucmagn)	8.0344	52171.428571429
3984	Schlans	1.2393	44260.714285714
3985	Sumvitg	23.9639	48411.919191919
3986	Tujetsch	47.6394	57885.054678007
3987	Trun	24.7851	49769.277108434
4001	Aarau	723.5695	72118.957440446
4002	Biberstein	62.5716	86068.225584594
4003	Buchs (AG)	217.0565	66155.592807071
4004	Densbüren	18.0614	59608.580858086
4005	Erlinsbach (AG)	127.1319	78914.897579143
4006	Gränichen	196.8	65273.631840796
4007	Hirschthal	48.3977	75151.708074534
4008	Küttigen	205.4904	76704.143337066
4009	Muhen	108.981	66573.610262676
4010	Oberentfelden	207.6362	64204.143475572
4012	Suhr	266.7117	65402.574791564
4013	Unterentfelden	119.6646	70308.225616921
4021	Baden	732.8856	80272.245345016
4022	Bellikon	71.5738	92472.609819121
4023	Bergdietikon	120.2649	102092.44482173
4024	Birmenstorf (AG)	94.0021	78465.859766277
4026	Ennetbaden	149.1629	95555.98975016
4027	Fislisbach	168.3381	69965.960099751
4028	Freienwil	30.6759	79471.243523316
4029	Gebenstorf	147.8443	69770.788107598
4030	Killwangen	64.2298	80690.703517588
4031	Künten	47.3404	69009.329446064
4032	Mägenwil	62.1447	74514.028776978
4033	Mellingen	137.1335	69399.544534413
4034	Neuenhof	197.8005	58108.254994125
4035	Niederrohrdorf	131.16	78257.756563246
4037	Oberrohrdorf	167.7497	90188.010752688
4038	Obersiggenthal	332.7773	90404.047813094
4039	Remetschwil	78.6458	93071.952662722
4040	Spreitenbach	247.8266	60578.489366903
4041	Stetten (AG)	48.3212	71586.962962963
4042	Turgi	78.5806	63938.649308381
4044	Untersiggenthal	208.7192	72246.17514711
4045	Wettingen	740.0853	74665.58716707
4046	Wohlenschwil	43.0854	70400.980392157
4047	Würenlingen	127.1252	71019.664804469
4048	Würenlos	222.9453	87292.599843383
4049	Ehrendingen	136.4435	73160.053619303
4061	Arni (AG)	75.9759	93913.349814586
4062	Berikon	173.0591	82605.775656325
4063	Bremgarten (AG)	207.8954	70954.061433447
4064	Büttikon	30.714	73128.571428571
4065	Dottikon	92.0205	62092.105263158
4066	Eggenwil	34.1343	79753.037383178
4067	Fischbach-Göslikon	42.3741	72064.795918367
4068	Hägglingen	74.4693	71812.24686596
4069	Hermetschwil-Staffeln	33.5312	70443.697478992
4071	Jonen	68.9867	86885.012594458
4072	Niederwil (AG)	70.1327	70984.51417004
4073	Oberlunkhofen	88.9722	96814.145810664
4074	Oberwil-Lieli	111.6861	113042.61133603
4075	Rudolfstetten-Friedlisberg	142.593	76090.181430096
4076	Sarmenstorf	72.0003	70175.730994152
4077	Tägerig	38.6472	69886.43761302
4078	Uezwil	11.332	71270.440251572
4079	Unterlunkhofen	48.2211	81454.560810811
4080	Villmergen	177.7981	64700.909752547
4081	Widen	153.9948	89324.129930394
4082	Wohlen (AG)	384.7653	65016.103413315
4083	Zufikon	148.5477	76927.861211807
4084	Islisberg	18.8569	79902.118644068
4091	Auenstein	59.0719	79611.725067385
4092	Birr	97.5078	63357.894736842
4093	Birrhard	22.2458	74400.668896321
4094	Bözen	18.7775	59235.015772871
4095	Brugg	336.4528	69543.778420835
4096	Effingen	18.39	72401.57480315
4097	Elfingen	8.7745	69638.888888889
4098	Gallenkirch	4.241	70683.333333333
4099	Habsburg	18.5064	95393.81443299
4100	Hausen (AG)	101.9631	74047.276688453
4103	Linn	4.5902	77800
4104	Lupfig	71.5137	70180.274779195
4105	Mandach	7.8198	65165
4106	Mönthal	12.8025	67381.578947368
4107	Mülligen	27.7141	66780.963855422
4108	Oberbözberg	16.0427	76031.753554502
4109	Oberflachs	12.3802	65503.703703704
4110	Remigen	34.4578	76403.10421286
4111	Riniken	44.5961	70563.449367089
4112	Rüfenach	25.9306	71237.912087912
4113	Scherz	19.6371	70637.050359712
4114	Schinznach-Bad	35.0767	66812.761904762
4115	Schinznach-Dorf	54.3757	72597.730307076
4117	Thalheim (AG)	21.4572	64825.377643505
4119	Unterbözberg	25.469	74037.790697674
4120	Veltheim (AG)	40.0617	65782.75862069
4121	Villigen	64.8375	71643.64640884
4122	Villnachern	43.093	69170.144462279
4123	Windisch	181.2971	66312.033650329
4131	Beinwil am See	94.8813	73154.433307633
4132	Birrwil	35.5399	72382.688391039
4133	Burg (AG)	25.087	55997.767857143
4134	Dürrenäsch	33.6669	66535.375494071
4135	Gontenschwil	53.8605	62122.837370242
4136	Holziken	36.5758	60656.384742952
4137	Leimbach (AG)	12.6906	65080
4138	Leutwil	20.9185	66197.784810127
4139	Menziken	127.4212	59128.167053364
4140	Oberkulm	63.028	62465.807730426
4141	Reinach (AG)	191.4667	58552.50764526
4142	Schlossrued	19.0009	56888.922155689
4143	Schmiedrued	24.0433	52958.810572687
4144	Schöftland	115.9569	66185.445205479
4145	Teufenthal (AG)	40.7283	60071.238938053
4146	Unterkulm	69.1297	61176.725663717
4147	Zetzwil	36.6659	63435.813148789
4161	Eiken	60.5899	66074.045801527
4163	Frick	150.7531	69825.428439092
4164	Gansingen	26.6051	63648.564593301
4165	Gipf-Oberfrick	113.2445	78806.193458594
4166	Herznach	39.9323	70551.766784452
4167	Hornussen	22.3784	58125.714285714
4169	Kaisten	74.3321	70323.651844844
4170	Laufenburg	90.9884	69298.095963442
4172	Münchwilen (AG)	26.237	66760.814249364
4173	Oberhof	14.3453	66722.325581395
4175	Oeschgen	24.6013	67033.514986376
4176	Schwaderloch	18.2692	61929.491525424
4177	Sisseln	43.4088	67509.797822706
4179	Ueken	23.2154	68280.588235294
4181	Wittnau	33.2466	64306.769825919
4182	Wölflinswil	24.9324	62487.218045113
4183	Zeihen	27.6687	64047.916666667
4184	Mettauertal	52.4202	62479.380214541
4191	Ammerswil	23.5856	76082.580645161
4192	Boniswil	44.1554	73592.333333333
4193	Brunegg	21.5795	66194.785276074
4194	Dintikon	57.3602	69611.893203884
4195	Egliswil	41.0779	70098.805460751
4196	Fahrwangen	49.6995	62593.828715365
4197	Hallwil	20.6853	58598.583569405
4198	Hendschiken	24.5972	64900.263852243
4199	Holderbank (AG)	29.3513	63668.763557484
4200	Hunzenschwil	99.4275	63735.576923077
4201	Lenzburg	301.7123	75258.742828636
4202	Meisterschwanden	107.642	84757.480314961
4203	Möriken-Wildegg	135.0876	75764.217610768
4204	Niederlenz	111.8995	65939.59929287
4205	Othmarsingen	64.7537	65144.567404427
4206	Rupperswil	148.3627	70380.787476281
4207	Schafisheim	79.7595	68463.090128755
4208	Seengen	137.4342	83394.538834951
4209	Seon	135.8338	66422.39608802
4210	Staufen	91.4791	74921.457821458
4221	Abtwil	23.957	69845.481049563
4222	Aristau	41.681	74033.747779751
4223	Auw	47.7277	68377.793696275
4224	Beinwil (Freiamt)	27.5989	67150.608272506
4225	Benzenschwil	15.9534	63307.142857143
4226	Besenbüren	15.7041	68877.631578947
4227	Bettwil	16.7734	72612.121212121
4228	Boswil	71.3632	62163.066202091
4229	Bünzen	29.0171	65501.354401806
4230	Buttwil	35.5861	73830.082987552
4231	Dietwil	34.4636	68244.752475248
4232	Geltwil	6.113	87328.571428571
4233	Kallern	10.3332	74878.260869565
4234	Merenschwand	76.5669	74049.226305609
4235	Mühlau	29.231	67197.701149425
4236	Muri (AG)	202.874	66910.949868074
4237	Oberrüti	36.4717	69869.157088123
4238	Rottenschwil	24.1845	74413.846153846
4239	Sins	116.9485	70663.746223565
4240	Waltenschwil	75.2327	71718.493803623
4251	Hellikon	19.8022	59288.023952096
4252	Kaiseraugst	180.4782	73785.036794767
4253	Magden	139.4654	90093.927648579
4254	Möhlin	293.8582	68851.499531396
4255	Mumpf	35.4769	66064.990689013
4256	Obermumpf	26.3531	64590.931372549
4257	Olsberg	17.5512	99722.727272727
4258	Rheinfelden	403.6644	73931.208791209
4259	Schupfart	22.5477	63874.504249292
4260	Stein (AG)	90.4221	69395.318495779
4261	Wallbach	67.5603	81792.130750605
4262	Wegenstetten	29.2907	65970.045045045
4263	Zeiningen	83.3511	86824.0625
4264	Zuzgen	25.6133	78810.153846154
4271	Aarburg	177.1133	59916.542625169
4272	Attelwil	7.6431	60659.523809524
4273	Bottenwil	22.8298	65602.873563218
4274	Brittnau	99.4564	65647.788778878
4275	Kirchleerau	21.7261	59360.928961749
4276	Kölliken	116.5628	64292.77440706
4277	Moosleerau	20.5399	61867.168674699
4279	Murgenthal	73.4568	61676.574307305
4280	Oftringen	333.536	60401.303875408
4281	Reitnau	30.4444	65754.64362851
4282	Rothrist	227.3406	64384.1971113
4283	Safenwil	92.2073	59031.562099872
4284	Staffelbach	27.0523	61622.551252847
4285	Strengelbach	119.6576	60894.452926209
4286	Uerkheim	33.3081	59056.914893617
4287	Vordemwald	46.0608	59128.11296534
4288	Wiliberg	4.1515	61051.470588235
4289	Zofingen	385.9812	71096.18714312
4301	Baldingen	7.0194	68817.647058823
4302	Böbikon	4.089	62907.692307692
4303	Böttstein	91.1212	64260.366713681
4304	Döttingen	102.0646	65933.204134367
4305	Endingen	57.7302	71982.793017456
4306	Fisibach	9.8629	64887.5
4307	Full-Reuenthal	21.5266	64450.898203593
4308	Kaiserstuhl	11.7722	66887.5
4309	Klingnau	92.294	68214.338507021
4310	Koblenz	36.8852	59781.52350081
4311	Leibstadt	33.2841	65909.108910891
4312	Lengnau (AG)	73.6838	76119.628099174
4313	Leuggern	58.733	64612.761276128
4314	Mellikon	6.3217	59638.679245283
4315	Rekingen (AG)	21.3479	59135.457063712
4316	Rietheim	15.9252	62945.454545455
4317	Rümikon	4.2586	53906.329113924
4318	Schneisingen	44.1411	73202.487562189
4319	Siglistorf	16.5523	67560.408163265
4320	Tegerfelden	33.2276	70999.145299145
4321	Unterendingen	10.7757	76423.404255319
4322	Wislikofen	9.6755	75003.875968992
4323	Bad Zurzach	122.5584	66499.403147043
4401	Arbon	356.9662	59178.74668435
4406	Dozwil	13.9594	60430.303030303
4411	Egnach	117.4911	70269.796650718
4416	Hefenhofen	26.1463	59558.769931663
4421	Horn	93.3218	72850.741608119
4426	Kesswil	28.7708	70172.682926829
4431	Roggwil (TG)	88.7678	75418.691588785
4436	Romanshorn	263.1512	60300.458295142
4441	Salmsach	31.97	58876.611418048
4446	Sommeri	12.0816	58084.615384615
4451	Uttwil	57.034	75641.909814324
4461	Amriswil	292.6553	57125.766152645
4471	Bischofszell	134.0124	59402.659574468
4476	Erlen	72.6834	60721.303258145
4486	Hauptwil-Gottshaus	45.0346	62116.689655172
4495	Hohentannen	13.7222	64122.429906542
4501	Kradolf-Schönenberg	78.3049	57577.132352941
4506	Sulgen	86.8837	59104.557823129
4511	Zihlschlacht-Sitterdorf	59.4635	74796.855345912
4536	Basadingen-Schlattingen	45.4887	65263.558106169
4545	Diessenhofen	98.1695	65099.137931035
4546	Schlatt (TG)	41.2768	66042.88
4551	Aadorf	244.1432	66797.045143639
4561	Felben-Wellhausen	70.6146	65323.404255319
4566	Frauenfeld	780.8346	69829.601144697
4571	Gachnang	109.6986	76712.307692308
4590	Hüttlingen	21.6675	60523.74301676
4591	Matzingen	64.7789	64778.9
4601	Neunforn	33.5372	73065.795206972
4606	Stettfurt	37.8176	85949.090909091
4611	Thundorf	36.9108	63970.190641248
4616	Uesslingen-Buch	30.9843	68097.362637363
4621	Warth-Weiningen	52.9145	96913.003663004
4641	Altnau	61.548	73534.050179211
4643	Bottighofen	114.5764	115384.08862034
4646	Ermatingen	115.3256	87434.116755118
4651	Gottlieben	12.0971	87660.144927536
4656	Güttingen	38.1308	65970.242214533
4666	Kemmental	60.6585	67100.110619469
4671	Kreuzlingen	543.1309	65217.447166186
4681	Langrickenbach	25.1713	57998.387096774
4683	Lengwil	34.2328	62812.47706422
4691	Münsterlingen	93.1091	74249.681020734
4696	Tägerwilen	115.068	69950.151975684
4701	Wäldi	25.087	60016.746411483
4711	Affeltrangen	56.2151	61169.858541893
4716	Bettwiesen	32.4667	70274.242424242
4721	Bichelsee-Balterswil	69.1262	63128.949771689
4723	Braunau	17.3052	68130.708661417
4724	Eschlikon	123.6165	70799.828178694
4726	Fischingen	67.5359	64504.202483286
4741	Lommis	33.7478	78666.200466201
4746	Münchwilen (TG)	134.9628	66582.535767144
4751	Rickenbach (TG)	69.7803	59336.989795918
4756	Schönholzerswilen	15.2378	56021.323529412
4761	Sirnach	201.2708	65262.905317769
4776	Tobel-Tägerschen	34.0772	58251.623931624
4781	Wängi	119.6518	68844.533947066
4786	Wilen (TG)	58.2554	70441.837968561
4791	Wuppenau	24.9675	67116.935483871
4801	Berlingen	30.6421	72099.058823529
4806	Eschenz	42.8777	59387.396121884
4811	Herdern	25.0186	65322.7154047
4816	Homburg	39.8	68267.581475129
4821	Hüttwilen	48.065	74060.092449923
4826	Mammern	18.9521	80647.234042553
4831	Müllheim	63.5261	62158.610567515
4841	Pfyn	51.6799	64358.530510585
4846	Raperswilen	9.797	61231.25
4851	Salenstein	60.072	96890.322580645
4864	Steckborn	101.2468	65872.999349382
4871	Wagenhausen	40.1546	59488.296296296
4881	Amlikon-Bissegg	32.298	64210.735586481
4891	Berg (TG)	83.6361	66748.683160415
4901	Birwinken	29.3173	59953.578732106
4911	Bürglen (TG)	82.506	57097.577854671
4921	Bussnang	49.2443	60127.35042735
4941	Märstetten	71.8087	70125.68359375
4946	Weinfelden	325.3642	66414.411104307
4951	Wigoltingen	56.4454	61353.695652174
5001	Arbedo-Castione	116.6518	62918.985976267
5002	Bellinzona	476.0111	63808.45844504
5003	Cadenazzo	49.9851	57060.616438356
5004	Camorino	75.5463	68059.72972973
5005	Giubiasco	216.5494	62713.408630177
5006	Gnosca	17.7905	65406.25
5007	Gorduno	19.0704	62731.578947368
5008	Gudo	23.5234	66263.098591549
5009	Isone	10.0991	51264.467005076
5010	Lumino	36.6476	63514.03812825
5012	Moleno	2.862	54000
5013	Monte Carasso	71.4694	65149.863263446
5014	Pianezzo	18.1128	60175.415282392
5015	Preonzo	15.0884	59170.196078431
5017	Sant'Antonino	54.6184	60552.549889135
5018	Sant'Antonio	5.1568	49112.380952381
5019	Sementina	87.6561	68374.492979719
5040	Ludiano	7.1102	51523.188405797
5041	Malvaglia	30.5954	48796.49122807
5046	Semione	8.6513	52751.829268293
5048	Acquarossa	40.0808	48641.747572815
5049	Blenio	39.2343	47905.128205128
5061	Airolo	40.5644	58282.183908046
5062	Anzonico	2.8261	50466.071428571
5063	Bedretto	4.6074	104713.63636364
5064	Bodio	20.8098	56702.452316076
5066	Calpiogna	1.4792	42262.857142857
5067	Campello	1.543	24109.375
5068	Cavagnago	2.1538	37785.964912281
5070	Chironico	8.3644	50086.22754491
5071	Dalpe	8.4582	87197.93814433
5072	Faido	44.9828	54000.960384154
5073	Giornico	19.7019	53104.851752022
5074	Mairengo	9.7954	63606.493506493
5075	Osco	3.847	50618.421052632
5076	Personico	8.2534	56145.578231293
5077	Pollegio	17.4055	57067.213114754
5078	Prato (Leventina)	11.1942	62537.430167598
5079	Quinto	25.0573	53313.404255319
5081	Sobrio	1.5889	37830.952380952
5091	Ascona	220.9278	68996.814490943
5095	Brione (Verzasca)	4.1956	52445
5096	Brione sopra Minusio	24.6128	76437.267080745
5097	Brissago	71.2082	53701.508295626
5099	Cavigliano	19.3923	65074.832214765
5102	Corippo	1.4497	131790.90909091
5105	Frasco	1.7501	43752.5
5108	Gordola	110.9249	62212.507010656
5109	Gresso	0.9305	46525
5112	Lavertezzo	25.3269	54117.307692308
5113	Locarno	377.47	57814.366671772
5115	Losone	169.5424	61899.379335524
5117	Mergoscia	4.236	35300
5118	Minusio	238.8207	66653.837566285
5119	Mosogno	1.0301	39619.230769231
5120	Muralto	93.9299	63295.080862534
5121	Orselina	29.6108	68385.219399538
5125	Ronco sopra Ascona	38.52	69530.685920578
5129	Sonogno	2.0461	45468.888888889
5130	Tegna	27.1344	80279.289940828
5131	Tenero-Contra	62.4958	57493.83624655
5132	Vergeletto	1.6854	41107.317073171
5133	Verscio	29.1883	69661.813842482
5135	Vogorno	6.9441	43673.58490566
5136	Onsernone	5.3192	37197.202797203
5137	Isorno	6.6016	37940.229885058
5138	Cugnasco-Gerra	78.4041	65941.211101766
5141	Agno	119.0522	69337.332556785
5143	Aranno	10.3402	77165.671641791
5144	Arogno	23.4646	60632.041343669
5146	Astano	7.8973	54091.095890411
5148	Bedano	40.8267	69315.280135823
5149	Bedigliora	15.6381	60848.638132296
5151	Bioggio	81.3012	74247.671232877
5154	Bissone	44.3335	86928.431372549
5155	Bogno	3.0824	46703.03030303
5160	Brusino Arsizio	16.1161	57763.799283154
5161	Cademario	23.3988	73581.132075472
5162	Cadempino	49.9944	81823.895253682
5163	Cadro	72.3185	78436.550976139
5167	Canobbio	56.5621	70702.625
5169	Carabietta	6.8861	99798.550724638
5170	Carona	32.2292	77288.24940048
5171	Caslano	102.6636	62409.483282675
5173	Certara	1.13	45200
5174	Cimadera	2.6965	44204.918032787
5176	Comano	94.1996	107045
5178	Croglio	25.2558	64592.83887468
5180	Cureglia	66.0887	110331.71953255
5181	Curio	13.4313	59694.666666667
5186	Grancia	11.592	57960
5187	Gravesano	39.7394	74557.973733583
5189	Lamone	35.2582	54579.256965944
5192	Lugano	1920.3144	78508.356500409
5193	Magliaso	49.6637	75706.859756098
5194	Manno	47.4961	87469.797421731
5195	Maroggia	23.4619	69413.905325444
5196	Massagno	188.0368	74264.139020537
5197	Melano	35.8614	63247.619047619
5198	Melide	58.6366	68741.617819461
5199	Mezzovico-Vira	36.7605	69754.269449715
5200	Miglieglia	5.8144	51003.50877193
5202	Monteggio	20.4707	53588.219895288
5203	Morcote	53.2582	99362.313432836
5205	Muzzano	32.3426	92407.428571429
5206	Neggio	12.6497	81087.820512821
5207	Novaggio	20.8937	60561.449275362
5208	Origlio	56.441	99019.298245614
5210	Paradiso	122.0205	73197.660467906
5212	Ponte Capriasca	62.691	84832.205683356
5213	Ponte Tresa	23.2939	55198.815165877
5214	Porza	86.5281	125767.5872093
5216	Pura	40.4208	67593.311036789
5219	Rovio	25.0032	68128.610354223
5221	Savosa	75.5549	81067.489270386
5222	Sessa	15.6547	55909.642857143
5224	Sonvico	63.7605	79402.864259029
5225	Sorengo	73.4047	107003.93586006
5226	Capriasca	173.0228	65913.447619048
5227	Torricella-Taverne	72.8632	63525.02179599
5229	Valcolla	14.157	52824.626865672
5230	Vernate	24.4229	82509.797297297
5231	Vezia	62.5966	76805.644171779
5233	Vico Morcote	26.3638	95521.014492754
5236	Collina d'Oro	236.8183	115352.31368729
5237	Alto Malcantone	36.4709	60282.479338843
5238	Monteceneri	97.3528	58330.017974835
5242	Balerna	84.5645	60663.199426112
5243	Besazio	28.9042	113796.06299213
5249	Castel San Pietro	72.7653	79611.925601751
5250	Chiasso	180.0695	53655.989272944
5251	Coldrerio	77.5238	65977.70212766
5253	Ligornetto	47.9528	69800.291120815
5254	Mendrisio	355.4474	70581.294678316
5255	Meride	10.5771	66106.875
5257	Morbio Inferiore	119.6799	66341.407982262
5260	Novazzano	80.37	74832.402234637
5263	Riva San Vitale	72.9562	65081.355932203
5266	Stabio	105.5498	63699.336149668
5268	Vacallo	96.9138	72758.108108108
5269	Breggia	56.7117	65486.951501155
5281	Biasca	127.3351	56119.479947113
5282	Claro	64.7533	65275.504032258
5283	Cresciano	12.7104	52306.172839506
5284	Iragna	11.7106	52047.111111111
5285	Lodrino	37.4055	62135.382059801
5286	Osogna	20.1971	55486.538461538
5304	Bosco/Gurin	1.3104	48533.333333333
5307	Campo (Vallemaggia)	1.0177	30839.393939394
5309	Cerentino	1.1055	48065.217391304
5310	Cevio	25.2984	47642.937853107
5315	Linescio	1.6095	57482.142857143
5317	Maggia	54.6203	52875.41142304
5323	Lavizzara	12.5163	47590.494296578
5324	Avegno Gordevio	29.8442	57392.692307692
5397	Centovalli	27.7289	49427.629233512
5398	Gambarogno	133.0732	50655.957365817
5401	Aigle	201.1548	59903.156640858
5402	Bex	137.4826	59593.671434764
5403	Chessel	8.0501	62891.40625
5404	Corbeyrier	10.4191	59879.885057471
5405	Gryon	42.4588	43998.756476684
5406	Lavey-Morcles	18.934	54252.148997135
5407	Leysin	52.4419	46449.867139061
5408	Noville	21.1575	78071.955719557
5409	Ollon	234.9065	62775.654730091
5410	Ormont-Dessous	24.4898	49675.050709939
5411	Ormont-Dessus	44.3175	44184.945164506
5412	Rennaz	16.9843	64334.46969697
5413	Roche (VD)	26.4647	59471.235955056
5414	Villeneuve (VD)	111.1875	61327.909542195
5415	Yvorne	30.0704	67422.421524664
5421	Apples	41.0251	84413.78600823
5422	Aubonne	114.7591	99444.627383016
5423	Ballens	12.1234	64486.170212766
5424	Berolle	7.6993	76993
5425	Bière	33.2961	59992.972972973
5426	Bougy-Villars	28.8746	151971.57894737
5427	Féchy	45.5878	138564.74164134
5428	Gimel	46.1132	72963.924050633
5429	Longirod	14.3114	80855.367231638
5430	Marchissy	12.3413	80662.091503268
5431	Mollens (VD)	7.2458	65277.477477477
5432	Montherod	17.5836	92545.263157895
5434	Saint-George	29.6251	84885.673352435
5435	Saint-Livres	20.0722	84692.827004219
5436	Saint-Oyens	9.0384	78594.782608696
5437	Saubraz	9.047	75391.666666667
5451	Avenches	72.6905	58954.176804542
5456	Cudrefin	39.2985	73592.696629214
5458	Faoug	25.9634	76588.20058997
5464	Vully-les-Lacs	73.6056	70979.363548698
5471	Bettens	12.1848	87034.285714286
5472	Bournens	12.0566	87366.666666667
5473	Boussens	29.0352	83674.92795389
5474	La Chaux (Cossonay)	11.3445	77173.469387755
5475	Chavannes-le-Veyron	3.4716	68070.588235294
5476	Chevilly	8.1404	81404
5477	Cossonay	97.7571	75371.703932151
5478	Cottens (VD)	14.4199	81010.674157303
5479	Cuarnens	11.7098	74584.713375796
5480	Daillens	33.0172	88281.28342246
5481	Dizy	6.6121	85871.428571429
5482	Eclépens	38.7663	93638.405797101
5483	Ferreyres	10.2245	98312.5
5484	Gollion	19.9925	73232.600732601
5485	Grancy	15.0043	99366.225165563
5486	L'Isle	27.6814	66541.826923077
5487	Lussery-Villars	11.1362	63273.863636364
5488	Mauraz	1.3932	66342.857142857
5489	Mex (VD)	32.2084	101925.3164557
5490	Moiry	6.5072	71507.692307692
5491	Mont-la-Ville	8.421	62843.28358209
5492	Montricher	82.2051	247605.72289157
5493	Orny	8.5802	65001.515151515
5494	Pampigny	29.8883	77631.948051948
5495	Penthalaz	88.374	69312.941176471
5496	Penthaz	53.9901	78020.375722543
5497	Pompaples	18.0751	68988.93129771
5498	La Sarraz	64.8159	70605.555555556
5499	Senarclens	16.2563	97929.518072289
5500	Sévery	6.5795	73926.966292135
5501	Sullens	30.5107	84051.515151515
5503	Vufflens-la-Ville	48.9859	92776.325757576
5511	Assens	33.3478	82340.24691358
5512	Bercher	32.3844	77105.714285714
5513	Bioley-Orjulaz	14.6622	77577.777777778
5514	Bottens	37.4782	77115.637860082
5515	Bretigny-sur-Morrens	23.9985	72943.76899696
5516	Cugy (VD)	81.8652	86721.610169491
5518	Echallens	148.3751	73091.18226601
5520	Essertines-sur-Yverdon	26.7688	75618.079096045
5521	Etagnières	28.9193	77324.331550802
5522	Fey	15.7998	67810.300429184
5523	Froideville	60.9734	80546.103038309
5527	Morrens (VD)	38.9686	88969.406392694
5529	Oulens-sous-Echallens	16.6006	79050.476190476
5530	Pailly	13.3461	78506.470588235
5531	Penthéréaz	12.0893	80061.589403973
5533	Poliez-Pittet	20.3395	69181.972789116
5534	Rueyres	6.4856	71270.32967033
5535	Saint-Barthélemy (VD)	18.8642	69609.594095941
5537	Villars-le-Terroir	26.4485	73468.055555556
5539	Vuarrens	17.2029	69366.532258065
5540	Montilliez	43.9689	75808.448275862
5541	Goumoëns	27.9401	77827.576601671
5551	Bonvillars	13.8168	74685.405405405
5552	Bullet	15.9065	57217.625899281
5553	Champagne	24.3417	70351.734104046
5554	Concise	21.6844	68405.047318612
5555	Corcelles-près-Concise	8.2145	68454.166666667
5556	Fiez	11.2633	77677.931034483
5557	Fontaines-sur-Grandson	4.8335	76722.222222222
5559	Giez	13.4513	88495.394736842
5560	Grandevent	5.5984	73663.157894737
5561	Grandson	93.1825	74367.517956903
5562	Mauborget	2.5602	62443.902439024
5563	Mutrux	3.2976	61066.666666667
5564	Novalles	2.8425	64602.272727273
5565	Onnens (VD)	13.8924	73117.894736842
5566	Provence	7.9659	52064.705882353
5568	Sainte-Croix	95.5682	51078.674505612
5571	Tévenon	18.4324	62482.711864407
5581	Belmont-sur-Lausanne	149.5296	107885.71428571
5582	Cheseaux-sur-Lausanne	126.9208	76320.384846663
5583	Crissier	175.7355	73253.647353064
5584	Epalinges	345.2711	101819.8466529
5585	Jouxtens-Mézery	85.9193	163968.12977099
5586	Lausanne	3517.9584	70305.735640913
5587	Le Mont-sur-Lausanne	247.656	99700.483091787
5588	Paudex	84.154	136392.22042139
5589	Prilly	297.391	62979.881406184
5590	Pully	917.1163	115622.3272819
5591	Renens (VD)	406.6205	59867.564782097
5592	Romanel-sur-Lausanne	97.9053	70283.776022972
5601	Chexbres	82.3233	82241.058941059
5604	Forel (Lavaux)	60.0752	75948.419721871
5606	Lutry	538.4395	124264.8280637
5607	Puidoux	80.7436	78315.809893307
5609	Rivaz	13.262	90835.616438356
5610	Saint-Saphorin (Lavaux)	13.5111	86057.96178344
5611	Savigny	118.6643	87381.664212077
5613	Bourg-en-Lavaux	231.8469	105817.84573254
5621	Aclens	15.6228	73346.478873239
5622	Bremblens	21.4745	106838.30845771
5623	Buchillon	43.7501	179303.68852459
5624	Bussigny-près-Lausanne	223.4052	71673.147256978
5625	Bussy-Chardonney	13.2687	93441.549295775
5627	Chavannes-près-Renens	132.0733	58751.46797153
5628	Chigny	15.4168	130650.84745763
5629	Clarmont	4.4116	76062.068965517
5631	Denens	31.3997	110174.38596491
5632	Denges	48.5998	82934.812286689
5633	Echandens	94.71	97538.619979403
5634	Echichens	97.627	101272.82157676
5635	Ecublens (VD)	308.0542	72964.045476078
5636	Etoy	92.0053	94267.725409836
5637	Lavigny	24.832	85923.875432526
5638	Lonay	109.0538	106706.26223092
5639	Lully (VD)	37.5356	124290.06622517
5640	Lussy-sur-Morges	51.0784	237573.95348837
5642	Morges	475.7091	73129.761721752
5643	Préverenges	205.2368	95636.905871389
5644	Reverolle	12.3199	91258.518518518
5645	Romanel-sur-Morges	18.4571	92285.5
5646	Saint-Prex	208.3034	97338.037383178
5648	Saint-Sulpice (VD)	181.6097	132272.17771304
5649	Tolochenaz	55.0823	80061.482558139
5650	Vaux-sur-Morges	43.5603	726005
5651	Villars-Sainte-Croix	26.1024	90319.723183391
5652	Villars-sous-Yens	21.451	93265.217391304
5653	Vufflens-le-Château	41.6576	144644.44444444
5654	Vullierens	14.9366	80304.301075269
5655	Yens	43.0614	103512.98076923
5661	Boulens	7.8478	68241.739130435
5662	Brenles	4.2484	72006.779661017
5663	Bussy-sur-Moudon	5.3988	61350
5664	Chapelle-sur-Moudon	9.7529	59833.742331288
5665	Chavannes-sur-Moudon	4.7615	64344.594594595
5666	Chesalles-sur-Moudon	3.8449	59152.307692308
5667	Correvon	3.113	67673.913043478
5668	Cremin	1.0477	45552.173913044
5669	Curtilles	6.7641	58818.260869565
5670	Denezy	4.1384	55924.324324324
5671	Dompierre (VD)	5.565	59202.127659575
5672	Forel-sur-Lucens	4.4815	66888.059701493
5673	Hermenches	8.6839	64325.185185185
5674	Lovatens	3.4087	56811.666666667
5675	Lucens	58.4291	57565.615763547
5676	Martherenges	1.7421	69684
5678	Moudon	91.5947	58229.30705658
5679	Neyruz-sur-Moudon	3.1835	66322.916666667
5680	Ogens	7.1796	61893.103448276
5682	Peyres-Possens	3.5239	64070.909090909
5683	Prévonloup	3.1493	58320.37037037
5684	Rossenges	1.9946	104978.94736842
5685	Saint-Cierges	14.3041	71164.676616915
5686	Sarzens	1.5519	62076
5688	Syens	3.9331	78662
5689	Thierrens	16.2962	60356.296296296
5690	Villars-le-Comte	3.2561	58144.642857143
5692	Vucherens	15.8381	69465.350877193
5701	Arnex-sur-Nyon	10.9434	160932.35294118
5702	Arzier	99.512	114909.93071594
5703	Bassins	44.6284	99174.222222222
5704	Begnins	73.2578	107258.8579795
5705	Bogis-Bossey	39.985	130669.93464052
5706	Borex	49.0405	142146.37681159
5707	Chavannes-de-Bogis	50.4489	134890.10695187
5708	Chavannes-des-Bois	40.7163	148059.27272727
5709	Chéserex	64.3991	133608.09128631
5710	Coinsins	18.1803	111535.58282209
5711	Commugny	146.139	153507.35294118
5712	Coppet	192.1857	169775.35335689
5713	Crans-près-Céligny	142.4929	173349.02676399
5714	Crassier	48.0855	117281.70731707
5715	Duillier	50.9938	121125.41567696
5716	Eysins	48.6804	98743.204868154
5717	Founex	199.4596	176045.54280671
5718	Genolier	107.0608	149526.25698324
5719	Gingins	64.1449	134475.68134172
5720	Givrins	50.3291	137887.94520548
5721	Gland	391.6247	89086.601455869
5722	Grens	13.8941	114827.27272727
5723	Mies	115.5271	178007.85824345
5724	Nyon	697.0961	90791.364938786
5725	Prangins	196.9266	130501.3916501
5726	La Rippe	50.912	128565.65656566
5727	Saint-Cergue	71.9538	74026.543209877
5728	Signy-Avenex	24.1978	120989
5729	Tannay	88.3037	162621.91528545
5730	Trélex	75.3847	152292.32323232
5731	Le Vaud	44.1635	98359.688195991
5732	Vich	36.7939	114980.9375
5741	L'Abergement	6.8404	71254.166666667
5742	Agiez	6.647	66470
5743	Arnex-sur-Orbe	15.7341	66109.663865546
5744	Ballaigues	24.1371	63518.684210526
5745	Baulmes	25.2084	64803.084832905
5746	Bavois	19.6224	63709.090909091
5747	Bofflens	4.9421	62558.227848101
5748	Bretonnières	5.2448	63960.975609756
5749	Chavornay	88.8267	66239.149888143
5750	Les Clées	4.9818	76643.076923077
5751	Corcelles-sur-Chavornay	9.1998	69171.428571429
5752	Croy	8.7668	64939.259259259
5754	Juriens	7.7363	67862.280701754
5755	Lignerolle	10.2171	65916.774193548
5756	Montcherand	14.0624	79002.247191011
5757	Orbe	150.7097	64104.508719694
5758	La Praz	3.7874	66445.614035088
5759	Premier	4.8203	60253.75
5760	Rances	12.0727	71436.094674556
5761	Romainmôtier-Envy	10.0758	56605.617977528
5762	Sergey	3.3132	62513.20754717
5763	Valeyres-sous-Rances	14.6649	74065.151515152
5764	Vallorbe	75.33	57679.938744257
5765	Vaulion	10.9494	54747
5766	Vuiteboeuf	10.8147	61447.159090909
5781	Bussigny-sur-Oron	2.7379	88319.35483871
5782	Carrouge (VD)	25.111	69176.308539945
5783	Châtillens	10.3566	63537.423312883
5784	Chesalles-sur-Oron	6.2366	67060.215053764
5785	Corcelles-le-Jorat	13.2708	72123.913043478
5786	Les Cullayes	25.5506	91252.142857143
5787	Ecoteaux	9.1413	73130.4
5788	Essertes	9.271	78567.79661017
5789	Ferlens (VD)	9.155	74430.894308943
5790	Maracon	12.5304	71195.454545455
5791	Mézières (VD)	35.8285	78399.343544858
5792	Montpreveyres	15.2775	75631.188118812
5793	Oron-la-Ville	35.9958	65566.120218579
5794	Oron-le-Châtel	7.4622	76929.896907217
5795	Palézieux	29.7065	59771.629778672
5798	Ropraz	10.1379	66696.710526316
5799	Servion	34.7583	81784.235294118
5800	Les Tavernes	3.7381	73296.078431373
5801	Les Thioleyres	5.7156	73276.923076923
5802	Vuibroye	3.9543	77535.294117647
5803	Vulliens	12.6005	71189.265536723
5804	Jorat-Menthue	38.2092	72503.225806452
5812	Champtauroz	2.4903	56597.727272727
5813	Chevroux	10.1593	63894.968553459
5816	Corcelles-près-Payerne	45.2733	63054.735376045
5817	Grandcour	20.1476	65414.285714286
5819	Henniez	6.9194	60168.695652174
5821	Missy	6.7821	57475.423728814
5822	Payerne	185.1045	60196.585365854
5827	Trey	6.0397	65648.913043478
5828	Treytorrens (Payerne)	2.7089	58889.130434783
5830	Villarzel	9.8559	61599.375
5831	Valbroye	63.0741	62203.25443787
5841	Château-d'Oex	79.8562	50478.002528445
5842	Rossinière	11.2008	56856.852791878
5843	Rougemont	40.988	69119.730185497
5851	Allaman	16.2497	99083.536585366
5852	Bursinel	28.1332	147294.2408377
5853	Bursins	32.8264	102582.5
5854	Burtigny	10.2702	85585
5855	Dully	43.1717	195347.05882353
5856	Essertines-sur-Rolle	21.907	100953.91705069
5857	Gilly	45.6762	118026.35658915
5858	Luins	25.6769	110676.29310345
5859	Mont-sur-Rolle	107.9244	108685.19637462
5860	Perroy	65.8076	118358.99280576
5861	Rolle	204.5506	93316.879562044
5862	Tartegnin	7.2689	92011.392405063
5863	Vinzel	14.9388	123461.15702479
5871	L'Abbaye	39.2414	68965.553602812
5872	Le Chenit	112.393	62684.327941997
5873	Le Lieu	24.3434	63893.43832021
5881	Blonay	267.6481	107792.22714458
5882	Chardonne	119.8158	94194.811320755
5883	Corseaux	108.1649	111971.94616977
5884	Corsier-sur-Vevey	90.7085	66943.542435424
5885	Jongny	63.7727	101226.50793651
5886	Montreux	733.5502	69782.172754947
5888	Saint-Légier-La Chiésaz	231.1135	119130.67010309
5889	La Tour-de-Peilz	396.5945	83178.376677852
5890	Vevey	459.624	66825.239895318
5891	Veytaux	31.2883	71762.155963303
5902	Belmont-sur-Yverdon	8.1989	67204.098360656
5903	Bioley-Magnoux	4.2472	58988.888888889
5904	Chamblon	20.6946	84813.93442623
5905	Champvent	11.6351	81937.323943662
5906	Chanéaz	2.8856	77989.189189189
5907	Chavannes-le-Chêne	6.7089	64508.653846154
5908	Chêne-Pâquier	3.1806	70680
5909	Cheseaux-Noréaz	28.0291	104977.90262172
5910	Cronay	9.1917	65189.361702128
5911	Cuarny	4.684	65055.555555556
5912	Démoret	3.8448	60075
5913	Donneloye	17.1801	74052.155172414
5914	Ependes (VD)	8.567	65900
5915	Essert-Pittet	3.4499	67645.098039216
5916	Essert-sous-Champvent	4.1025	75972.222222222
5919	Mathod	14.1051	70174.626865672
5921	Molondin	5.0593	58152.873563218
5922	Montagny-près-Yverdon	21.1238	75712.544802867
5923	Oppens	4.6381	67218.84057971
5924	Orges	8.683	72966.386554622
5925	Orzens	5.2977	65403.703703704
5926	Pomy	20.5836	78264.63878327
5927	Prahins	2.8998	59179.591836735
5928	Rovray	3.6937	57714.0625
5929	Suchy	12.8411	79266.049382716
5930	Suscévaz	5.2122	64348.148148148
5931	Treycovagnes	13.715	73342.245989305
5932	Ursins	6.986	84168.674698795
5933	Valeyres-sous-Montagny	20.4892	74506.181818182
5934	Valeyres-sous-Ursins	6.0171	73379.268292683
5935	Villars-Epeney	3.9046	125954.83870968
5936	Villars-sous-Champvent	1.6503	78585.714285714
5937	Vugelles-La Mothe	2.3306	59758.974358974
5938	Yverdon-les-Bains	619.2702	60105.813840629
5939	Yvonand	65.503	67528.865979382
6001	Birgisch	5.2531	55295.789473684
6002	Brig-Glis	354.164	64853.323567112
6004	Eggerberg	7.3529	54065.441176471
6006	Mund	12.6545	54781.385281385
6007	Naters	219.2448	56550.116069126
6008	Ried-Brig	49.8415	62614.949748744
6009	Simplon	8.5304	57637.837837838
6010	Termen	22.3094	61628.17679558
6011	Zwischbergen	2.0997	52492.5
6021	Ardon	55.3751	58045.178197065
6022	Chamoson	77.4109	54476.354679803
6023	Conthey	181.5732	57296.686651941
6024	Nendaz	161.6335	42301.360900288
6025	Vétroz	113.382	67328.978622328
6031	Bagnes	359.3431	65311.359505634
6032	Bourg-Saint-Pierre	4.1422	48165.11627907
6033	Liddes	12.6542	47932.575757576
6034	Orsières	65.6223	48645.14455152
6035	Sembrancher	18.1185	48187.5
6036	Vollèges	34.7666	53652.160493827
6052	Bellwald	9.5736	25529.6
6054	Binn	2.9574	45498.461538462
6055	Blitzingen	2.2407	34472.307692308
6056	Ernen	11.8944	36263.414634146
6057	Fiesch	23.5084	42587.68115942
6058	Fieschertal	6.5106	42832.894736842
6061	Lax	5.4205	28085.492227979
6064	Niederwald	0.7676	47975
6073	Grafschaft	3.8827	39619.387755102
6074	Münster-Geschinen	10.9005	47600.436681223
6075	Reckingen-Gluringen	8.8344	43952.23880597
6076	Obergoms	13.5759	46176.530612245
6081	Les Agettes	8.0646	36491.402714932
6082	Ayent	96.6109	42041.296779809
6083	Evolène	40.4098	43592.017259978
6084	Hérémence	40.0058	43674.454148472
6087	Saint-Martin (VS)	19.6941	48269.852941176
6089	Vex	50.4207	37459.658246657
6090	Mont-Noble	25.9113	45698.941798942
6101	Agarn	16.1484	56266.202090592
6102	Albinen	5.4816	38066.666666667
6104	Ergisch	4.3108	52570.731707317
6105	Erschmatt	6.2196	49361.904761905
6109	Inden	2.5724	44351.724137931
6110	Leuk	79.5519	53860.460392688
6111	Leukerbad	32.7803	38250.058343057
6112	Oberems	2.1427	48697.727272727
6113	Salgesch	33.5347	63153.860640301
6114	Turtmann	22.2325	52559.101654846
6115	Unterems	3.5631	44538.75
6116	Varen	14.6771	52231.672597865
6117	Guttet-Feschel	9.4145	46376.84729064
6118	Gampel-Bratsch	44.1424	55525.031446541
6131	Bovernier	17.9932	52921.176470588
6132	Charrat	28.4519	56564.413518887
6133	Fully	179.7761	61294.272076372
6134	Isérables	20.5526	45071.49122807
6135	Leytron	72.0492	53448.961424332
6136	Martigny	422.3516	63655.101733233
6137	Martigny-Combe	53.5722	55746.305931321
6139	Riddes	57.6807	43499.773755656
6140	Saillon	48.5168	57416.331360947
6141	Saxon	89.7084	54533.981762918
6142	Trient	3.4635	54976.190476191
6151	Champéry	40.317	44014.192139738
6152	Collombey-Muraz	173.1314	63674.659801398
6153	Monthey	419.0793	60386.066282421
6154	Port-Valais	86.9593	59561.164383562
6155	Saint-Gingolph	23.4271	52060.222222222
6156	Troistorrents	117.1548	56733.559322034
6157	Val-d'Illiez	45.458	43625.719769674
6158	Vionnaz	53.5756	52525.098039216
6159	Vouvry	86.7929	58446.397306397
6171	Betten	12.2943	33683.01369863
6172	Bister	0.9902	30943.75
6173	Bitsch	20.8373	54691.076115486
6177	Grengiols	8.0018	43965.934065934
6178	Martisberg	0.3026	21614.285714286
6181	Riederalp	13.2486	32874.937965261
6191	Ausserberg	14.8046	56291.254752852
6192	Blatten	6.3955	46010.791366907
6193	Bürchen	16.9768	42336.159600997
6194	Eischoll	10.5542	45689.177489177
6195	Ferden	5.5792	50720
6197	Kippel	8.5805	45885.026737968
6198	Niedergesteln	17.957	59657.80730897
6199	Raron	43.875	59856.753069577
6201	Unterbäch	10.1933	46333.181818182
6202	Wiler (Lötschen)	11.3143	40698.920863309
6203	Mörel-Filet	15.8267	43720.165745856
6204	Steg-Hohtenn	41.4748	59080.911680912
6211	Collonges	13.4817	52254.651162791
6212	Dorénaz	17.0032	55566.013071895
6213	Evionnaz	25.1277	54388.961038961
6214	Finhaut	11.8413	56119.90521327
6215	Massongex	36.7851	59813.170731707
6216	Mex (VS)	2.6329	43162.295081967
6217	Saint-Maurice	85.561	55812.785388128
6218	Salvan	30.7498	45087.683284457
6219	Vernayaz	36.4983	56674.378881988
6220	Vérossaz	14.3531	59310.330578512
6232	Chalais	77.24	50549.738219895
6234	Chermignon	124.3405	70248.870056497
6235	Chippis	30.4866	53112.543554007
6238	Grône	48.912	52368.308351178
6239	Icogne	20.7642	51269.62962963
6240	Lens	153.0606	54489.355642577
6241	Miège	30.6298	63154.226804124
6242	Mollens (VS)	25.023	45413.793103448
6243	Montana	88.1387	52494.758784991
6244	Randogne	110.89	45633.744855967
6246	Saint-Léonard	52.4108	62692.344497608
6248	Sierre	382.059	57695.409241921
6249	Venthône	39.4938	70273.665480427
6250	Veyras	49.9492	69470.375521558
6252	Anniviers	72.2671	32479.595505618
6261	Arbaz	30.4948	53219.546247818
6263	Grimisuat	81.7149	75036.639118457
6264	Salins	24.4178	55748.401826484
6265	Savièse	192.1631	63294.828722003
6266	Sion	841.1609	65302.453225681
6267	Veysonnaz	14.7883	33609.772727273
6281	Baltschieder	30.71	65619.658119658
6282	Eisten	4.4425	45798.969072165
6283	Embd	6.717	56445.37815126
6285	Grächen	28.1011	37974.459459459
6286	Lalden	15.7717	62586.111111111
6287	Randa	8.9941	51690.229885058
6288	Saas-Almagell	6.3974	46357.971014493
6289	Saas-Balen	8.2025	46871.428571429
6290	Saas-Fee	41.1291	43476.849894292
6291	Saas-Grund	19.9556	47513.333333333
6292	St. Niklaus	48.267	50330.55265902
6293	Stalden (VS)	28.5844	54137.121212121
6294	Staldenried	13.2107	52632.270916335
6295	Täsch	18.4081	44356.86746988
6296	Törbel	11.0909	51585.581395349
6297	Visp	200.5182	64579.130434783
6298	Visperterminen	35.1854	57775.697865353
6299	Zeneggen	6.1795	51495.833333333
6300	Zermatt	175.827	65484.916201117
6401	Auvernier	73.8326	96639.528795811
6402	Bevaix	119.3437	76502.371794872
6403	Bôle	57.2281	73652.638352638
6404	Boudry	130.0447	64093.001478561
6405	Brot-Dessous	2.6125	53316.326530612
6406	Colombier (NE)	167.3412	73588.918205805
6407	Corcelles-Cormondrèche	155.1895	80701.768070723
6408	Cortaillod	132.383	69859.102902375
6409	Fresens	5.1285	65750
6410	Gorgier	72.1862	87286.819830713
6411	Montalchez	4.0318	54483.783783784
6412	Peseux	143.733	64310.067114094
6413	Rochefort	34.853	76098.253275109
6414	Saint-Aubin-Sauges	64.7943	65251.057401813
6415	Vaumarcus	9.9003	83900.847457627
6421	La Chaux-de-Fonds	910.4404	60402.069926358
6422	Les Planchettes	4.5059	58518.181818182
6423	La Sagne	23.3258	59963.496143959
6431	Les Brenets	28.9928	64001.766004415
6432	La Brévine	15.146	56939.84962406
6433	Brot-Plamboz	5.2166	59279.545454545
6434	Le Cerneux-Péquignot	7.5174	59661.904761905
6435	La Chaux-du-Milieu	10.776	66110.429447853
6436	Le Locle	232.1303	58811.831770965
6437	Les Ponts-de-Martel	26.5438	56596.588486141
6451	Cornaux	41.1037	63529.675425039
6452	Cressier (NE)	46.8582	65535.944055944
6453	Enges	9.0198	76438.983050847
6454	Hauterive (NE)	85.5744	72336.770921386
6455	Le Landeron	125.2787	69676.696329255
6456	Lignières	24.0373	64270.855614973
6458	Neuchâtel	929.6181	67101.061065396
6459	Saint-Blaise	109.8991	82075.504107543
6461	La Tène	137.7352	73302.394890899
6471	Boudevilliers	19.3932	68046.315789474
6472	Cernier	57.1275	62230.392156863
6473	Chézard-Saint-Martin	47.6169	70858.482142857
6474	Coffrane	18.9496	65797.222222222
6475	Dombresson	38.0686	63027.483443709
6476	Engollon	3.4731	73895.744680851
6477	Fenin-Vilars-Saules	25.9303	78815.501519757
6478	Fontainemelon	46.5149	66072.301136364
6479	Fontaines (NE)	31.7826	74085.314685315
6480	Les Geneveys-sur-Coffrane	36.4791	63774.65034965
6481	Les Hauts-Geneveys	28.9045	67376.456876457
6482	Montmollin	19.8743	79816.465863454
6483	Le Pâquier (NE)	5.2683	68419.48051948
6484	Savagnier	29.893	74546.134663342
6485	Valangin	9.3261	63014.189189189
6486	Villiers	11.4109	71766.666666667
6504	La Côte-aux-Fées	9.3277	52698.870056497
6511	Les Verrières	13.4096	50987.072243346
6512	Val-de-Travers	239.9558	54399.410564498
6601	Aire-la-Ville	46.9621	106009.25507901
6602	Anières	239.4984	295312.45376079
6603	Avully	59.5785	81280.354706685
6604	Avusy	64.4421	115075.17857143
6605	Bardonnex	93.3842	103073.06843267
6606	Bellevue	107.0611	112341.13326338
6607	Bernex	383.4939	96549.320241692
6608	Carouge (GE)	635.6998	78326.737309019
6609	Cartigny	43.897	123653.52112676
6610	Céligny	39.2717	177700
6611	Chancy	41.259	92302.013422819
6612	Chêne-Bougeries	630.0727	153713.75945353
6613	Chêne-Bourg	247.8836	76672.93535416
6614	Choulex	66.0955	153710.46511628
6615	Collex-Bossy	66.5471	122554.51197053
6616	Collonge-Bellerive	573.963	205500.53705693
6617	Cologny	543.5787	292876.45474138
6618	Confignon	182.7845	114168.95690194
6619	Corsier (GE)	124.1221	175561.66902405
6620	Dardagny	47.026	85813.868613139
6621	Genève	6296.4644	83823.212098621
6622	Genthod	191.9492	221650.34642032
6623	Le Grand-Saconnex	310.4467	87375.935828877
6624	Gy	29.7694	161790.2173913
6625	Hermance	54.9262	157381.66189112
6626	Jussy	108.3075	230441.4893617
6627	Laconnex	32.9342	128649.21875
6628	Lancy	874.4639	75875.392624729
6629	Meinier	88.4563	110708.76095119
6630	Meyrin	536.0819	70030.293925539
6631	Onex	516.268	73784.193225668
6632	Perly-Certoux	111.3528	87817.665615142
6633	Plan-les-Ouates	394.3053	106915.7537961
6634	Pregny-Chambésy	201.9059	202108.00800801
6635	Presinge	32.3714	140135.93073593
6636	Puplinge	82.9361	94567.958950969
6637	Russin	40.2836	210908.90052356
6638	Satigny	140.5519	100754.05017921
6639	Soral	28.5676	105027.94117647
6640	Thônex	494.1361	95117.632338787
6641	Troinex	126.0665	144240.84668192
6642	Vandoeuvres	251.3691	264599.05263158
6643	Vernier	739.4155	63874.870421562
6644	Versoix	367.7439	89803.15018315
6645	Veyrier	560.7336	149290.09584665
6701	Bassecourt	74.4705	56674.657534247
6702	Boécourt	20.5781	61982.228915663
6703	Bourrignon	5.2081	51565.346534654
6704	Châtillon (JU)	10.8146	64758.083832335
6705	Corban	10.0183	56922.159090909
6706	Courchapoix	8.5983	54766.242038217
6707	Courfaivre	34.3809	58174.111675127
6708	Courrendlin	56.4618	57032.121212121
6709	Courroux	73.6175	60292.792792793
6710	Courtételle	61.8962	63548.459958932
6711	Delémont	309.1675	62458.080808081
6712	Develier	34.059	63424.581005587
6713	Ederswiler	2.8724	45593.650793651
6714	Glovelier	25.3628	53963.404255319
6715	Mervelier	11.9496	57450
6716	Mettembert	2.144	54974.358974359
6717	Montsevelier	9.8496	52954.838709677
6718	Movelier	8.4741	51358.181818182
6719	Pleigne	7.2398	50627.972027972
6720	Rebeuvelier	8.8096	63837.68115942
6721	Rossemaison	14.8064	66100
6722	Saulcy	5.1165	48728.571428571
6723	Soulce	4.2445	50529.761904762
6724	Soyhières	11.0361	55180.5
6725	Undervelier	4.7199	40688.793103448
6726	Vermes	5.5738	41908.270676692
6727	Vicques	40.1196	60239.63963964
6728	Vellerat	1.9099	53052.777777778
6741	Le Bémont (JU)	6.1413	56863.888888889
6742	Les Bois	26.6702	63804.306220096
6743	Les Breuleux	31.6205	57076.714801444
6744	La Chaux-des-Breuleux	1.8697	47941.025641026
6745	Les Enfers	3.0513	57571.698113208
6748	Les Genevez (JU)	13.3922	57725
6750	Lajoux (JU)	15.4324	59584.555984556
6751	Montfaucon	11.7471	53639.726027397
6753	Muriaux	11.718	61673.684210526
6754	Le Noirmont	41.8852	61686.597938144
6757	Saignelégier	61.1685	58646.692233941
6758	Saint-Brais	3.8175	52294.520547945
6759	Soubey	2.7778	45537.704918033
6771	Alle	35.2208	55994.912559618
6773	Beurnevésin	2.6799	47855.357142857
6774	Boncourt	34.5757	61413.321492007
6775	Bonfol	15.0371	51852.068965517
6776	Bressaucourt	8.839	55243.75
6778	Bure	15.8756	56698.571428571
6781	Coeuve	14.7814	55990.151515151
6782	Cornol	20.3063	54733.962264151
6783	Courchavon	7.6332	63084.297520661
6784	Courgenay	51.967	56363.340563991
6785	Courtedoux	19.3157	64171.760797342
6787	Damphreux	3.5116	54868.75
6789	Fahy	7.4813	51595.172413793
6790	Fontenais	29.4378	58758.083832335
6792	Grandfontaine	7.1443	54956.153846154
6793	Lugnez	4.2248	54867.532467533
6800	Porrentruy	176.4872	60399.452429843
6803	Rocourt	3.4425	57375
6806	Vendlincourt	12.2799	54096.475770925
6807	Basse-Allaine	28.6235	55364.603481625
6808	Clos du Doubs	25.692	49790.697674419
6809	Haute-Ajoie	21.455	51823.671497585
6810	La Baroche	25.211	54806.52173913
