Regions-ID	Regionsname	Anzahl der Personen im Alter von 80 und mehr Jahren	Anteil dieser Bevölkerungsgruppe an der Gesamtbevölkerung in %
1	Aeugst am Albis	70	3.573251659
2	Affoltern am Albis	486	4.2070637119
3	Bonstetten	128	2.4210327218
4	Hausen am Albis	104	2.9997115662
5	Hedingen	103	2.8211448918
6	Kappel am Albis	29	2.8599605523
7	Knonau	69	3.3873343152
8	Maschwanden	26	3.9097744361
9	Mettmenstetten	137	3.0628213727
10	Obfelden	150	3.0444489547
11	Ottenbach	79	3.1004709576
12	Rifferswil	39	3.9039039039
13	Stallikon	107	3.245374583
14	Wettswil am Albis	204	4.3266171792
21	Adlikon	22	3.6184210526
22	Benken (ZH)	26	3.1212484994
23	Berg am Irchel	21	3.6269430052
24	Buch am Irchel	22	2.3732470334
25	Dachsen	76	3.7848605578
26	Dorf	13	2.0123839009
27	Feuerthalen	174	4.974271012
28	Flaach	76	5.5759354365
29	Flurlingen	67	4.698457223
30	Andelfingen	102	4.7375754761
31	Henggart	85	3.7362637363
32	Humlikon	15	3.0120481928
33	Kleinandelfingen	75	3.6372453928
34	Laufen-Uhwiesen	95	5.8210784314
35	Marthalen	72	3.6180904523
36	Oberstammheim	49	4.2497831743
37	Ossingen	55	3.9539899353
38	Rheinau	69	5.247148289
39	Thalheim an der Thur	27	2.9508196721
40	Trüllikon	43	4.253214639
41	Truttikon	15	3.2397408207
42	Unterstammheim	45	5.033557047
43	Volken	13	3.8348082596
44	Waltalingen	32	4.7407407407
51	Bachenbülach	133	3.260603089
52	Bassersdorf	338	2.9638723255
53	Bülach	716	3.7893622651
54	Dietlikon	362	4.7769860121
55	Eglisau	167	3.362867499
56	Embrach	270	2.9624753127
57	Freienstein-Teufen	65	2.8138528139
58	Glattfelden	139	2.8730880529
59	Hochfelden	47	2.3221343874
60	Höri	94	3.5298535486
61	Hüntwangen	36	3.5467980296
62	Kloten	845	4.5991400425
63	Lufingen	33	1.7232375979
64	Nürensdorf	217	4.0297121634
65	Oberembrach	47	4.304029304
66	Opfikon	635	3.6976649391
67	Rafz	169	3.9830308744
68	Rorbas	48	1.7744916821
69	Wallisellen	732	4.7615950042
70	Wasterkingen	19	3.3450704225
71	Wil (ZH)	63	4.6425939573
72	Winkel	137	3.2837967402
81	Bachs	27	4.5150501672
82	Boppelsen	36	2.8037383178
83	Buchs (ZH)	132	2.138690862
84	Dällikon	107	2.7407786885
85	Dänikon	44	2.2598870056
86	Dielsdorf	180	3.0420821362
87	Hüttikon	21	2.987197724
88	Neerach	99	3.2912234043
89	Niederglatt	161	3.4102944291
90	Niederhasli	255	2.8195488722
91	Niederweningen	64	2.2245394508
92	Oberglatt	116	1.747251092
93	Oberweningen	42	2.300109529
94	Otelfingen	96	3.4285714286
95	Regensberg	22	4.4989775051
96	Regensdorf	681	3.8963268108
97	Rümlang	335	4.4353237124
98	Schleinikon	18	2.4657534247
99	Schöfflisdorf	60	4.3196544276
100	Stadel	83	3.8425925926
101	Steinmaur	123	3.6251105217
102	Weiach	46	3.9723661485
111	Bäretswil	193	3.8654115762
112	Bubikon	247	3.5417264124
113	Dürnten	283	3.8227745509
114	Fischenthal	84	3.6160137753
115	Gossau (ZH)	392	4.0110508544
116	Grüningen	133	3.9430773792
117	Hinwil	454	4.2040929716
118	Rüti (ZH)	593	4.93755204
119	Seegräben	37	2.6466380544
120	Wald (ZH)	510	5.3808820426
121	Wetzikon (ZH)	1062	4.4364608572
131	Adliswil	944	5.117085863
132	Hirzel	107	5.0140581068
133	Horgen	1063	5.3062446963
134	Hütten	37	4.0793825799
135	Kilchberg (ZH)	485	6.160294678
136	Langnau am Albis	384	5.1710207379
137	Oberrieden	320	6.3605645001
138	Richterswil	566	4.3421557346
139	Rüschlikon	365	6.5494347748
140	Schönenberg (ZH)	82	4.3524416136
141	Thalwil	886	5.0252396347
142	Wädenswil	1047	4.9282184043
151	Erlenbach (ZH)	267	4.899981648
152	Herrliberg	347	5.5591156681
153	Hombrechtikon	412	4.8873072361
154	Küsnacht (ZH)	1100	7.9428117554
155	Männedorf	596	5.6562588972
156	Meilen	848	6.4053176222
157	Oetwil am See	136	2.957164601
158	Stäfa	758	5.4317448943
159	Uetikon am See	265	4.4448171754
160	Zumikon	383	7.4354494273
161	Zollikon	1106	8.8247027846
171	Bauma	157	3.5910338518
172	Fehraltorf	152	2.4062054773
173	Hittnau	89	2.4423710209
174	Illnau-Effretikon	726	4.4572691552
175	Kyburg	13	3.2098765432
176	Lindau	171	3.1737193764
177	Pfäffikon	526	4.6651884701
178	Russikon	181	4.3074726321
179	Sternenberg	21	6
180	Weisslingen	128	3.9493983338
181	Wila	79	4.1124414368
182	Wildberg	36	3.6217303823
191	Dübendorf	1150	4.3697989892
192	Egg	371	4.4505758157
193	Fällanden	319	3.8940429688
194	Greifensee	204	3.8425315502
195	Maur	458	4.7032244814
196	Mönchaltorf	112	3.0828516378
197	Schwerzenbach	206	4.1167066347
198	Uster	1336	3.9985633904
199	Volketswil	463	2.5112545425
200	Wangen-Brüttisellen	170	2.2292158405
211	Altikon	30	4.4977511244
213	Brütten	88	4.3349753695
214	Dägerlen	31	3.1632653061
215	Dättlikon	21	2.7559055118
216	Dinhard	51	3.4228187919
217	Elgg	207	4.99276411
218	Ellikon an der Thur	30	3.3149171271
219	Elsau	147	4.2338709677
220	Hagenbuch	25	2.2502250225
221	Hettlingen	138	4.5009784736
222	Hofstetten (ZH)	14	2.9045643154
223	Neftenbach	165	2.9978197674
224	Pfungen	97	2.6568063544
225	Rickenbach (ZH)	125	4.8790007806
226	Schlatt (ZH)	25	3.3156498674
227	Seuzach	412	5.6906077348
228	Turbenthal	148	3.3303330333
230	Winterthur	5250	4.9167431493
231	Zell (ZH)	255	4.4768258427
241	Aesch (ZH)	58	4.8986486486
242	Birmensdorf (ZH)	293	4.7303842428
243	Dietikon	1076	4.094835788
244	Geroldswil	213	4.4090250466
245	Oberengstringen	456	6.9607693482
246	Oetwil an der Limmat	86	3.7245560849
247	Schlieren	785	4.3842502094
248	Uitikon	282	7.117617365
249	Unterengstringen	162	4.5390865789
250	Urdorf	467	4.8494288681
251	Weiningen (ZH)	148	3.3529678296
261	Zürich	21772	5.5631785649
298	Wiesendangen	299	4.8832271762
301	Aarberg	220	4.9751243781
302	Bargen (BE)	62	6.3136456212
303	Grossaffoltern	132	4.4776119403
304	Kallnach	111	5.6893900564
305	Kappelen	53	3.9611360239
306	Lyss	595	4.1951632236
307	Meikirch	138	5.7571964956
309	Radelfingen	58	4.7579983593
310	Rapperswil (BE)	121	5
311	Schüpfen	147	3.9945652174
312	Seedorf (BE)	144	4.8517520216
321	Aarwangen	200	4.6382189239
322	Auswil	21	4.5751633987
323	Bannwil	30	4.2735042735
324	Bleienbach	39	5.7949479941
325	Busswil bei Melchnau	14	7.4468085106
326	Gondiswil	46	6.2585034014
329	Langenthal	941	6.143901802
331	Lotzwil	125	4.9721559268
332	Madiswil	193	6.128929819
333	Melchnau	100	6.5061808718
334	Obersteckholz	31	7.4162679426
335	Oeschenbach	13	5.3941908714
336	Reisiswil	11	5.641025641
337	Roggwil (BE)	241	6.1526678581
338	Rohrbach	88	6.2812276945
339	Rohrbachgraben	27	6.6831683168
340	Rütschelen	31	5.467372134
341	Schwarzhäusern	23	4.6277665996
342	Thunstetten	143	4.4701469209
344	Ursenbach	59	6.4906490649
345	Wynau	80	5.0282840981
351	Bern	7943	6.1092950813
352	Bolligen	433	7.1534776144
353	Bremgarten bei Bern	289	6.6390994716
354	Kirchlindach	164	5.6551724138
355	Köniz	2423	6.0578028901
356	Muri bei Bern	1036	7.9895118377
357	Oberbalm	43	4.8478015784
358	Stettlen	141	4.6921797005
359	Vechigen	290	5.7142857143
360	Wohlen bei Bern	504	5.5931639108
361	Zollikofen	722	7.1506388036
362	Ittigen	672	5.9733333333
363	Ostermundigen	1003	6.0081466395
371	Biel/Bienne	3405	6.3446810889
372	Evilard	171	6.7884080985
381	Arch	62	4.0496407577
382	Büetigen	33	4.0293040293
383	Büren an der Aare	182	5.2814857806
385	Diessbach bei Büren	34	3.5160289555
386	Dotzigen	37	2.5983146067
387	Lengnau (BE)	306	6.3118811881
388	Leuzigen	73	5.9253246753
389	Meienried	1	1.8518518519
390	Meinisberg	70	5.21609538
391	Oberwil bei Büren	42	5.0724637681
392	Pieterlen	190	4.7846889952
393	Rüti bei Büren	41	4.9817739976
394	Wengi	32	5.3511705686
401	Aefligen	40	3.7700282752
402	Alchenstorf	27	4.6232876712
403	Bäriswil	53	5.1108968177
404	Burgdorf	1045	6.5320665083
405	Ersigen	93	5.565529623
406	Hasle bei Burgdorf	179	5.4258866323
407	Heimiswil	102	6.3001852996
408	Hellsau	5	2.5641025641
409	Hindelbank	121	5.0755033557
410	Höchstetten	16	5.8394160584
411	Kernenried	26	5.306122449
412	Kirchberg (BE)	297	5.1145169623
413	Koppigen	97	4.5819555975
414	Krauchthal	105	4.5533391154
415	Lyssach	64	4.5325779037
416	Mötschwil	5	3.937007874
417	Niederösch	10	4.2194092827
418	Oberburg	116	3.9726027397
419	Oberösch	5	4.5871559633
420	Rüdtligen-Alchenflüh	102	4.1889117043
421	Rumendingen	2	2.2222222222
422	Rüti bei Lyssach	6	3.550295858
423	Willadingen	9	4.3269230769
424	Wynigen	121	6.001984127
431	Corgémont	109	6.6060606061
432	Cormoret	22	4.4534412955
433	Cortébert	29	4.0446304045
434	Courtelary	78	5.7649667406
435	La Ferrière	19	3.4798534799
436	La Heutte	32	6.4257028112
437	Mont-Tramelan	4	3.5087719298
438	Orvin	73	6.1139028476
439	Péry	61	4.4170890659
441	Renan (BE)	41	4.8009367681
442	Romont (BE)	7	3.4482758621
443	Saint-Imier	410	8.0661026953
444	Sonceboz-Sombeval	89	4.6426708399
445	Sonvilier	54	4.3618739903
446	Tramelan	317	7.2209567198
448	Villeret	50	5.4525627045
449	Sauge	50	6.038647343
491	Brüttelen	24	4.2253521127
492	Erlach	62	4.6062407132
493	Finsterhennen	24	4.5454545455
494	Gals	40	5.1948051948
495	Gampelen	42	4.9763033175
496	Ins	188	5.5196711685
497	Lüscherz	28	5.303030303
498	Müntschemier	61	4.6600458365
499	Siselen	25	4.2808219178
500	Treiten	27	6.3231850117
501	Tschugg	21	4.7727272727
502	Vinelz	46	5.3801169591
532	Bangerten	6	3.9735099338
533	Bätterkinden	105	3.3365109628
535	Deisswil bei Münchenbuchsee	5	5.8823529412
536	Diemerswil	6	3
538	Fraubrunnen	209	4.2942264228
540	Jegenstorf	261	4.7437295529
541	Iffwil	18	4.1860465116
543	Mattstetten	20	3.5971223022
544	Moosseedorf	150	3.7811948576
546	Münchenbuchsee	413	4.183973255
551	Urtenen-Schönbühl	226	3.6569579288
552	Utzenstorf	212	5.039220347
553	Wiggiswil	2	2.0408163265
554	Wiler bei Utzenstorf	49	5.8402860548
556	Zielebach	18	5.421686747
557	Zuzwil (BE)	30	5.2539404553
561	Adelboden	204	5.8993637941
562	Aeschi bei Spiez	99	4.5496323529
563	Frutigen	328	4.8284999264
564	Kandergrund	41	5.2362707535
565	Kandersteg	88	6.7744418784
566	Krattigen	100	9.0415913201
567	Reichenbach im Kandertal	223	6.3568985177
571	Beatenberg	87	7.347972973
572	Bönigen	165	6.5372424723
573	Brienz (BE)	191	6.2154246664
574	Brienzwiler	35	7.3221757322
575	Därligen	17	4.1666666667
576	Grindelwald	220	5.8886509636
577	Gsteigwiler	21	5.1724137931
578	Gündlischwand	16	4.7197640118
579	Habkern	40	6.0606060606
580	Hofstetten bei Brienz	42	7.8504672897
581	Interlaken	360	6.3346823861
582	Iseltwald	27	6.2211981567
584	Lauterbrunnen	163	6.6395112016
585	Leissigen	58	5.9426229508
586	Lütschental	11	4.8672566372
587	Matten bei Interlaken	233	6.07878946
588	Niederried bei Interlaken	23	6.3535911602
589	Oberried am Brienzersee	25	5.4704595186
590	Ringgenberg (BE)	162	6.1737804878
591	Saxeten	10	10.4166666667
592	Schwanden bei Brienz	38	6.4516129032
593	Unterseen	379	6.659638025
594	Wilderswil	144	5.5469953775
602	Arni (BE)	40	4.3243243243
603	Biglen	92	5.2631578947
605	Bowil	58	4.2709867452
606	Brenzikofen	21	4.0152963671
607	Freimettigen	13	2.8446389497
608	Grosshöchstetten	161	4.5960605196
609	Häutligen	10	4.132231405
610	Herbligen	35	5.9931506849
611	Kiesen	24	2.5889967638
612	Konolfingen	289	5.7182429759
613	Landiswil	37	5.8637083994
614	Linden	70	5.4559625877
615	Mirchel	27	4.4117647059
616	Münsingen	719	6.1737935772
617	Niederhünigen	26	4.262295082
619	Oberdiessbach	156	4.4495151169
620	Oberthal	45	6.0240963855
622	Oppligen	28	4.2553191489
623	Rubigen	102	3.49195481
624	Schlosswil	20	3.164556962
625	Tägertschi	9	2.2900763359
626	Walkringen	119	6.5384615385
627	Worb	571	4.9986868598
628	Zäziwil	84	5.198019802
629	Oberhünigen	13	4.0752351097
630	Allmendingen	31	5.6057866184
632	Wichtrach	149	3.6279522766
661	Clavaleyres	0	0
662	Ferenbalm	54	4.3973941368
663	Frauenkappelen	63	5.223880597
664	Golaten	14	4.4025157233
665	Gurbrü	10	4.0816326531
666	Kriechenwil	32	7.4418604651
667	Laupen	161	5.4948805461
668	Mühleberg	112	3.9631988677
669	Münchenwiler	18	3.7267080745
670	Neuenegg	238	4.8100242522
671	Wileroltigen	22	5.7441253264
681	Belprahon	21	6.7524115756
682	Bévilard	116	6.6628374497
683	Champoz	2	1.2987012987
684	Châtelat	7	7
687	Corcelles (BE)	12	5.5813953488
690	Court	69	4.8184357542
691	Crémines	43	7.8181818182
692	Eschert	26	7.2423398329
694	Grandval	17	4.5576407507
696	Loveresse	22	6.5671641791
697	Malleray	118	5.9029514757
699	Monible	1	2.8571428571
700	Moutier	526	6.894743741
701	Perrefitte	21	4.8387096774
702	Pontenet	10	4.5045045045
703	Reconvilier	157	6.7410905968
704	Roches (BE)	11	5.2132701422
706	Saicourt	27	4.4628099174
707	Saules (BE)	12	7.4074074074
708	Schelten	1	2.5
709	Seehof	5	7.3529411765
710	Sornetan	1	0.7142857143
711	Sorvilier	22	8.3018867925
712	Souboz	3	2.2727272727
713	Tavannes	212	5.9350503919
715	Rebévelier	2	4.5454545455
723	La Neuveville	237	6.4367191744
724	Nods	32	4.318488529
726	Plateau de Diesse	113	5.4827753518
731	Aegerten	93	4.9573560768
732	Bellmund	69	4.3178973717
733	Brügg	218	5.1536643026
734	Bühl	22	5.3789731051
735	Epsach	16	4.8632218845
736	Hagneck	27	6.7331670823
737	Hermrigen	20	7.2727272727
738	Jens	28	4.1176470588
739	Ipsach	194	4.8318804483
740	Ligerz	36	6.6420664207
741	Merzligen	19	4.797979798
742	Mörigen	47	5.5555555556
743	Nidau	537	7.7893820714
744	Orpund	157	5.9492231906
745	Port	226	6.68836934
746	Safnern	102	5.3375196232
747	Scheuren	23	4.9145299145
748	Schwadernau	34	5.1987767584
749	Studen (BE)	90	2.8966849051
750	Sutz-Lattrigen	77	5.4609929078
751	Täuffelen	141	5.2396878484
754	Walperswil	46	4.6653144016
755	Worben	89	3.9328325232
756	Twann-Tüscherz	74	6.6130473637
761	Därstetten	42	5.0299401198
762	Diemtigen	105	4.9203373946
763	Erlenbach im Simmental	98	5.7613168724
766	Oberwil im Simmental	46	5.6860321384
767	Reutigen	47	4.7522750253
768	Spiez	861	6.8578255675
769	Wimmis	137	5.6378600823
770	Stocken-Höfen	31	3.192584964
782	Guttannen	18	5.8823529412
783	Hasliberg	50	4.3029259897
784	Innertkirchen	73	6.8288119738
785	Meiringen	296	6.3396872992
786	Schattenhalb	32	5.4794520548
791	Boltigen	102	7.8401229823
792	Lenk	121	4.985578904
793	St. Stephan	83	6.1847988077
794	Zweisimmen	226	7.495854063
841	Gsteig	58	5.9732234809
842	Lauenen	52	6.4039408867
843	Saanen	383	5.5434939933
852	Guggisberg	98	6.2740076825
853	Rüschegg	88	5.4087277197
855	Schwarzenburg	365	5.3842749668
861	Belp	532	4.6398046398
863	Burgistein	48	4.6153846154
865	Gelterfingen	26	10.0775193798
866	Gerzensee	54	4.5918367347
867	Gurzelen	36	4.2452830189
868	Jaberg	8	3.162055336
869	Kaufdorf	28	2.6948989413
870	Kehrsatz	238	5.6532066508
872	Kirchdorf (BE)	42	4.5602605863
873	Kirchenthurnen	18	6.4748201439
874	Lohnstorf	13	5.5319148936
875	Mühledorf (BE)	3	1.2145748988
876	Mühlethurnen	71	5.1042415528
877	Niedermuhlern	24	5.1502145923
878	Noflen	14	4.7945205479
879	Riggisberg	153	6.2195121951
880	Rüeggisberg	107	5.9116022099
881	Rümligen	20	4.6838407494
883	Seftigen	82	3.747714808
884	Toffen	105	4.1403785489
885	Uttigen	57	2.9984218832
886	Wattenwil	153	5.4101838755
888	Wald (BE)	64	5.4329371817
901	Eggiwil	156	6.4436183395
902	Langnau im Emmental	567	6.2259800154
903	Lauperswil	123	4.6643913538
904	Röthenbach im Emmental	63	5.2282157676
905	Rüderswil	119	5.1448335495
906	Schangnau	44	4.9605411499
907	Signau	147	5.4163596168
908	Trub	78	5.7949479941
909	Trubschachen	103	7.2894550602
921	Amsoldingen	36	4.5512010114
922	Blumenstein	74	6.3410454156
923	Buchholterberg	68	4.3870967742
924	Eriz	22	4.5360824742
925	Fahrni	35	4.4303797468
927	Heiligenschwendi	43	6.3142437592
928	Heimberg	276	4.1622681345
929	Hilterfingen	364	8.989874043
931	Homberg	24	4.6421663443
932	Horrenbach-Buchen	10	4
934	Oberhofen am Thunersee	171	7.1548117155
935	Oberlangenegg	34	7.1729957806
936	Pohlern	10	3.8910505837
937	Schwendibach	11	4.6025104603
938	Sigriswil	355	7.6000856348
939	Steffisburg	1002	6.380946316
940	Teuffenthal (BE)	9	5.5555555556
941	Thierachern	88	3.5801464605
942	Thun	2801	6.4683740157
943	Uebeschi	24	3.5608308605
944	Uetendorf	310	5.1597869507
945	Unterlangenegg	50	5.4704595186
946	Wachseldorn	9	3.813559322
947	Zwieselberg	18	5.8252427184
948	Forst-Längenbühl	34	4.4502617801
951	Affoltern im Emmental	80	6.8551842331
952	Dürrenroth	78	7.2222222222
953	Eriswil	84	6.0606060606
954	Huttwil	302	6.452991453
955	Lützelflüh	218	5.3774050321
956	Rüegsau	193	6.1037318153
957	Sumiswald	300	5.9594755662
958	Trachselwald	46	4.693877551
959	Walterswil (BE)	31	5.8270676692
960	Wyssachen	65	5.5650684932
971	Attiswil	95	6.8051575931
972	Berken	6	13.6363636364
973	Bettenhausen	39	5.7437407953
975	Farnern	15	7.1428571429
976	Graben	13	3.9877300613
977	Heimenhausen	46	4.380952381
978	Hermiswil	3	2.9411764706
979	Herzogenbuchsee	402	5.7791834388
980	Inkwil	35	5.6
981	Niederbipp	194	4.3615107914
982	Niederönz	77	4.8611111111
983	Oberbipp	62	3.6817102138
985	Ochlenberg	43	7.4912891986
987	Rumisberg	27	5.7446808511
988	Seeberg	75	5.2594670407
989	Thörigen	52	4.8872180451
990	Walliswil bei Niederbipp	11	5.2132701422
991	Walliswil bei Wangen	39	6.7590987868
992	Wangen an der Aare	132	5.9972739664
993	Wangenried	23	5.4502369668
995	Wiedlisbach	138	6.0792951542
996	Wolfisberg	16	8.5561497326
1001	Doppleschwand	20	2.6917900404
1002	Entlebuch	183	5.5037593985
1004	Flühli	81	4.3085106383
1005	Hasle (LU)	96	5.3993250844
1007	Romoos	41	6.1840120664
1008	Schüpfheim	222	5.4001459499
1009	Werthenstein	97	4.7665847666
1010	Escholzmatt-Marbach	241	5.5748322924
1021	Aesch (LU)	36	3.4253092293
1022	Altwis	9	2.1951219512
1023	Ballwil	73	2.7557568894
1024	Emmen	1392	4.7521507579
1025	Ermensee	17	1.9653179191
1026	Eschenbach (LU)	141	3.9232053422
1030	Hitzkirch	170	3.3537186822
1031	Hochdorf	536	5.7015211148
1032	Hohenrain	64	2.579604998
1033	Inwil	65	2.6759983532
1037	Rain	75	2.96091591
1039	Römerswil	47	2.8160575195
1040	Rothenburg	260	3.5881865857
1041	Schongau	33	3.2868525896
1051	Adligenswil	161	3.0099083941
1052	Buchrain	197	3.197532868
1053	Dierikon	33	2.2916666667
1054	Ebikon	550	4.3032626555
1055	Gisikon	14	1.2345679012
1056	Greppen	20	1.9342359768
1057	Honau	3	0.7874015748
1058	Horw	852	6.1681025121
1059	Kriens	1547	5.6814425796
1061	Luzern	5178	6.3880972649
1062	Malters	302	4.3622706919
1063	Meggen	458	6.7601476015
1064	Meierskappel	37	2.7387120651
1065	Root	151	3.1883445946
1066	Schwarzenberg	58	3.4400948992
1067	Udligenswil	75	3.3156498674
1068	Vitznau	63	4.9567269866
1069	Weggis	270	6.1997703789
1081	Beromünster	265	4.2508822586
1082	Büron	71	3.1045037167
1083	Buttisholz	127	3.8814180929
1084	Eich	34	1.9917984769
1085	Geuensee	67	2.4363636364
1086	Grosswangen	116	3.7371134021
1088	Hildisrieden	99	4.8175182482
1089	Knutwil	55	2.5870178739
1091	Mauensee	30	2.3603461841
1093	Neuenkirch	187	2.8840222085
1094	Nottwil	92	2.6467203682
1095	Oberkirch	115	2.831117676
1097	Rickenbach (LU)	164	5.2733118971
1098	Ruswil	283	4.1544333529
1099	Schenkon	45	1.6477480776
1100	Schlierbach	27	3.4090909091
1102	Sempach	132	3.1647087029
1103	Sursee	453	4.8242811502
1104	Triengen	154	3.4513671
1107	Wolhusen	225	5.2398695855
1121	Alberswil	23	3.5769828927
1122	Altbüron	33	3.3880903491
1123	Altishofen	47	2.9765674478
1125	Dagmersellen	188	3.6733098867
1126	Ebersecken	17	4.2394014963
1127	Egolzwil	41	2.9970760234
1128	Ettiswil	95	3.7080405933
1129	Fischbach	28	3.8199181446
1130	Gettnau	39	3.5845588235
1131	Grossdietwil	30	3.5799522673
1132	Hergiswil bei Willisau	95	5.0829320492
1135	Luthern	76	5.8148431523
1136	Menznau	94	3.2213845099
1137	Nebikon	97	3.8537941994
1139	Pfaffnau	102	4.4270833333
1140	Reiden	282	4.0917005223
1142	Roggliswil	42	6.4914992272
1143	Schötz	139	3.3943833944
1145	Ufhusen	41	4.6803652968
1146	Wauwil	58	3.0462184874
1147	Wikon	65	4.4217687075
1150	Zell (LU)	94	4.7023511756
1151	Willisau	392	5.1423324151
1201	Altdorf (UR)	578	6.3231593918
1202	Andermatt	75	5.3267045455
1203	Attinghausen	69	4.296388543
1204	Bauen	9	5.487804878
1205	Bürglen (UR)	221	5.5527638191
1206	Erstfeld	285	7.5277337559
1207	Flüelen	99	5.0535987749
1208	Göschenen	37	8.4862385321
1209	Gurtnellen	47	8.202443281
1210	Hospental	12	6.1224489796
1211	Isenthal	27	5.2529182879
1212	Realp	12	8.3916083916
1213	Schattdorf	209	4.1320680111
1214	Seedorf (UR)	42	2.3127753304
1215	Seelisberg	34	5.0073637703
1216	Silenen	119	5.4990757856
1217	Sisikon	21	5.2896725441
1218	Spiringen	27	3.1839622642
1219	Unterschächen	19	2.6988636364
1220	Wassen	35	8.0275229358
1301	Einsiedeln	699	4.6758980534
1311	Gersau	124	5.603253502
1321	Feusisberg	147	2.9482551143
1322	Freienbach	651	4.073587385
1323	Wollerau	238	3.3706273899
1331	Küssnacht (SZ)	597	4.8164582493
1341	Altendorf	210	3.1503150315
1342	Galgenen	153	3.0017657446
1343	Innerthal	8	4.2105263158
1344	Lachen	395	4.8018477997
1345	Reichenburg	119	3.4815681685
1346	Schübelbach	283	3.172290102
1347	Tuggen	97	3.0086848635
1348	Vorderthal	39	3.7790697674
1349	Wangen (SZ)	174	3.624244949
1361	Alpthal	29	4.8494983278
1362	Arth	519	4.5925139368
1363	Illgau	28	3.5443037975
1364	Ingenbohl	547	6.317126689
1365	Lauerz	31	2.878365831
1366	Morschach	32	2.8495102404
1367	Muotathal	160	4.5911047346
1368	Oberiberg	50	5.6179775281
1369	Riemenstalden	6	6.6666666667
1370	Rothenthurm	65	2.8359511344
1371	Sattel	71	3.7605932203
1372	Schwyz	713	4.7916666667
1373	Steinen	120	3.6418816388
1374	Steinerberg	42	4.6103183315
1375	Unteriberg	94	4.0517241379
1401	Alpnach	221	3.7881384985
1402	Engelberg	230	5.6748087836
1403	Giswil	153	4.3001686341
1404	Kerns	264	4.4
1405	Lungern	120	5.6791292002
1406	Sachseln	235	4.659000793
1407	Sarnen	499	4.8768569195
1501	Beckenried	136	3.9397450753
1502	Buochs	231	4.2793627269
1503	Dallenwil	60	3.2822757112
1504	Emmetten	48	3.5216434336
1505	Ennetbürgen	211	4.638382062
1506	Ennetmoos	66	3.1383737518
1507	Hergiswil (NW)	318	5.6674389592
1508	Oberdorf (NW)	131	4.2518662772
1509	Stans	372	4.5327159742
1510	Stansstad	230	5.2499429354
1511	Wolfenschiessen	83	3.9392501187
1630	Glarus Nord	822	4.673906863
1631	Glarus Süd	620	6.3518082164
1632	Glarus	713	5.7287481922
1701	Baar	881	3.7928362321
1702	Cham	532	3.4271725826
1703	Hünenberg	204	2.3074312861
1704	Menzingen	252	5.7534246575
1705	Neuheim	43	2.1308225966
1706	Oberägeri	244	4.1008403361
1707	Risch	217	2.1622160223
1708	Steinhausen	336	3.564230402
1709	Unterägeri	376	4.435531438
1710	Walchwil	144	3.993344426
1711	Zug	1502	5.2511974268
2004	Bussy (FR)	17	3.8202247191
2005	Châbles	19	2.5920873124
2008	Châtillon (FR)	16	3.6199095023
2009	Cheiry	23	5.8673469388
2010	Cheyres	56	4.0786598689
2011	Cugy (FR)	59	3.5975609756
2013	Domdidier	94	3.1886024423
2014	Dompierre (FR)	21	2.1126760563
2015	Estavayer-le-Lac	230	3.7495924356
2016	Fétigny	27	2.9001074114
2022	Gletterens	36	3.7617554859
2024	Léchelles	22	2.9294274301
2025	Lully (FR)	24	2.2304832714
2027	Ménières	21	5.5555555556
2029	Montagny (FR)	96	4.2216358839
2033	Morens (FR)	4	2.5316455696
2034	Murist	24	3.9735099338
2035	Nuvilly	15	3.7688442211
2038	Prévondavaux	2	3.2786885246
2039	Rueyres-les-Prés	11	2.6004728132
2040	Russy	12	5.4298642534
2041	Saint-Aubin (FR)	37	2.3182957393
2043	Sévaz	8	3.2
2044	Surpierre	16	4.8192771084
2045	Vallon	16	4.1025641026
2047	Villeneuve (FR)	9	2.4193548387
2049	Vuissens	5	1.976284585
2050	Les Montets	40	2.849002849
2051	Delley-Portalban	36	3.4682080925
2052	Vernay	33	3.0927835052
2061	Auboranges	4	1.4134275618
2063	Billens-Hennens	35	5.1169590643
2066	Chapelle (Glâne)	6	2.2900763359
2067	Le Châtelard	18	4.8257372654
2068	Châtonnaye	24	3.1578947368
2072	Ecublens (FR)	8	2.5157232704
2079	Grangettes	7	3.5353535354
2086	Massonnens	21	4.1501976285
2087	Mézières (FR)	35	3.4482758621
2089	Montet (Glâne)	5	1.2886597938
2096	Romont (FR)	211	4.1307752545
2097	Rue	45	3.0612244898
2099	Siviriez	82	3.6771300448
2102	Ursy	95	3.3604527768
2111	Villaz-Saint-Pierre	36	3.0354131535
2113	Vuisternens-devant-Romont	79	3.6188731104
2114	Villorsonnens	44	3.3976833977
2115	Torny	31	3.5107587769
2116	La Folliaz	27	2.8481012658
2121	Haut-Intyamon	90	6.0483870968
2122	Pont-en-Ogoz	43	2.4585477416
2123	Botterens	10	1.8903591682
2124	Broc	131	5.2108194113
2125	Bulle	843	3.9275065225
2128	Châtel-sur-Montsalvens	7	2.6717557252
2129	Corbières	22	2.6796589525
2130	Crésuz	19	5.8641975309
2131	Echarlens	16	1.9704433498
2134	Grandvillard	26	3.2258064516
2135	Gruyères	80	3.8277511962
2137	Hauteville	26	4.2276422764
2138	Jaun	42	6.3253012048
2140	Marsens	40	2.2259321091
2143	Morlon	22	3.7606837607
2145	Le Pâquier (FR)	45	4.0871934605
2147	Pont-la-Ville	21	3.5532994924
2148	Riaz	57	2.4275979557
2149	La Roche	58	3.7227214377
2152	Sâles	52	3.6011080332
2153	Sorens	28	2.626641651
2155	Vaulruz	37	3.5271687321
2160	Vuadens	86	3.7768994291
2162	Bas-Intyamon	41	3.3011272142
2163	Val-de-Charmey	129	5.4110738255
2171	Arconciel	23	2.8678304239
2172	Autafond	1	1.4705882353
2173	Autigny	26	3.3591731266
2174	Avry	45	2.4206562668
2175	Belfaux	96	3.0828516378
2177	Chénens	26	3.2378580324
2179	Chésopelloz	4	3.2
2183	Corminboeuf	69	3.0817329165
2184	Corpataux-Magnedens	29	2.237654321
2185	Corserey	13	3.2994923858
2186	Cottens (FR)	31	2.1512838307
2189	Ependes (FR)	28	2.5339366516
2192	Farvagny	63	2.8442437923
2194	Ferpicloz	13	4.7272727273
2196	Fribourg	1892	4.9414960301
2197	Givisiez	71	2.2771007056
2198	Granges-Paccot	65	2.0504731861
2200	Grolley	45	2.3547880691
2206	Marly	316	3.9036442248
2208	Matran	51	3.2608695652
2211	Neyruz (FR)	54	2.1565495208
2213	Noréaz	15	2.4077046549
2216	Pierrafortscha	5	3.5460992908
2217	Ponthaux	15	2.1739130435
2220	Le Mouret	109	3.5115979381
2221	Prez-vers-Noréaz	37	3.8381742739
2222	Rossens (FR)	36	2.7842227378
2223	Le Glèbe	30	2.4077046549
2225	Senèdes	4	2.6315789474
2226	Treyvaux	58	4.0249826509
2228	Villars-sur-Glâne	403	3.3204251462
2230	Villarsel-sur-Marly	1	1.2048192771
2231	Vuisternens-en-Ogoz	26	2.6666666667
2233	Hauterive (FR)	67	2.783547985
2234	La Brillaz	44	2.3617820719
2235	La Sonnaz	21	1.9980970504
2243	Barberêche	30	5.8252427184
2250	Courgevaux	31	2.1815622801
2251	Courlevon	9	2.9508196721
2254	Courtepin	92	2.5316455696
2257	Cressier (FR)	35	3.90625
2258	Fräschels	29	6.3736263736
2259	Galmiz	27	4.1731066461
2260	Gempenach	15	4.9833887043
2261	Greng	6	3.4482758621
2262	Gurmels	136	3.3415233415
2264	Jeuss	12	2.8436018957
2265	Kerzers	158	3.2725766363
2266	Kleinbösingen	10	1.6949152542
2270	Lurtigen	7	3.825136612
2271	Meyriez	33	5.5091819699
2272	Misery-Courtion	66	3.7436188315
2274	Muntelier	34	3.5676810073
2275	Murten	406	6.2032085561
2276	Ried bei Kerzers	30	2.7447392498
2277	Salvenach	14	2.5408348457
2278	Ulmiz	19	4.6913580247
2279	Villarepos	23	3.8079470199
2280	Bas-Vully	98	4.671115348
2281	Haut-Vully	65	4.6528274875
2283	Wallenried	20	4.4247787611
2291	Alterswil	101	4.9655850541
2292	Brünisried	33	5.0847457627
2293	Düdingen	321	4.180231801
2294	Giffers	58	3.7958115183
2295	Bösingen	86	2.5376217173
2296	Heitenried	50	3.6310820625
2298	Oberschrot	59	5.0774526678
2299	Plaffeien	85	4.2972699697
2300	Plasselb	36	3.4351145038
2301	Rechthalten	54	4.9315068493
2302	St. Antoni	61	3.1508264463
2303	St. Silvester	28	2.8985507246
2304	St. Ursen	73	5.6414219474
2305	Schmitten (FR)	138	3.4032059186
2306	Tafers	127	3.9040885337
2307	Tentlingen	43	3.3541341654
2308	Ueberstorf	93	3.9141414141
2309	Wünnewil-Flamatt	199	3.6554004409
2310	Zumholz	11	2.7160493827
2321	Attalens	92	2.8849169019
2323	Bossonnens	40	2.7359781122
2325	Châtel-Saint-Denis	217	3.4103410341
2328	Granges (Veveyse)	29	3.4523809524
2333	Remaufens	36	3.4548944338
2335	Saint-Martin (FR)	44	4.2226487524
2336	Semsales	50	3.5765379113
2337	Le Flon	42	3.5866780529
2338	La Verrerie	26	2.2471910112
2401	Egerkingen	141	4.1482789056
2402	Härkingen	58	3.7809647979
2403	Kestenholz	76	4.3304843305
2404	Neuendorf	70	3.4636318654
2405	Niederbuchsiten	47	4.5105566219
2406	Oberbuchsiten	79	3.7193973635
2407	Oensingen	223	3.6914418143
2408	Wolfwil	118	5.7729941292
2421	Aedermannsdorf	29	5.3113553114
2422	Balsthal	312	5.2676008779
2423	Gänsbrunnen	2	2.1505376344
2424	Herbetswil	36	6.6666666667
2425	Holderbank (SO)	33	5.3140096618
2426	Laupersdorf	94	5.4938632379
2427	Matzendorf	64	4.992199688
2428	Mümliswil-Ramiswil	140	5.7471264368
2429	Welschenrohr	103	9.1231178034
2445	Biezwil	13	3.9393939394
2455	Lüterkofen-Ichertswil	32	4.3068640646
2456	Lüterswil-Gächliwil	21	6.5830721003
2457	Messen	76	5.2161976664
2461	Schnottwil	53	5.0428163654
2463	Unterramsern	4	1.8957345972
2464	Lüsslingen-Nennigkofen	49	4.7898338221
2465	Buchegg	111	4.4471153846
2471	Bättwil	27	2.2708158116
2472	Büren (SO)	42	4.3979057592
2473	Dornach	396	6.0876249039
2474	Gempen	34	3.8857142857
2475	Hochwald	50	3.8880248834
2476	Hofstetten-Flüh	124	3.8920276208
2477	Metzerlen-Mariastein	58	6.2838569881
2478	Nuglar-St. Pantaleon	51	3.4274193548
2479	Rodersdorf	40	3.1055900621
2480	Seewen	55	5.5110220441
2481	Witterswil	75	5.0471063257
2491	Hauenstein-Ifenthal	10	3.164556962
2492	Kienberg	19	3.6259541985
2493	Lostorf	170	4.3724279835
2495	Niedergösgen	184	4.8497627833
2497	Obergösgen	91	4.151459854
2498	Rohr (SO)	5	5.5555555556
2499	Stüsslingen	39	3.7392138063
2500	Trimbach	387	6.0149207336
2501	Winznau	91	4.9753963915
2502	Wisen (SO)	19	4.6341463415
2503	Erlinsbach (SO)	187	5.5971266088
2511	Aeschi (SO)	52	4.1867954911
2513	Biberist	509	6.1614816608
2514	Bolken	20	3.4782608696
2516	Deitingen	105	4.6666666667
2517	Derendingen	280	4.4678474549
2518	Etziken	45	5.7840616967
2519	Gerlafingen	280	5.6991654793
2520	Halten	33	3.8106235566
2523	Horriwil	49	5.6712962963
2524	Hüniken	5	5.8823529412
2525	Kriegstetten	47	3.6949685535
2526	Lohn-Ammannsegg	114	4.2873260624
2527	Luterbach	164	4.8320565704
2528	Obergerlafingen	54	4.8171275647
2529	Oekingen	26	3.2019704433
2530	Recherswil	75	4.220596511
2532	Subingen	127	4.1543997383
2534	Zuchwil	449	5.1185590515
2535	Drei Höfe	23	3.0707610147
2541	Balm bei Günsberg	2	1.0204081633
2542	Bellach	317	6.137463698
2543	Bettlach	241	4.9639546859
2544	Feldbrunnen-St. Niklaus	64	6.604747162
2545	Flumenthal	47	4.8603929679
2546	Grenchen	1234	7.4878640777
2547	Günsberg	74	6.429192007
2548	Hubersdorf	26	3.6211699164
2549	Kammersrohr	1	3.0303030303
2550	Langendorf	278	7.3428420497
2551	Lommiswil	53	3.6805555556
2553	Oberdorf (SO)	99	5.9674502712
2554	Riedholz	107	4.6481320591
2555	Rüttenen	69	4.6339825386
2556	Selzach	163	5.0605402049
2571	Boningen	24	3.2786885246
2572	Däniken	123	4.4340302812
2573	Dulliken	240	4.9433573635
2574	Eppenberg-Wöschnau	10	3.0864197531
2575	Fulenbach	61	3.5924617197
2576	Gretzenbach	87	3.3760186263
2578	Gunzgen	60	3.6079374624
2579	Hägendorf	219	4.5777591973
2580	Kappel (SO)	115	3.7655533726
2581	Olten	1239	7.1412103746
2582	Rickenbach (SO)	38	4.3829296424
2583	Schönenwerd	257	5.3132106678
2584	Starrkirch-Wil	72	4.2377869335
2585	Walterswil (SO)	35	4.9088359046
2586	Wangen bei Olten	317	6.3667403093
2601	Solothurn	1022	6.1770927773
2611	Bärschwil	50	6.0901339829
2612	Beinwil (SO)	12	4.3321299639
2613	Breitenbach	200	5.4555373704
2614	Büsserach	94	4.3884220355
2615	Erschwil	75	8.4269662921
2616	Fehren	26	4.2071197411
2617	Grindel	29	5.9917355372
2618	Himmelried	38	4.1349292709
2619	Kleinlützel	94	7.46624305
2620	Meltingen	43	6.584992343
2621	Nunningen	98	5.3001622499
2622	Zullwil	30	4.7318611987
2701	Basel	11453	6.7921954691
2702	Bettingen	91	7.6728499157
2703	Riehen	1944	9.3578511601
2761	Aesch (BL)	504	4.9630723781
2762	Allschwil	1375	6.7365636177
2763	Arlesheim	694	7.5963222417
2764	Biel-Benken	178	5.363061163
2765	Binningen	1093	7.2422475484
2766	Birsfelden	824	7.9899156405
2767	Bottmingen	392	6.1956693536
2768	Ettingen	232	4.7097036135
2769	Münchenstein	929	7.8185490658
2770	Muttenz	1220	6.956323412
2771	Oberwil (BL)	638	5.8440963635
2772	Pfeffingen	102	4.3701799486
2773	Reinach (BL)	1247	6.6294524189
2774	Schönenbuch	81	5.7163020466
2775	Therwil	533	5.3374724614
2781	Blauen	27	3.808180536
2782	Brislach	58	3.600248293
2783	Burg im Leimental	13	4.9056603774
2784	Dittingen	39	5.1861702128
2785	Duggingen	64	4.3537414966
2786	Grellingen	64	3.5359116022
2787	Laufen	290	5.2813695137
2788	Liesberg	71	6.1101549053
2789	Nenzlingen	17	4.0767386091
2790	Roggenburg	10	3.4364261168
2791	Röschenz	74	4.0217391304
2792	Wahlen	62	4.4034090909
2793	Zwingen	78	3.4790365745
2821	Arisdorf	74	4.5820433437
2822	Augst	58	6.9377990431
2823	Bubendorf	209	4.754322111
2824	Frenkendorf	285	4.4186046512
2825	Füllinsdorf	303	6.900478251
2826	Giebenach	23	2.1698113208
2827	Hersberg	15	4.4378698225
2828	Lausen	184	3.6478984933
2829	Liestal	718	5.1447406134
2830	Lupsingen	58	4.1428571429
2831	Pratteln	789	5.0573681174
2832	Ramlinsburg	21	2.9957203994
2833	Seltisberg	91	6.9518716578
2834	Ziefen	87	5.6092843327
2841	Anwil	28	4.8442906574
2842	Böckten	32	3.9312039312
2843	Buckten	49	7.0200573066
2844	Buus	40	4.1194644696
2845	Diepflingen	18	2.6277372263
2846	Gelterkinden	341	5.808209845
2847	Häfelfingen	13	4.8148148148
2848	Hemmiken	16	6.1538461538
2849	Itingen	75	3.6249395843
2850	Känerkinden	28	5.6338028169
2851	Kilchberg (BL)	6	3.821656051
2852	Läufelfingen	62	4.7987616099
2853	Maisprach	39	4.1980624327
2854	Nusshof	8	3.0303030303
2855	Oltingen	20	4.1928721174
2856	Ormalingen	103	4.9951503395
2857	Rickenbach (BL)	18	3.1914893617
2858	Rothenfluh	46	5.8823529412
2859	Rümlingen	14	3.6175710594
2860	Rünenberg	36	4.6451612903
2861	Sissach	313	4.8384603494
2862	Tecknau	24	2.7906976744
2863	Tenniken	27	3.0235162374
2864	Thürnen	62	4.4508255564
2865	Wenslingen	44	6.0273972603
2866	Wintersingen	31	5.0406504065
2867	Wittinsburg	19	4.4186046512
2868	Zeglingen	27	5.6842105263
2869	Zunzgen	117	4.7025723473
2881	Arboldswil	29	5.2346570397
2882	Bennwil	25	3.9246467818
2883	Bretzwil	31	4.0789473684
2884	Diegten	56	3.4292712799
2885	Eptingen	23	4.3071161049
2886	Hölstein	103	4.3240973971
2887	Lampenberg	22	4.3307086614
2888	Langenbruck	39	3.9314516129
2889	Lauwil	20	5.9880239521
2890	Liedertswil	8	4.8780487805
2891	Niederdorf	98	5.574516496
2892	Oberdorf (BL)	129	5.3705245629
2893	Reigoldswil	80	5.0125313283
2894	Titterten	21	5.0119331742
2895	Waldenburg	58	4.8576214405
2901	Gächlingen	36	4.5454545455
2903	Löhningen	54	3.9358600583
2904	Neunkirch	84	4.0955631399
2914	Büttenhardt	8	2.2857142857
2915	Dörflingen	34	3.5269709544
2917	Lohn (SH)	24	3.2214765101
2919	Stetten (SH)	48	3.6171816127
2920	Thayngen	295	5.6405353728
2931	Bargen (SH)	11	3.8869257951
2932	Beringen	221	5.144320298
2933	Buchberg	34	4.1112454655
2936	Merishausen	37	4.415274463
2937	Neuhausen am Rheinfall	708	6.8531603911
2938	Rüdlingen	31	4.0789473684
2939	Schaffhausen	2339	6.5104239152
2951	Beggingen	23	4.7325102881
2952	Schleitheim	125	7.3356807512
2953	Siblingen	33	3.9568345324
2961	Buch (SH)	11	3.5830618893
2962	Hemishofen	22	4.8351648352
2963	Ramsen	89	6.4821558631
2964	Stein am Rhein	219	6.5667166417
2971	Hallau	125	5.980861244
2972	Oberhallau	27	6.1926605505
2973	Trasadingen	31	5.1409618574
2974	Wilchingen	88	5.1734273956
3001	Herisau	805	5.1895306859
3002	Hundwil	39	3.9433771486
3003	Schönengrund	17	3.3333333333
3004	Schwellbrunn	67	4.5362220718
3005	Stein (AR)	70	5.0468637347
3006	Urnäsch	126	5.6502242152
3007	Waldstatt	93	5.2305961755
3021	Bühler	68	3.9906103286
3022	Gais	161	5.2255761117
3023	Speicher	241	5.7669298875
3024	Teufen (AR)	397	6.4954188482
3025	Trogen	82	4.826368452
3031	Grub (AR)	61	6.0039370079
3032	Heiden	243	5.9529642332
3033	Lutzenberg	43	3.4181240064
3034	Rehetobel	103	5.9710144928
3035	Reute (AR)	43	6.3798219585
3036	Wald (AR)	48	5.6074766355
3037	Walzenhausen	101	4.9172346641
3038	Wolfhalden	82	4.7099368179
3101	Appenzell	308	5.3565217391
3102	Gonten	106	7.3560027759
3103	Rüte	162	4.6551724138
3104	Schlatt-Haslen	51	4.5698924731
3105	Schwende	92	4.2455006922
3111	Oberegg	129	6.7894736842
3201	Häggenschwil	64	5.2244897959
3202	Muolen	43	3.6909871245
3203	St. Gallen	4186	5.5583587837
3204	Wittenbach	485	5.0647451963
3211	Berg (SG)	22	2.6442307692
3212	Eggersriet	91	4.0516473731
3213	Goldach	541	5.8740499457
3214	Mörschwil	147	4.0878754171
3215	Rorschach	537	5.9010989011
3216	Rorschacherberg	333	4.6789377547
3217	Steinach	178	5.1282051282
3218	Tübach	56	4.1853512706
3219	Untereggen	26	2.5169409487
3231	Au (SG)	321	4.4105523495
3232	Balgach	223	4.920564872
3233	Berneck	190	4.8793014895
3234	Diepoldsau	173	2.7957336781
3235	Rheineck	175	5.433095312
3236	St. Margrethen	246	4.2582655357
3237	Thal	272	4.2321456356
3238	Widnau	320	3.4707158351
3251	Altstätten	541	4.7990774417
3252	Eichberg	41	2.7516778523
3253	Marbach (SG)	70	3.2756200281
3254	Oberriet (SG)	301	3.4878331402
3255	Rebstein	194	4.3390740327
3256	Rüthi (SG)	77	3.4637876743
3271	Buchs (SG)	506	4.1519652088
3272	Gams	106	3.2445668809
3273	Grabs	265	3.840023185
3274	Sennwald	166	3.1959953793
3275	Sevelen	139	2.8880116352
3276	Wartau	202	3.8704732707
3291	Bad Ragaz	299	5.2410166521
3292	Flums	215	4.4348184818
3293	Mels	357	4.1429731925
3294	Pfäfers	77	4.9485861183
3295	Quarten	142	5.0105857445
3296	Sargans	271	4.4609053498
3297	Vilters-Wangs	136	2.9876977153
3298	Walenstadt	265	4.8138056312
3311	Amden	122	6.8655036579
3312	Benken (SG)	94	3.2650225773
3313	Kaltbrunn	143	3.0535981209
3315	Schänis	134	3.6069986541
3316	Weesen	100	6.2814070352
3338	Schmerikon	140	3.9171796307
3339	Uznach	277	4.4627033994
3340	Rapperswil-Jona	1325	4.958461193
3341	Gommiswald	209	4.2026945506
3342	Eschenbach (SG)	349	3.8666075781
3352	Ebnat-Kappel	331	6.6001994018
3359	Wildhaus-Alt St. Johann	154	5.7960105382
3360	Nesslau	227	6.2294182217
3372	Hemberg	47	5.1819184123
3374	Lichtensteig	101	5.1901336074
3375	Oberhelfenschwil	59	4.5280122794
3378	Neckertal	161	4.025
3379	Wattwil	521	6.1035613871
3392	Kirchberg (SG)	361	4.1394335512
3393	Lütisburg	44	3.0576789437
3394	Mosnang	143	5.0583657588
3395	Bütschwil-Ganterschwil	258	5.6050401912
3401	Degersheim	201	5.1002283684
3402	Flawil	456	4.4173205464
3405	Jonschwil	79	2.0999468368
3407	Oberuzwil	274	4.3735035914
3408	Uzwil	536	4.2221346987
3422	Niederbüren	45	2.9702970297
3423	Niederhelfenschwil	100	3.3852403521
3424	Oberbüren	124	2.9176470588
3426	Zuzwil (SG)	118	2.467070876
3427	Wil (SG)	1175	4.9546700401
3441	Andwil (SG)	72	3.7656903766
3442	Gaiserwald	341	4.1897038948
3443	Gossau (SG)	842	4.6640447571
3444	Waldkirch	139	3.9511085844
3501	Alvaschein	10	7.4626865672
3502	Mon	5	6.3291139241
3503	Mutten	3	4
3504	Stierva	7	5.1851851852
3505	Tiefencastel	18	7.2874493927
3506	Vaz/Obervaz	129	4.7884187082
3511	Alvaneu	34	8.5
3512	Brienz/Brinzauls	12	9.6774193548
3513	Lantsch/Lenz	49	9.5703125
3514	Schmitten (GR)	17	6.7193675889
3515	Surava	11	5.4187192118
3521	Bergün/Bravuogn	24	5.2516411379
3522	Filisur	24	5.4669703872
3531	Bivio	23	12.1693121693
3532	Cunter	5	1.953125
3533	Marmorera	3	9.6774193548
3534	Mulegns	5	20
3536	Riom-Parsonz	20	6.5789473684
3538	Salouf	11	5.0925925926
3539	Savognin	39	3.8385826772
3540	Sur	6	8.8235294118
3541	Tinizong-Rona	23	7.1875
3551	Brusio	96	8.4955752212
3561	Poschiavo	276	7.8364565588
3572	Falera	27	4.5531197302
3575	Laax	41	2.6181353768
3581	Sagogn	33	4.9034175334
3582	Schluein	24	4.2628774423
3598	St. Martin	3	7.1428571429
3603	Vals	75	7.7639751553
3611	Andiast	16	8.1632653061
3612	Obersaxen	48	5.7279236277
3616	Waltensburg/Vuorz	27	7.8717201166
3617	Mundaun	19	6.3122923588
3618	Lumnezia	162	7.7959576516
3619	Ilanz/Glion	304	6.486025176
3631	Almens	13	5.7777777778
3633	Fürstenau	11	3.0386740331
3634	Paspels	22	4.4176706827
3635	Pratval	10	4.1493775934
3636	Rodels	11	4.0892193309
3637	Rothenbrunnen	4	1.2944983819
3638	Scharans	57	6.8674698795
3640	Sils im Domleschg	52	5.6277056277
3661	Cazis	87	4.0578358209
3662	Flerden	9	4.0358744395
3663	Masein	6	1.2631578947
3668	Thusis	160	5.3440213761
3669	Tschappina	5	3.90625
3670	Urmein	9	6.6666666667
3671	Tomils	45	6.3739376771
3672	Safiental	55	6.1452513966
3681	Avers	15	8.9820359281
3691	Hinterrhein	10	15.3846153846
3693	Nufenen	11	7.0063694268
3694	Splügen	21	5.46875
3695	Sufers	14	10.9375
3701	Andeer	85	9.4130675526
3703	Casti-Wergenstein	3	5.8823529412
3705	Donat	12	5.8252427184
3707	Lohn (GR)	6	14.6341463415
3708	Mathon	1	1.9607843137
3711	Rongellen	2	3.5087719298
3712	Zillis-Reischen	23	5.6097560976
3713	Ferrera	4	4.5454545455
3721	Bonaduz	99	3.1966419115
3722	Domat/Ems	285	3.6797934151
3723	Rhäzüns	51	3.7199124726
3731	Felsberg	78	3.220478943
3732	Flims	139	5.2571860817
3733	Tamins	55	4.4861337684
3734	Trin	44	3.4482758621
3741	Ardez	32	7.4941451991
3742	Guarda	11	7.0967741935
3743	Lavin	15	6.7873303167
3744	Susch	13	6.3106796117
3745	Tarasp	15	4.4510385757
3746	Zernez	57	5.0043898156
3752	Samnaun	33	4.2525773196
3761	Ftan	40	8.1300813008
3762	Scuol	131	5.57209698
3763	Sent	52	5.9023836549
3764	Valsot	63	6.9383259912
3781	Bever	19	3.064516129
3782	Celerina/Schlarigna	51	3.3909574468
3783	Madulain	5	2.1551724138
3784	Pontresina	77	3.5631652013
3785	La Punt-Chamues-ch	21	2.7925531915
3786	Samedan	126	4.1804910418
3787	St. Moritz	249	4.7582648576
3788	S-chanf	30	4.1958041958
3789	Sils im Engadin/Segl	29	3.7760416667
3790	Silvaplana	50	4.6860356139
3791	Zuoz	61	4.9035369775
3792	Bregaglia	116	7.5178224238
3801	Arvigo	5	6.9444444444
3803	Braggio	2	4
3804	Buseno	12	13.3333333333
3805	Castaneda	19	7.1698113208
3806	Cauco	3	8.3333333333
3808	Rossa	10	7.1942446043
3810	Santa Maria in Calanca	8	7.2727272727
3811	Selma	1	3.4482758621
3821	Lostallo	44	5.7742782152
3822	Mesocco	100	7.6452599388
3823	Soazza	43	12.1813031161
3831	Cama	22	3.8394415358
3832	Grono	56	5.5118110236
3833	Leggia	10	7.299270073
3834	Roveredo (GR)	118	4.7619047619
3835	San Vittore	30	3.9787798408
3836	Verdabbio	7	4.2168674699
3847	Val Müstair	110	7.1754729289
3851	Davos	550	4.9389367816
3861	Fideris	35	5.9625212947
3862	Furna	16	7.8431372549
3863	Jenaz	75	6.3344594595
3871	Klosters-Serneus	257	6.6909658943
3881	Conters im Prättigau	14	6.6985645933
3882	Küblis	43	5.1312649165
3883	Saas	54	7.2096128171
3891	Luzein	77	6.2703583062
3893	St. Antönien	16	4.7477744807
3901	Chur	1959	5.6705357918
3911	Churwalden	88	4.2573778423
3921	Arosa	190	5.8515552818
3926	Maladers	17	3.3596837945
3932	Tschiertschen-Praden	21	6.862745098
3941	Haldenstein	33	3.1853281853
3945	Trimmis	102	3.3203125
3946	Untervaz	64	2.633744856
3947	Zizers	142	4.2771084337
3951	Fläsch	22	3.0598052851
3952	Jenins	33	3.6303630363
3953	Maienfeld	137	5
3954	Malans	110	4.7701647875
3955	Landquart	351	4.0381960423
3961	Grüsch	82	4.1518987342
3962	Schiers	152	5.7597574839
3972	Seewis im Prättigau	66	4.7653429603
3981	Breil/Brigels	91	7.1205007825
3982	Disentis/Mustér	144	6.9970845481
3983	Medel (Lucmagn)	48	12.0603015075
3985	Sumvitg	105	8.4677419355
3986	Tujetsch	62	4.5621780721
3987	Trun	111	9.2116182573
4001	Aarau	1251	6.1188554659
4002	Biberstein	59	3.9703903096
4003	Buchs (AG)	370	4.8594693985
4004	Densbüren	37	5.4252199413
4005	Erlinsbach (AG)	219	5.5696846389
4006	Gränichen	349	4.8091497864
4007	Hirschthal	57	3.6941023979
4008	Küttigen	282	4.7165077772
4009	Muhen	178	4.7027741083
4010	Oberentfelden	368	4.7331189711
4012	Suhr	410	4.189230612
4013	Unterentfelden	231	5.6826568266
4021	Baden	762	4.0814140332
4022	Bellikon	45	2.9201817002
4023	Bergdietikon	140	5.2790346908
4024	Birmenstorf (AG)	105	3.6157024793
4026	Ennetbaden	139	4.2095699576
4027	Fislisbach	248	4.4540229885
4028	Freienwil	22	2.2680412371
4029	Gebenstorf	192	3.9095907147
4030	Killwangen	55	2.8512182478
4031	Künten	41	2.4332344214
4032	Mägenwil	58	2.7911453321
4033	Mellingen	122	2.3689320388
4034	Neuenhof	326	3.7893757991
4035	Niederrohrdorf	135	3.727222529
4037	Oberrohrdorf	199	4.975
4038	Obersiggenthal	508	5.8816718768
4039	Remetschwil	54	2.6470588235
4040	Spreitenbach	292	2.6449275362
4041	Stetten (AG)	53	2.6328862394
4042	Turgi	103	3.4773801485
4044	Untersiggenthal	282	3.9695945946
4045	Wettingen	1239	6.1272934078
4046	Wohlenschwil	44	2.9689608637
4047	Würenlingen	164	3.683737646
4048	Würenlos	240	3.9551746869
4049	Ehrendingen	178	3.7743850721
4061	Arni (AG)	43	2.2982362373
4062	Berikon	161	3.5361300242
4063	Bremgarten (AG)	286	3.6879432624
4064	Büttikon	33	3.3434650456
4065	Dottikon	123	3.1857031857
4066	Eggenwil	25	2.6680896478
4067	Fischbach-Göslikon	46	2.9113924051
4068	Hägglingen	99	4.2091836735
4071	Jonen	56	2.8586013272
4072	Niederwil (AG)	66	2.489626556
4073	Oberlunkhofen	66	3.4179181771
4074	Oberwil-Lieli	98	4.4104410441
4075	Rudolfstetten-Friedlisberg	176	3.9936464715
4076	Sarmenstorf	90	3.2526201662
4077	Tägerig	42	2.9432375613
4078	Uezwil	11	2.4122807018
4079	Unterlunkhofen	30	2.3237800155
4080	Villmergen	226	3.3011977797
4081	Widen	172	4.9086757991
4082	Wohlen (AG)	770	4.9851094134
4083	Zufikon	150	3.4277879342
4084	Islisberg	15	2.4311183144
4091	Auenstein	68	4.3701799486
4092	Birr	107	2.4490730144
4093	Birrhard	21	3.1203566122
4094	Bözen	31	4.2699724518
4095	Brugg	638	5.7456772334
4096	Effingen	22	3.6789297659
4097	Elfingen	11	3.9711191336
4099	Habsburg	15	3.6945812808
4100	Hausen (AG)	120	3.5481963335
4104	Lupfig	104	4.5534150613
4105	Mandach	10	3.2467532468
4106	Mönthal	6	1.5424164524
4107	Mülligen	20	1.9249278152
4110	Remigen	34	3.2473734479
4111	Riniken	68	4.5729657028
4112	Rüfenach	31	3.5509736541
4113	Scherz	29	4.5525902669
4114	Schinznach-Bad	69	5.6280587276
4117	Thalheim (AG)	40	5.0188205772
4120	Veltheim (AG)	48	3.3755274262
4121	Villigen	72	3.5856573705
4122	Villnachern	66	4.2996742671
4123	Windisch	379	5.3021824287
4124	Bözberg	73	4.6854942234
4125	Schinznach	111	4.9597855228
4131	Beinwil am See	157	5.2003974826
4132	Birrwil	45	4.2293233083
4133	Burg (AG)	30	3.064351379
4134	Dürrenäsch	48	3.9735099338
4135	Gontenschwil	106	5.1960784314
4136	Holziken	45	3.4802784223
4137	Leimbach (AG)	20	4.2372881356
4138	Leutwil	28	3.6939313984
4139	Menziken	267	4.6193771626
4140	Oberkulm	127	4.8789857856
4141	Reinach (AG)	432	5.2986630688
4142	Schlossrued	47	5.773955774
4143	Schmiedrued	55	4.6570702794
4144	Schöftland	249	5.9827006247
4145	Teufenthal (AG)	88	5.6265984655
4146	Unterkulm	138	4.7260273973
4147	Zetzwil	54	4.1127189642
4161	Eiken	81	3.6684782609
4163	Frick	227	4.3847788294
4164	Gansingen	45	4.5317220544
4165	Gipf-Oberfrick	105	2.960248097
4166	Herznach	45	3.2028469751
4167	Hornussen	38	4.1484716157
4169	Kaisten	101	3.9253789351
4170	Laufenburg	165	4.954954955
4172	Münchwilen (AG)	28	3.0769230769
4173	Oberhof	27	4.5454545455
4175	Oeschgen	30	3.2502708559
4176	Schwaderloch	22	3.3333333333
4177	Sisseln	33	2.1753460778
4179	Ueken	30	3.4052213394
4181	Wittnau	47	3.8651315789
4182	Wölflinswil	35	3.5353535354
4183	Zeihen	41	3.6476868327
4184	Mettauertal	103	5.3645833333
4191	Ammerswil	18	2.5677603424
4192	Boniswil	56	3.8915913829
4193	Brunegg	18	2.5459688826
4194	Dintikon	60	2.7906976744
4195	Egliswil	47	3.5391566265
4196	Fahrwangen	62	3.1124497992
4197	Hallwil	23	2.8894472362
4198	Hendschiken	32	2.8045574058
4199	Holderbank (AG)	34	3.0881017257
4200	Hunzenschwil	112	3.0303030303
4201	Lenzburg	468	5.2531148277
4202	Meisterschwanden	96	3.4934497817
4203	Möriken-Wildegg	182	4.1916167665
4204	Niederlenz	158	3.5283608754
4205	Othmarsingen	104	3.9513677812
4206	Rupperswil	182	3.5947066956
4207	Schafisheim	85	2.9637377964
4208	Seengen	132	3.4957627119
4209	Seon	244	5.011295954
4210	Staufen	150	5.4525627045
4221	Abtwil	19	1.966873706
4222	Aristau	40	2.8530670471
4223	Auw	41	2.1499737808
4224	Beinwil (Freiamt)	39	3.5519125683
4226	Besenbüren	18	2.9950083195
4227	Bettwil	16	2.9962546816
4228	Boswil	111	4.1402461768
4229	Bünzen	29	2.8571428571
4230	Buttwil	29	2.5
4231	Dietwil	38	2.9710711493
4232	Geltwil	1	0.5263157895
4233	Kallern	8	2.5157232704
4234	Merenschwand	106	3.0976037405
4235	Mühlau	37	3.645320197
4236	Muri (AG)	289	3.8651865722
4237	Oberrüti	30	2.0311442112
4238	Rottenschwil	13	1.6069221261
4239	Sins	130	3.0834914611
4240	Waltenschwil	74	2.7225901398
4251	Hellikon	55	6.9095477387
4252	Kaiseraugst	236	4.2362232992
4253	Magden	157	4.0432655164
4254	Möhlin	431	4.0107947143
4255	Mumpf	35	2.6119402985
4256	Obermumpf	46	4.5098039216
4257	Olsberg	10	2.7322404372
4258	Rheinfelden	592	4.5902147786
4259	Schupfart	28	3.6988110964
4260	Stein (AG)	121	3.8782051282
4261	Wallbach	75	3.9808917197
4262	Wegenstetten	56	5.303030303
4263	Zeiningen	92	4.0636042403
4264	Zuzgen	31	3.6088474971
4271	Aarburg	310	4.0967358266
4272	Attelwil	14	5.0724637681
4273	Bottenwil	36	4.5112781955
4274	Brittnau	170	4.4642857143
4275	Kirchleerau	33	3.9615846339
4276	Kölliken	187	4.3458052521
4277	Moosleerau	36	3.9003250271
4279	Murgenthal	144	5.0069541029
4280	Oftringen	558	4.2240726722
4281	Reitnau	47	3.7242472266
4282	Rothrist	393	4.6153846154
4283	Safenwil	147	4.0788013319
4284	Staffelbach	49	4.6009389671
4285	Strengelbach	203	4.3599656357
4286	Uerkheim	60	4.4543429844
4287	Vordemwald	78	4.1555673948
4288	Wiliberg	4	2.4242424242
4289	Zofingen	671	5.9857270294
4301	Baldingen	6	2.2556390977
4302	Böbikon	10	5.8479532164
4303	Böttstein	182	4.8008441045
4304	Döttingen	171	4.4740973312
4305	Endingen	94	3.8875103391
4306	Fisibach	6	1.4388489209
4307	Full-Reuenthal	37	4.4311377246
4308	Kaiserstuhl	12	2.9702970297
4309	Klingnau	145	4.4437634079
4310	Koblenz	56	3.4912718204
4311	Leibstadt	62	4.679245283
4312	Lengnau (AG)	98	3.6967182195
4313	Leuggern	73	3.4385303815
4314	Mellikon	9	3.734439834
4315	Rekingen (AG)	32	3.2323232323
4316	Rietheim	18	2.4725274725
4317	Rümikon	11	4.0145985401
4318	Schneisingen	60	4.5801526718
4319	Siglistorf	19	2.950310559
4320	Tegerfelden	36	3.1662269129
4322	Wislikofen	10	2.9585798817
4323	Bad Zurzach	276	6.6682773617
4401	Arbon	770	5.4501698754
4406	Dozwil	37	5.3935860058
4411	Egnach	183	4.0361711513
4416	Hefenhofen	50	4.0518638574
4421	Horn	148	5.7054741712
4426	Kesswil	52	5.2052052052
4431	Roggwil (TG)	96	3.3012379642
4436	Romanshorn	629	5.9011164274
4441	Salmsach	38	2.7240143369
4446	Sommeri	18	3.4548944338
4451	Uttwil	71	3.9248203427
4461	Amriswil	620	4.8384579366
4471	Bischofszell	304	5.22696011
4476	Erlen	112	3.1890660592
4486	Hauptwil-Gottshaus	57	2.9702970297
4495	Hohentannen	28	4.5234248788
4501	Kradolf-Schönenberg	129	3.6523216308
4506	Sulgen	203	5.5419055419
4511	Zihlschlacht-Sitterdorf	74	3.3168982519
4536	Basadingen-Schlattingen	71	3.9576365663
4545	Diessenhofen	152	4.1977354322
4546	Schlatt (TG)	65	3.9901780233
4551	Aadorf	336	3.9074310966
4561	Felben-Wellhausen	69	2.5939849624
4566	Frauenfeld	1227	4.9922695093
4571	Gachnang	75	2.0037403153
4590	Hüttlingen	30	3.5671819263
4591	Matzingen	90	3.4562211982
4601	Neunforn	49	5.2575107296
4606	Stettfurt	41	3.5253654342
4611	Thundorf	61	4.3079096045
4616	Uesslingen-Buch	39	3.5944700461
4621	Warth-Weiningen	48	3.8803556993
4641	Altnau	67	3.1693472091
4643	Bottighofen	108	5.1063829787
4646	Ermatingen	176	5.5573097569
4651	Gottlieben	9	2.9702970297
4656	Güttingen	64	4.115755627
4666	Kemmental	89	3.7743850721
4671	Kreuzlingen	903	4.2414279004
4681	Langrickenbach	45	3.5460992908
4683	Lengwil	46	2.9336734694
4691	Münsterlingen	106	3.3364809569
4696	Tägerwilen	154	3.5516605166
4701	Wäldi	41	3.9461020212
4711	Affeltrangen	89	3.6076205918
4716	Bettwiesen	46	4.0671971706
4721	Bichelsee-Balterswil	97	3.4829443447
4723	Braunau	17	2.2368421053
4724	Eschlikon	165	3.9025543992
4726	Fischingen	107	4.1280864198
4741	Lommis	30	2.5041736227
4746	Münchwilen (TG)	179	3.4656340755
4751	Rickenbach (TG)	102	3.7280701754
4756	Schönholzerswilen	35	4.3586550436
4761	Sirnach	266	3.5227122235
4776	Tobel-Tägerschen	52	3.4437086093
4781	Wängi	167	3.719376392
4786	Wilen (TG)	61	2.5771018166
4791	Wuppenau	34	3.0195381883
4801	Berlingen	48	5.6537102473
4806	Eschenz	68	4.0070713023
4811	Herdern	41	4.1540020263
4816	Homburg	69	4.5786330458
4821	Hüttwilen	63	3.8602941176
4826	Mammern	26	4.2483660131
4831	Müllheim	90	3.1034482759
4841	Pfyn	72	3.6885245902
4846	Raperswilen	16	3.8929440389
4851	Salenstein	58	4.4649730562
4864	Steckborn	208	5.6768558952
4871	Wagenhausen	67	4.0191961608
4881	Amlikon-Bissegg	60	4.6012269939
4891	Berg (TG)	133	4.0524070689
4901	Birwinken	58	4.2994810971
4911	Bürglen (TG)	143	3.974430239
4921	Bussnang	92	4.1404140414
4941	Märstetten	82	2.9796511628
4946	Weinfelden	669	6.0603315518
4951	Wigoltingen	105	4.4967880086
5001	Arbedo-Castione	224	4.7629172868
5002	Bellinzona	1127	6.2158733661
5003	Cadenazzo	74	2.7882441598
5004	Camorino	131	4.7792776359
5005	Giubiasco	516	5.98746809
5006	Gnosca	37	5.1104972376
5007	Gorduno	25	3.2679738562
5008	Gudo	58	6.9295101553
5009	Isone	30	7.614213198
5010	Lumino	66	4.7008547009
5012	Moleno	9	7.0866141732
5013	Monte Carasso	107	3.8268955651
5014	Pianezzo	35	5.9726962457
5015	Preonzo	29	4.7154471545
5017	Sant'Antonino	85	3.5849852383
5018	Sant'Antonio	12	5.1948051948
5019	Sementina	144	4.6361880232
5048	Acquarossa	146	7.887628309
5049	Blenio	160	9.2699884125
5050	Serravalle	173	8.3333333333
5061	Airolo	116	7.3885350318
5063	Bedretto	14	13.5922330097
5064	Bodio	67	6.5048543689
5071	Dalpe	15	7.6530612245
5072	Faido	218	7.3698444895
5073	Giornico	63	7.2247706422
5076	Personico	30	8.5959885387
5077	Pollegio	42	5.5118110236
5078	Prato (Leventina)	22	5.3012048193
5079	Quinto	96	8.9136490251
5081	Sobrio	9	11.25
5091	Ascona	469	8.6387916743
5095	Brione (Verzasca)	22	11.5789473684
5096	Brione sopra Minusio	43	8.2217973231
5097	Brissago	142	7.8888888889
5102	Corippo	3	23.0769230769
5105	Frasco	3	2.8846153846
5108	Gordola	227	5.0110375276
5109	Gresso	7	17.0731707317
5112	Lavertezzo	44	3.4029389018
5113	Locarno	1149	7.2707713725
5115	Losone	357	5.463728191
5117	Mergoscia	11	5.069124424
5118	Minusio	578	7.966919366
5119	Mosogno	5	9.8039215686
5120	Muralto	319	11.4830813535
5121	Orselina	72	9.549071618
5125	Ronco sopra Ascona	55	8.7301587302
5129	Sonogno	5	5.4945054945
5131	Tenero-Contra	165	5.9224694903
5132	Vergeletto	13	21.6666666667
5135	Vogorno	19	6.8592057762
5136	Onsernone	19	7.7235772358
5137	Isorno	26	8.2018927445
5138	Cugnasco-Gerra	130	4.5029442328
5141	Agno	215	4.9086757991
5143	Aranno	12	3.5294117647
5144	Arogno	73	7.2277227723
5146	Astano	21	6.862745098
5148	Bedano	61	3.9791258969
5149	Bedigliora	34	5.3375196232
5151	Bioggio	146	5.6787242318
5154	Bissone	51	5.7110862262
5160	Brusino Arsizio	38	7.7709611452
5161	Cademario	48	6.4429530201
5162	Cadempino	55	3.5853976532
5167	Canobbio	105	4.9692380502
5171	Caslano	276	6.4245810056
5176	Comano	120	5.7388809182
5178	Croglio	52	5.7777777778
5180	Cureglia	50	3.7993920973
5181	Curio	28	5.0089445438
5186	Grancia	18	3.4351145038
5187	Gravesano	50	3.9154267815
5189	Lamone	71	3.9954980304
5192	Lugano	4113	6.4600741346
5193	Magliaso	114	7.5197889182
5194	Manno	54	4.1442824252
5195	Maroggia	45	7.5376884422
5196	Massagno	417	6.8126123182
5197	Melano	68	4.7386759582
5198	Melide	128	7.1950534008
5199	Mezzovico-Vira	55	4.1229385307
5200	Miglieglia	14	4.5602605863
5202	Monteggio	50	5.5865921788
5203	Morcote	49	6.7031463748
5205	Muzzano	38	4.5292014303
5206	Neggio	19	5.6886227545
5207	Novaggio	64	7.8144078144
5208	Origlio	58	3.9698836413
5210	Paradiso	243	6.0178306092
5212	Ponte Capriasca	65	3.4946236559
5213	Ponte Tresa	56	7.0351758794
5214	Porza	72	4.4362292052
5216	Pura	79	5.5013927577
5219	Rovio	33	4.1825095057
5221	Savosa	125	5.6689342404
5222	Sessa	41	6.0117302053
5225	Sorengo	86	4.4605809129
5226	Capriasca	312	4.8051748036
5227	Torricella-Taverne	115	3.744708564
5230	Vernate	26	4.4750430293
5231	Vezia	95	4.8444671086
5233	Vico Morcote	11	2.9100529101
5236	Collina d'Oro	266	5.6959314775
5237	Alto Malcantone	85	6.0714285714
5238	Monteceneri	194	4.2109832863
5242	Balerna	272	8.0094228504
5249	Castel San Pietro	120	5.772005772
5250	Chiasso	740	9.0221897098
5251	Coldrerio	175	6.1968838527
5254	Mendrisio	941	6.3031683301
5257	Morbio Inferiore	252	5.3811659193
5260	Novazzano	169	6.9518716578
5263	Riva San Vitale	144	5.5384615385
5266	Stabio	195	4.295154185
5268	Vacallo	201	5.93270366
5269	Breggia	143	7.1464267866
5281	Biasca	368	5.9498787389
5282	Claro	102	3.6337727111
5283	Cresciano	31	4.5857988166
5284	Iragna	21	3.730017762
5285	Lodrino	86	4.9539170507
5286	Osogna	54	5.1625239006
5304	Bosco/Gurin	2	3.8461538462
5307	Campo (Vallemaggia)	4	7.8431372549
5309	Cerentino	6	10.7142857143
5310	Cevio	102	8.6003372681
5315	Linescio	4	7.5471698113
5317	Maggia	139	5.3399923166
5323	Lavizzara	57	10.1243339254
5324	Avegno Gordevio	79	5.4221002059
5396	Terre di Pedemonte	122	4.6761211192
5397	Centovalli	90	7.7452667814
5398	Gambarogno	316	6.2450592885
5401	Aigle	479	4.8029680136
5402	Bex	337	4.739136549
5403	Chessel	12	3.305785124
5404	Corbeyrier	34	8.0568720379
5405	Gryon	51	4.08
5406	Lavey-Morcles	45	5.0561797753
5407	Leysin	99	2.4
5408	Noville	32	3.2955715757
5409	Ollon	311	4.2221015477
5410	Ormont-Dessous	59	5.5037313433
5411	Ormont-Dessus	115	7.8605604921
5412	Rennaz	23	2.8714107366
5413	Roche (VD)	45	2.9585798817
5414	Villeneuve (VD)	277	5.2175550951
5415	Yvorne	42	4.050144648
5421	Apples	63	4.7085201794
5422	Aubonne	141	4.6003262643
5423	Ballens	27	5.325443787
5424	Berolle	5	1.6722408027
5425	Bière	91	5.9167750325
5426	Bougy-Villars	14	3.1390134529
5427	Féchy	25	2.9036004646
5428	Gimel	116	6.0385216033
5429	Longirod	17	3.8724373576
5430	Marchissy	17	3.8202247191
5431	Mollens (VD)	9	3.125
5432	Montherod	9	1.7408123791
5434	Saint-George	33	3.4482758621
5435	Saint-Livres	25	3.5765379113
5436	Saint-Oyens	10	3.0674846626
5437	Saubraz	16	4.0816326531
5451	Avenches	142	3.517463463
5456	Cudrefin	57	3.8987688098
5458	Faoug	27	3.2846715328
5464	Vully-les-Lacs	161	5.7664756447
5471	Bettens	10	1.8903591682
5472	Bournens	11	3.0555555556
5473	Boussens	17	1.8008474576
5474	La Chaux (Cossonay)	9	2.1327014218
5475	Chavannes-le-Veyron	2	1.5748031496
5476	Chevilly	10	4
5477	Cossonay	85	2.3480662983
5478	Cottens (VD)	9	1.8987341772
5479	Cuarnens	22	5.0574712644
5480	Daillens	28	2.9755579171
5481	Dizy	7	3.1531531532
5482	Eclépens	43	4.2406311637
5483	Ferreyres	2	0.6644518272
5484	Gollion	24	2.9556650246
5485	Grancy	18	4.6391752577
5486	L'Isle	39	3.8844621514
5487	Lussery-Villars	11	2.7093596059
5488	Mauraz	5	10.2040816327
5489	Mex (VD)	27	4.0785498489
5490	Moiry	8	3.0418250951
5491	Mont-la-Ville	23	6.1662198391
5492	Montricher	31	3.3226152197
5493	Orny	19	5.1912568306
5494	Pampigny	27	2.447869447
5495	Penthalaz	156	4.9539536361
5496	Penthaz	37	2.2248947685
5497	Pompaples	52	6.1904761905
5498	La Sarraz	93	3.7022292994
5499	Senarclens	27	6.1224489796
5500	Sévery	9	4.0358744395
5501	Sullens	30	3.3076074972
5503	Vufflens-la-Ville	40	3.2573289902
5511	Assens	37	3.61328125
5512	Bercher	40	3.4965034965
5513	Bioley-Orjulaz	15	3.2751091703
5514	Bottens	42	3.2863849765
5515	Bretigny-sur-Morrens	16	2.0460358056
5516	Cugy (VD)	78	2.8592375367
5518	Echallens	181	3.2861292665
5520	Essertines-sur-Yverdon	29	3.1903190319
5521	Etagnières	21	1.8987341772
5522	Fey	28	4.48
5523	Froideville	46	1.9870410367
5527	Morrens (VD)	36	3.4123222749
5529	Oulens-sous-Echallens	13	2.4436090226
5530	Pailly	14	2.6871401152
5531	Penthéréaz	13	3.3678756477
5533	Poliez-Pittet	16	1.9875776398
5534	Rueyres	8	3.0651340996
5535	Saint-Barthélemy (VD)	19	2.4453024453
5537	Villars-le-Terroir	40	4.2372881356
5539	Vuarrens	32	3.4408602151
5540	Montilliez	51	3.1269160025
5541	Goumoëns	52	5.4110301769
5551	Bonvillars	21	4.1176470588
5552	Bullet	39	6.5436241611
5553	Champagne	25	2.4925224327
5554	Concise	39	4.1755888651
5555	Corcelles-près-Concise	20	6.0240963855
5556	Fiez	12	2.9126213592
5557	Fontaines-sur-Grandson	7	3.825136612
5559	Giez	27	7.03125
5560	Grandevent	3	1.3274336283
5561	Grandson	140	4.2984341418
5562	Mauborget	1	0.9090909091
5563	Mutrux	8	5.4054054054
5564	Novalles	3	2.9411764706
5565	Onnens (VD)	12	2.4
5566	Provence	18	4.774535809
5568	Sainte-Croix	380	7.9731430969
5571	Tévenon	43	5.6578947368
5581	Belmont-sur-Lausanne	88	2.4615384615
5582	Cheseaux-sur-Lausanne	113	2.7594627595
5583	Crissier	226	2.9850746269
5584	Epalinges	422	4.6831650205
5585	Jouxtens-Mézery	58	4.1517537581
5586	Lausanne	6892	5.1472400427
5587	Le Mont-sur-Lausanne	366	5.2631578947
5588	Paudex	71	4.8563611491
5589	Prilly	734	6.0872449826
5590	Pully	1281	7.2684975034
5591	Renens (VD)	897	4.3871661939
5592	Romanel-sur-Lausanne	120	3.646308113
5601	Chexbres	203	9.2821216278
5604	Forel (Lavaux)	57	2.7496382055
5606	Lutry	667	6.9112009118
5607	Puidoux	83	2.9526858769
5609	Rivaz	22	6.25
5610	Saint-Saphorin (Lavaux)	10	2.6525198939
5611	Savigny	141	4.2304230423
5613	Bourg-en-Lavaux	280	5.3960300636
5621	Aclens	21	3.9106145251
5622	Bremblens	14	2.8397565923
5623	Buchillon	30	4.8780487805
5624	Bussigny	225	2.7506112469
5625	Bussy-Chardonney	10	2.5773195876
5627	Chavannes-près-Renens	184	2.5502425502
5628	Chigny	9	2.7108433735
5629	Clarmont	10	6.4516129032
5631	Denens	32	4.5779685265
5632	Denges	39	2.4
5633	Echandens	95	3.933747412
5634	Echichens	202	7.8233927188
5635	Ecublens (VD)	459	3.7734297928
5636	Etoy	103	3.5701906412
5637	Lavigny	22	2.3655913978
5638	Lonay	217	8.6765293882
5639	Lully (VD)	18	2.3560209424
5640	Lussy-sur-Morges	41	6.2883435583
5642	Morges	989	6.3950856773
5643	Préverenges	162	3.1046377923
5644	Reverolle	8	2.2471910112
5645	Romanel-sur-Morges	16	3.6446469248
5646	Saint-Prex	171	3.1370390754
5648	Saint-Sulpice (VD)	175	4.9575070822
5649	Tolochenaz	62	3.4159779614
5650	Vaux-sur-Morges	5	2.5641025641
5651	Villars-Sainte-Croix	24	3.5608308605
5652	Villars-sous-Yens	16	2.8021015762
5653	Vufflens-le-Château	23	2.7878787879
5654	Vullierens	31	6.7833698031
5655	Yens	46	3.4638554217
5661	Boulens	8	2.5559105431
5662	Brenles	7	4.8611111111
5663	Bussy-sur-Moudon	15	7.614213198
5665	Chavannes-sur-Moudon	18	7.7253218884
5666	Chesalles-sur-Moudon	11	6.9182389937
5668	Cremin	6	11.7647058824
5669	Curtilles	15	4.8701298701
5671	Dompierre (VD)	18	7.2874493927
5672	Forel-sur-Lucens	6	3.9735099338
5673	Hermenches	20	5.3333333333
5674	Lovatens	12	8.5714285714
5675	Lucens	125	3.7901758642
5678	Moudon	245	4.2002400137
5680	Ogens	12	4.5977011494
5683	Prévonloup	9	5.2023121387
5684	Rossenges	2	3.1746031746
5686	Sarzens	6	6.8965517241
5688	Syens	6	4.8780487805
5690	Villars-le-Comte	15	9.8039215686
5692	Vucherens	22	4.1198501873
5693	Montanaire	112	4.6090534979
5701	Arnex-sur-Nyon	1	0.5102040816
5702	Arzier-Le Muids	61	2.4468511833
5703	Bassins	32	2.416918429
5704	Begnins	99	5.7558139535
5705	Bogis-Bossey	16	1.8161180477
5706	Borex	22	2.3429179979
5707	Chavannes-de-Bogis	17	1.3364779874
5708	Chavannes-des-Bois	8	0.9132420091
5709	Chéserex	28	2.252614642
5710	Coinsins	12	2.8235294118
5711	Commugny	81	2.9147175243
5712	Coppet	117	3.7950048654
5713	Crans-près-Céligny	67	3.0875576037
5714	Crassier	22	1.9130434783
5715	Duillier	28	2.6565464896
5716	Eysins	18	1.2016021362
5717	Founex	103	2.9195011338
5718	Genolier	75	3.9349422875
5719	Gingins	37	2.9742765273
5720	Givrins	29	2.962206333
5721	Gland	272	2.1592442645
5722	Grens	18	4.9046321526
5723	Mies	74	3.7544393709
5724	Nyon	823	4.1696220488
5725	Prangins	116	2.9094557311
5726	La Rippe	33	3.0386740331
5727	Saint-Cergue	80	3.3955857385
5728	Signy-Avenex	17	3.5269709544
5729	Tannay	49	3.024691358
5730	Trélex	33	2.3157894737
5731	Le Vaud	36	2.9055690073
5732	Vich	12	1.5564202335
5741	L'Abergement	11	4.4176706827
5742	Agiez	8	2.7210884354
5743	Arnex-sur-Orbe	35	5.6818181818
5744	Ballaigues	54	5.1823416507
5745	Baulmes	48	4.6966731898
5746	Bavois	21	2.2801302932
5747	Bofflens	8	4.2328042328
5748	Bretonnières	16	6.7796610169
5749	Chavornay	88	2.1680216802
5750	Les Clées	7	3.9772727273
5751	Corcelles-sur-Chavornay	13	3.9039039039
5752	Croy	42	13.0841121495
5754	Juriens	17	5.5374592834
5755	Lignerolle	17	4.347826087
5756	Montcherand	16	3.3898305085
5757	Orbe	287	4.2224510814
5758	La Praz	3	1.8987341772
5759	Premier	14	7.7348066298
5760	Rances	29	6.6820276498
5761	Romainmôtier-Envy	20	3.8022813688
5762	Sergey	5	3.4482758621
5763	Valeyres-sous-Rances	17	2.905982906
5764	Vallorbe	210	5.8626465662
5765	Vaulion	27	5.601659751
5766	Vuiteboeuf	14	2.6923076923
5782	Carrouge (VD)	35	3.1503150315
5785	Corcelles-le-Jorat	29	6.5315315315
5788	Essertes	9	2.7272727273
5789	Ferlens (VD)	14	4.2296072508
5790	Maracon	16	3.5874439462
5791	Mézières (VD)	57	4.7778709137
5792	Montpreveyres	17	2.8475711893
5798	Ropraz	17	4.1564792176
5799	Servion	41	2.1681649921
5803	Vulliens	26	5.8823529412
5804	Jorat-Menthue	44	2.9931972789
5805	Oron	234	4.4982698962
5812	Champtauroz	8	5.8394160584
5813	Chevroux	18	4.3165467626
5816	Corcelles-près-Payerne	86	4.1108986616
5817	Grandcour	35	4.0650406504
5819	Henniez	8	2.787456446
5821	Missy	17	5.0595238095
5822	Payerne	473	5.0378102034
5827	Trey	11	4.1666666667
5828	Treytorrens (Payerne)	8	6.7226890756
5830	Villarzel	31	7.4698795181
5831	Valbroye	133	4.529972752
5841	Château-d'Oex	263	7.6765907764
5842	Rossinière	27	4.8736462094
5843	Rougemont	81	9.1113610799
5851	Allaman	15	3.7313432836
5852	Bursinel	9	1.906779661
5853	Bursins	25	3.2552083333
5854	Burtigny	12	3.2345013477
5855	Dully	18	2.9173419773
5856	Essertines-sur-Rolle	13	1.8597997139
5857	Gilly	33	3.0499075786
5858	Luins	14	2.2913256956
5859	Mont-sur-Rolle	94	3.5755039939
5860	Perroy	36	2.5477707006
5861	Rolle	254	4.1865831548
5862	Tartegnin	16	7.0175438596
5863	Vinzel	6	1.7094017094
5871	L'Abbaye	92	6.3448275862
5872	Le Chenit	330	7.3268206039
5873	Le Lieu	78	9.0697674419
5881	Blonay	335	5.4873054873
5882	Chardonne	209	7.3591549296
5883	Corseaux	155	7.1461502997
5884	Corsier-sur-Vevey	189	5.5441478439
5885	Jongny	76	5.1630434783
5886	Montreux	1595	6.0859279609
5888	Saint-Légier-La Chiésaz	221	4.3486816214
5889	La Tour-de-Peilz	713	6.3677770831
5890	Vevey	947	4.9271592092
5891	Veytaux	52	6.103286385
5902	Belmont-sur-Yverdon	15	4.1899441341
5903	Bioley-Magnoux	17	8.6734693878
5904	Chamblon	22	3.7288135593
5905	Champvent	20	3.3333333333
5907	Chavannes-le-Chêne	10	3.6496350365
5908	Chêne-Pâquier	6	4.5801526718
5909	Cheseaux-Noréaz	35	5.2870090634
5910	Cronay	21	5.9659090909
5911	Cuarny	6	2.9411764706
5912	Démoret	11	8.7301587302
5913	Donneloye	32	4.3775649795
5914	Ependes (VD)	6	1.749271137
5915	Essert-Pittet	7	4.6666666667
5919	Mathod	21	3.8043478261
5921	Molondin	12	5.2631578947
5922	Montagny-près-Yverdon	28	3.8514442916
5923	Oppens	5	2.8248587571
5924	Orges	10	3.6363636364
5925	Orzens	22	11.1111111111
5926	Pomy	35	4.7554347826
5928	Rovray	5	3.0487804878
5929	Suchy	11	2.0952380952
5930	Suscévaz	8	4.0201005025
5931	Treycovagnes	11	2.3255813953
5932	Ursins	7	3.3653846154
5933	Valeyres-sous-Montagny	30	4.6801872075
5934	Valeyres-sous-Ursins	6	2.489626556
5935	Villars-Epeney	3	3.3707865169
5937	Vugelles-La Mothe	3	2.1897810219
5938	Yverdon-les-Bains	1623	5.5192817792
5939	Yvonand	166	5.3531118994
6002	Brig-Glis	649	5.0173946656
6004	Eggerberg	19	5.6886227545
6007	Naters	485	4.9850961044
6008	Ried-Brig	65	3.2306163022
6009	Simplon	21	6.4220183486
6010	Termen	40	4.5610034208
6011	Zwischbergen	3	3.3707865169
6021	Ardon	113	3.7207770826
6022	Chamoson	147	4.247327362
6023	Conthey	347	4.1731809982
6024	Nendaz	274	4.4044365858
6025	Vétroz	175	3.1006378455
6031	Bagnes	386	4.777819037
6032	Bourg-Saint-Pierre	9	4.8387096774
6033	Liddes	42	5.585106383
6034	Orsières	167	5.2548772813
6035	Sembrancher	50	5.1867219917
6036	Vollèges	82	4.4931506849
6052	Bellwald	23	5.3864168618
6054	Binn	10	6.8965517241
6055	Blitzingen	8	10
6056	Ernen	41	7.7358490566
6057	Fiesch	45	4.9019607843
6058	Fieschertal	12	3.785488959
6061	Lax	7	2.3648648649
6064	Niederwald	5	11.1111111111
6073	Grafschaft	19	10
6074	Münster-Geschinen	42	9.0517241379
6075	Reckingen-Gluringen	36	8.2191780822
6076	Obergoms	31	4.7256097561
6081	Les Agettes	18	5.421686747
6082	Ayent	239	6.204569055
6083	Evolène	96	5.5878928987
6084	Hérémence	122	8.9705882353
6087	Saint-Martin (VS)	81	9.3210586881
6089	Vex	65	3.7121644774
6090	Mont-Noble	69	6.9556451613
6101	Agarn	39	4.9872122762
6102	Albinen	25	9.9601593625
6104	Ergisch	16	8.4656084656
6109	Inden	8	6.5573770492
6110	Leuk	162	4.2165538782
6111	Leukerbad	47	3.1501340483
6112	Oberems	10	7.874015748
6113	Salgesch	73	5.0414364641
6116	Varen	29	4.7077922078
6117	Guttet-Feschel	29	6.7757009346
6118	Gampel-Bratsch	110	5.7651991614
6119	Turtmann-Unterems	53	4.7704770477
6131	Bovernier	33	3.7714285714
6132	Charrat	66	4.0968342644
6133	Fully	337	4.0335128665
6134	Isérables	64	7.3478760046
6135	Leytron	158	5.2631578947
6136	Martigny	842	4.8552646754
6137	Martigny-Combe	87	3.743545611
6139	Riddes	109	3.7560303239
6140	Saillon	107	4.3513623424
6141	Saxon	184	3.506097561
6142	Trient	8	4.4943820225
6151	Champéry	75	5.8411214953
6152	Collombey-Muraz	208	2.5027072554
6153	Monthey	821	4.7159515193
6154	Port-Valais	116	3.0263501174
6155	Saint-Gingolph	78	8.505997819
6156	Troistorrents	169	3.7951942511
6157	Val-d'Illiez	88	4.7748236571
6158	Vionnaz	85	3.5579740477
6159	Vouvry	153	3.8783269962
6172	Bister	2	6.0606060606
6173	Bitsch	28	3.233256351
6177	Grengiols	31	6.9506726457
6181	Riederalp	18	3.5433070866
6191	Ausserberg	41	6.4976228209
6192	Blatten	25	8.8028169014
6193	Bürchen	48	6.3324538259
6194	Eischoll	45	9.8039215686
6195	Ferden	16	6.4516129032
6197	Kippel	26	7.3446327684
6198	Niedergesteln	26	3.8291605302
6199	Raron	81	4.2319749216
6201	Unterbäch	17	4.2079207921
6202	Wiler (Lötschen)	25	4.347826087
6203	Mörel-Filet	44	6.3768115942
6204	Steg-Hohtenn	66	4.214559387
6205	Bettmeralp	25	5.5555555556
6211	Collonges	33	4.6941678521
6212	Dorénaz	31	3.6130536131
6213	Evionnaz	54	4.3724696356
6214	Finhaut	22	4.4989775051
6215	Massongex	62	3.5448827902
6217	Saint-Maurice	229	5.0888888889
6218	Salvan	70	5.3272450533
6219	Vernayaz	94	4.9317943337
6220	Vérossaz	32	4.6444121916
6232	Chalais	146	4.3259259259
6234	Chermignon	176	5.6902683479
6235	Chippis	92	5.5723803755
6238	Grône	112	4.8484848485
6239	Icogne	43	7.70609319
6240	Lens	279	7.072243346
6241	Miège	50	3.7537537538
6242	Mollens (VS)	40	4.2105263158
6243	Montana	153	6.4150943396
6244	Randogne	176	3.9891205802
6246	Saint-Léonard	97	4.3911272069
6248	Sierre	880	5.3181845652
6249	Venthône	57	4.6759639048
6250	Veyras	80	4.4817927171
6252	Anniviers	128	4.7319778189
6261	Arbaz	71	6.037414966
6263	Grimisuat	140	4.4500953592
6265	Savièse	284	3.917781763
6266	Sion	1806	5.424074964
6267	Veysonnaz	38	6.2706270627
6281	Baltschieder	34	2.6315789474
6282	Eisten	13	6.4039408867
6283	Embd	25	8.2236842105
6285	Grächen	64	4.6309696093
6286	Lalden	47	7.0464767616
6287	Randa	24	5.4421768707
6288	Saas-Almagell	15	3.8461538462
6289	Saas-Balen	25	6.8119891008
6290	Saas-Fee	77	4.7181372549
6291	Saas-Grund	58	5.5080721747
6292	St. Niklaus	101	4.4085552161
6293	Stalden (VS)	79	7.2278133577
6294	Staldenried	28	5.1470588235
6295	Täsch	26	2.1052631579
6296	Törbel	28	5.8700209644
6297	Visp	346	4.6145638837
6298	Visperterminen	78	5.6644880174
6299	Zeneggen	21	7.5539568345
6300	Zermatt	172	2.9809358752
6402	Bevaix	195	5.0478902407
6404	Boudry	206	3.7481804949
6405	Brot-Dessous	5	5.1020408163
6407	Corcelles-Cormondrèche	272	5.8008104073
6408	Cortaillod	210	4.412691742
6409	Fresens	13	5.4852320675
6410	Gorgier	90	4.5385779123
6411	Montalchez	10	4.1666666667
6412	Peseux	395	6.7475230612
6413	Rochefort	37	3.3697632058
6414	Saint-Aubin-Sauges	138	5.6441717791
6415	Vaumarcus	5	1.8656716418
6416	Milvignes	468	5.2011558124
6421	La Chaux-de-Fonds	2402	6.1547134035
6422	Les Planchettes	9	4.128440367
6423	La Sagne	61	6.4413938754
6431	Les Brenets	62	5.8380414313
6432	La Brévine	38	5.8823529412
6433	Brot-Plamboz	5	1.9455252918
6434	Le Cerneux-Péquignot	18	5.6782334385
6435	La Chaux-du-Milieu	17	3.4068136273
6436	Le Locle	706	6.7669893607
6437	Les Ponts-de-Martel	79	6.1960784314
6451	Cornaux	60	3.738317757
6452	Cressier (NE)	81	4.2012448133
6453	Enges	15	5.3956834532
6454	Hauterive (NE)	120	4.6875
6455	Le Landeron	191	4.2758003134
6456	Lignières	31	3.249475891
6458	Neuchâtel	2033	6.0121247967
6459	Saint-Blaise	195	6.0073937153
6461	La Tène	209	4.3334024466
6485	Valangin	17	3.4552845528
6487	Val-de-Ruz	624	3.8051100677
6504	La Côte-aux-Fées	41	8.5594989562
6511	Les Verrières	42	5.8495821727
6512	Val-de-Travers	773	7.1217984153
6601	Aire-la-Ville	21	1.8245004344
6602	Anières	74	3.0859049208
6603	Avully	36	2.0281690141
6604	Avusy	39	2.6896551724
6605	Bardonnex	89	3.9714413208
6606	Bellevue	57	1.761433869
6607	Bernex	382	3.8927952716
6608	Carouge (GE)	856	4.093735055
6609	Cartigny	39	4.4827586207
6610	Céligny	33	4.831625183
6611	Chancy	22	1.448321264
6612	Chêne-Bougeries	954	8.5907248987
6613	Chêne-Bourg	349	4.2827340778
6614	Choulex	50	4.5289855072
6615	Collex-Bossy	45	2.6865671642
6616	Collonge-Bellerive	442	5.6528967899
6617	Cologny	365	7.159670459
6618	Confignon	192	4.3078303792
6619	Corsier (GE)	72	3.567888999
6620	Dardagny	28	1.8276762402
6621	Genève	10131	5.2070002313
6622	Genthod	94	3.3886085076
6623	Le Grand-Saconnex	526	4.3713122247
6624	Gy	12	2.4048096192
6625	Hermance	60	5.9230009872
6626	Jussy	54	4.2993630573
6627	Laconnex	20	3.1897926635
6628	Lancy	1443	4.6670332158
6629	Meinier	85	4.0865384615
6630	Meyrin	914	4.1558677761
6631	Onex	1071	5.8508604207
6632	Perly-Certoux	99	3.228962818
6633	Plan-les-Ouates	339	3.2973446163
6634	Pregny-Chambésy	164	4.5631608236
6635	Presinge	40	6.1443932412
6636	Puplinge	78	3.8179148311
6637	Russin	14	2.7559055118
6638	Satigny	152	3.7848605578
6639	Soral	58	7.6115485564
6640	Thônex	735	5.2608975735
6641	Troinex	101	4.336625161
6642	Vandoeuvres	141	5.4992199688
6643	Vernier	1341	3.8895495548
6644	Versoix	496	3.7987286513
6645	Veyrier	669	6.0823711246
6702	Boécourt	39	4.3771043771
6703	Bourrignon	15	5.7034220532
6704	Châtillon (JU)	25	5.3418803419
6705	Corban	23	4.9462365591
6706	Courchapoix	20	4.662004662
6708	Courrendlin	130	4.7410649161
6709	Courroux	122	3.8742457923
6710	Courtételle	93	3.6846275753
6711	Delémont	797	6.3836603925
6712	Develier	65	4.6001415428
6713	Ederswiler	8	6.9565217391
6715	Mervelier	44	8.4291187739
6716	Mettembert	3	2.8571428571
6718	Movelier	27	7.0680628272
6719	Pleigne	13	3.6211699164
6720	Rebeuvelier	12	3.0534351145
6721	Rossemaison	23	3.8785834739
6722	Saulcy	28	10.6870229008
6724	Soyhières	32	6.4646464646
6728	Vellerat	1	1.3333333333
6729	Haute-Sorne	354	5.1363900174
6730	Val Terbi	108	4.0940106141
6741	Le Bémont (JU)	9	2.8846153846
6742	Les Bois	56	4.7257383966
6743	Les Breuleux	92	6.1744966443
6744	La Chaux-des-Breuleux	4	4.1237113402
6745	Les Enfers	3	1.9736842105
6748	Les Genevez (JU)	37	6.9811320755
6750	Lajoux (JU)	40	5.9970014993
6751	Montfaucon	35	5.8724832215
6753	Muriaux	22	4.3650793651
6754	Le Noirmont	88	4.8511576626
6757	Saignelégier	147	5.7647058824
6758	Saint-Brais	5	2.1645021645
6759	Soubey	11	8.2089552239
6771	Alle	105	5.9829059829
6773	Beurnevésin	12	9.6774193548
6774	Boncourt	113	9.1720779221
6775	Bonfol	54	7.8602620087
6778	Bure	45	6.5693430657
6781	Coeuve	43	6.0478199719
6782	Cornol	62	6.0843964671
6783	Courchavon	18	6.1224489796
6784	Courgenay	123	5.4472984942
6785	Courtedoux	57	7.579787234
6787	Damphreux	6	3.3149171271
6789	Fahy	27	7.6487252125
6790	Fontenais	93	5.5555555556
6792	Grandfontaine	18	4.6153846154
6793	Lugnez	10	5.2356020942
6800	Porrentruy	479	7.0461900559
6803	Rocourt	9	5.6962025316
6806	Vendlincourt	32	5.8500914077
6807	Basse-Allaine	95	7.5396825397
6808	Clos du Doubs	97	7.4615384615
6809	Haute-Ajoie	62	6.4921465969
6810	La Baroche	55	4.7250859107
