Regions-ID	Regionsname	Geburtenüberschuss	Geburtenüberschuss pro 1 000 Einwohner*
1	Aeugst am Albis	4	2.0351055711
2	Affoltern am Albis	54	4.7130700415
3	Bonstetten	54	10.2398786385
4	Hausen am Albis	16	4.6390258046
5	Hedingen	14	3.8642009384
6	Kappel am Albis	-1	-1.0152284264
7	Knonau	8	3.9564787339
8	Maschwanden	2	3.0097817908
9	Mettmenstetten	24	5.3956834532
10	Obfelden	28	5.7177863998
11	Ottenbach	-1	-0.3975352813
12	Rifferswil	4	4.0858018386
13	Stallikon	26	7.8360458107
14	Wettswil am Albis	8	1.7092191005
21	Adlikon	-6	-10.1265822785
22	Benken (ZH)	2	2.4081878387
23	Berg am Irchel	5	8.6430423509
24	Buch am Irchel	0	0
25	Dachsen	12	6.0120240481
26	Dorf	4	6.3141278611
27	Feuerthalen	13	3.7206639954
28	Flaach	6	4.4215180545
29	Flurlingen	-1	-0.7067137809
30	Andelfingen	9	4.2323066071
31	Henggart	-4	-1.7582417582
32	Humlikon	2	4.0816326531
33	Kleinandelfingen	3	1.4605647517
34	Laufen-Uhwiesen	8	4.9170251998
35	Marthalen	0	0
36	Oberstammheim	6	5.2083333333
37	Ossingen	-3	-2.1834061135
38	Rheinau	-2	-1.5145778114
39	Thalheim an der Thur	2	2.18459858
40	Trüllikon	-2	-1.9930244145
41	Truttikon	3	6.5717415115
42	Unterstammheim	2	2.2471910112
43	Volken	0	0
44	Waltalingen	0	0
51	Bachenbülach	25	6.1530888506
52	Bassersdorf	60	5.2737980135
53	Bülach	95	5.0934241214
54	Dietlikon	28	3.7796976242
55	Eglisau	28	5.6519983851
56	Embrach	63	6.9790628116
57	Freienstein-Teufen	12	5.2196607221
58	Glattfelden	29	6.114918292
59	Hochfelden	24	11.9018100669
60	Höri	9	3.3968673335
61	Hüntwangen	0	0
62	Kloten	62	3.3720392679
63	Lufingen	7	3.6958817318
64	Nürensdorf	19	3.5470923177
65	Oberembrach	2	1.8298261665
66	Opfikon	148	8.8158208244
67	Rafz	31	7.3651698741
68	Rorbas	29	10.962010962
69	Wallisellen	102	6.7480400913
70	Wasterkingen	3	5.249343832
71	Wil (ZH)	5	3.738317757
72	Winkel	10	2.3900573614
81	Bachs	8	13.2450331126
82	Boppelsen	1	0.7707129094
83	Buchs (ZH)	61	9.8601794229
84	Dällikon	33	8.6027111575
85	Dänikon	17	8.7134802665
86	Dielsdorf	53	8.9792460822
87	Hüttikon	10	14.450867052
88	Neerach	4	1.3245033113
89	Niederglatt	26	5.5448923011
90	Niederhasli	68	7.5914038515
91	Niederweningen	5	1.7655367232
92	Oberglatt	72	10.9814687714
93	Oberweningen	4	2.2333891681
94	Otelfingen	21	7.568931339
95	Regensberg	4	8.2135523614
96	Regensdorf	110	6.3479239403
97	Rümlang	61	8.2521645022
98	Schleinikon	4	5.5671537926
99	Schöfflisdorf	2	1.4540167212
100	Stadel	7	3.3420864168
101	Steinmaur	16	4.7428486735
102	Weiach	8	7.158836689
111	Bäretswil	25	5.0469365095
112	Bubikon	27	3.8829366506
113	Dürnten	44	6.0340098738
114	Fischenthal	4	1.7208001721
115	Gossau (ZH)	48	4.9263611639
116	Grüningen	9	2.7043269231
117	Hinwil	18	1.6705336427
118	Rüti (ZH)	6	0.4999375078
119	Seegräben	6	4.3939948737
120	Wald (ZH)	26	2.7624309392
121	Wetzikon (ZH)	119	4.9932863377
131	Adliswil	135	7.3549441569
132	Hirzel	14	6.5420560748
133	Horgen	104	5.2470926566
134	Hütten	-1	-1.1019283747
135	Kilchberg (ZH)	35	4.4637163627
136	Langnau am Albis	3	0.4066142586
137	Oberrieden	4	0.7995202878
138	Richterswil	51	3.9144951453
139	Rüschlikon	8	1.4401440144
140	Schönenberg (ZH)	5	2.6532236668
141	Thalwil	102	5.7979252522
142	Wädenswil	79	3.7390254869
151	Erlenbach (ZH)	18	3.3367318565
152	Herrliberg	-2	-0.3221908981
153	Hombrechtikon	10	1.2026458208
154	Küsnacht (ZH)	10	0.7270876504
155	Männedorf	29	2.7580959627
156	Meilen	17	1.2917442346
157	Oetwil am See	10	2.1765153988
158	Stäfa	9	0.6454851897
159	Uetikon am See	7	1.1807371173
160	Zumikon	-17	-3.2952122504
161	Zollikon	-2	-0.1609204651
171	Bauma	20	4.6088259016
172	Fehraltorf	48	7.619047619
173	Hittnau	23	6.3835692478
174	Illnau-Effretikon	61	3.7461233764
175	Kyburg	2	4.9261083744
176	Lindau	40	7.4794315632
177	Pfäffikon	58	5.1831992851
178	Russikon	16	3.8268356852
179	Sternenberg	1	2.8530670471
180	Weisslingen	21	6.5096094234
181	Wila	-7	-3.6458333333
182	Wildberg	6	6.0636685195
191	Dübendorf	127	4.873556161
192	Egg	19	2.2847522848
193	Fällanden	41	5.0186669931
194	Greifensee	48	9.0421022888
195	Maur	30	3.082297339
196	Mönchaltorf	11	3.0964109782
197	Schwerzenbach	30	6.0234916173
198	Uster	146	4.3903832564
199	Volketswil	158	8.6490037224
200	Wangen-Brüttisellen	31	4.0749260598
211	Altikon	0	0
213	Brütten	21	10.3986135182
214	Dägerlen	5	5.1098620337
215	Dättlikon	2	2.6350461133
216	Dinhard	11	7.3652494141
217	Elgg	28	6.7739204064
218	Ellikon an der Thur	4	4.4174489232
219	Elsau	8	2.3211954156
220	Hagenbuch	5	4.5537340619
221	Hettlingen	-7	-2.3030103635
222	Hofstetten (ZH)	1	2.0768431983
223	Neftenbach	52	9.5081367709
224	Pfungen	40	11.1327581408
225	Rickenbach (ZH)	15	5.8997050147
226	Schlatt (ZH)	10	13.4048257373
227	Seuzach	19	2.6313967177
228	Turbenthal	26	5.9131225836
230	Winterthur	441	4.1514869101
231	Zell (ZH)	18	3.176283748
241	Aesch (ZH)	1	0.8445945946
242	Birmensdorf (ZH)	15	2.4427978178
243	Dietikon	153	5.9184186604
244	Geroldswil	18	3.7519541428
245	Oberengstringen	8	1.2293507491
246	Oetwil an der Limmat	-7	-3.0375352571
247	Schlieren	124	6.9747166521
248	Uitikon	-2	-0.5069708492
249	Unterengstringen	22	6.2633451957
250	Urdorf	33	3.4453956985
251	Weiningen (ZH)	17	3.8742023701
261	Zürich	1700	4.3806247544
298	Wiesendangen	7	1.1508425812
301	Aarberg	5	1.1500862565
302	Bargen (BE)	-1	-1.0085728694
303	Grossaffoltern	-3	-1.028277635
304	Kallnach	5	2.5893319524
305	Kappelen	6	4.4593088071
306	Lyss	19	1.3388295811
307	Meikirch	-4	-1.6573441061
309	Radelfingen	4	3.2746623005
310	Rapperswil (BE)	3	1.2497396376
311	Schüpfen	7	1.9047619048
312	Seedorf (BE)	10	3.3692722372
321	Aarwangen	-3	-0.700525394
322	Auswil	0	0
323	Bannwil	0	0
324	Bleienbach	4	5.9970014993
325	Busswil bei Melchnau	1	5.2356020942
326	Gondiswil	-1	-1.3513513514
329	Langenthal	-14	-0.9148234064
331	Lotzwil	1	0.4014452027
332	Madiswil	-2	-0.6339144216
333	Melchnau	-5	-3.2658393207
334	Obersteckholz	2	4.7505938242
335	Oeschenbach	4	16.7364016736
336	Reisiswil	2	10.3092783505
337	Roggwil (BE)	-4	-1.0284098213
338	Rohrbach	-12	-8.5622547271
339	Rohrbachgraben	-2	-4.9200492005
340	Rütschelen	4	7.0609002648
341	Schwarzhäusern	-3	-6.0120240481
342	Thunstetten	2	0.6384676776
344	Ursenbach	-8	-8.8105726872
345	Wynau	9	5.7142857143
351	Bern	249	1.92379753
352	Bolligen	-7	-1.15406809
353	Bremgarten bei Bern	5	1.1518083391
354	Kirchlindach	15	5.1840331778
355	Köniz	57	1.4287146581
356	Muri bei Bern	-45	-3.479202103
357	Oberbalm	7	7.9275198188
358	Stettlen	12	4.0431266846
359	Vechigen	13	2.5829525134
360	Wohlen bei Bern	-6	-0.6681886519
361	Zollikofen	20	1.9862945675
362	Ittigen	-1	-0.0896177802
363	Ostermundigen	-13	-0.7907783083
371	Biel/Bienne	39	0.7310352584
372	Evilard	-4	-1.5939430165
381	Arch	0	0
382	Büetigen	2	2.5094102886
383	Büren an der Aare	-4	-1.1611030479
385	Diessbach bei Büren	6	6.2597809077
386	Dotzigen	4	2.8248587571
387	Lengnau (BE)	-10	-2.1008403361
388	Leuzigen	-7	-5.737704918
389	Meienried	0	0
390	Meinisberg	2	1.5037593985
391	Oberwil bei Büren	8	9.7028502122
392	Pieterlen	-4	-1.014198783
393	Rüti bei Büren	1	1.2187690433
394	Wengi	-3	-4.9875311721
401	Aefligen	11	10.3480714958
402	Alchenstorf	-1	-1.7271157168
403	Bäriswil	0	0
404	Burgdorf	-8	-0.5014887949
405	Ersigen	9	5.4331421672
406	Hasle bei Burgdorf	9	2.743484225
407	Heimiswil	13	8.0670183059
408	Hellsau	0	0
409	Hindelbank	14	5.9726962457
410	Höchstetten	-1	-3.663003663
411	Kernenried	0	0
412	Kirchberg (BE)	10	1.7251789873
413	Koppigen	8	3.812246843
414	Krauchthal	-2	-0.8705114255
415	Lyssach	8	5.6939501779
416	Mötschwil	-1	-7.7519379845
417	Niederösch	-1	-4.2462845011
418	Oberburg	-8	-2.7317739457
419	Oberösch	-1	-9.1743119266
420	Rüdtligen-Alchenflüh	5	2.0669698222
421	Rumendingen	-1	-11.1731843575
422	Rüti bei Lyssach	2	11.7302052786
423	Willadingen	0	0
424	Wynigen	7	3.488661849
431	Corgémont	0	0
432	Cormoret	-3	-6.1538461538
433	Cortébert	-5	-6.9881201957
434	Courtelary	8	6.0537268256
435	La Ferrière	6	10.9190172884
436	La Heutte	4	8.1383519837
437	Mont-Tramelan	0	0
438	Orvin	-2	-1.6701461378
439	Péry	-9	-6.5693430657
441	Renan (BE)	-4	-4.6838407494
442	Romont (BE)	0	0
443	Saint-Imier	-8	-1.5948963317
444	Sonceboz-Sombeval	17	9.0281465746
445	Sonvilier	8	6.4412238325
446	Tramelan	-9	-2.0433647406
448	Villeret	4	4.347826087
449	Sauge	-3	-3.6496350365
491	Brüttelen	-2	-3.4812880766
492	Erlach	1	0.7482229704
493	Finsterhennen	1	1.9157088123
494	Gals	-5	-6.6622251832
495	Gampelen	6	7.2904009721
496	Ins	6	1.7775144423
497	Lüscherz	0	0
498	Müntschemier	2	1.5319800843
499	Siselen	-7	-11.8343195266
500	Treiten	2	4.7114252061
501	Tschugg	1	2.2547914318
502	Vinelz	0	0
532	Bangerten	-4	-26.3157894737
533	Bätterkinden	9	2.8621402449
535	Deisswil bei Münchenbuchsee	1	11.8343195266
536	Diemerswil	3	15.4639175258
538	Fraubrunnen	7	1.4421096003
540	Jegenstorf	3	0.5470459519
541	Iffwil	1	2.3612750885
543	Mattstetten	-1	-1.7605633803
544	Moosseedorf	10	2.5873221216
546	Münchenbuchsee	41	4.1575825179
551	Urtenen-Schönbühl	58	9.4585779517
552	Utzenstorf	10	2.4009603842
553	Wiggiswil	-1	-10.3092783505
554	Wiler bei Utzenstorf	2	2.4081878387
556	Zielebach	-1	-2.9985007496
557	Zuzwil (BE)	-2	-3.4843205575
561	Adelboden	-10	-2.886002886
562	Aeschi bei Spiez	5	2.3030861354
563	Frutigen	10	1.4792899408
564	Kandergrund	1	1.2820512821
565	Kandersteg	-5	-3.8910505837
566	Krattigen	-2	-1.8323408154
567	Reichenbach im Kandertal	-3	-0.8553100499
571	Beatenberg	-1	-0.8568980291
572	Bönigen	-15	-5.9476605868
573	Brienz (BE)	-10	-3.2943501894
574	Brienzwiler	2	4.1710114703
575	Därligen	-3	-7.2904009721
576	Grindelwald	-10	-2.6652452026
577	Gsteigwiler	-5	-12.077294686
578	Gündlischwand	5	15.3139356815
579	Habkern	-6	-9.1743119266
580	Hofstetten bei Brienz	1	1.872659176
581	Interlaken	-11	-1.9396931758
582	Iseltwald	3	6.976744186
584	Lauterbrunnen	-12	-4.9039640376
585	Leissigen	0	0
586	Lütschental	-1	-4.3383947939
587	Matten bei Interlaken	7	1.8516069303
588	Niederried bei Interlaken	1	2.849002849
589	Oberried am Brienzersee	-6	-13.0434782609
590	Ringgenberg (BE)	-12	-4.557538929
591	Saxeten	-1	-10.3092783505
592	Schwanden bei Brienz	-8	-13.6635354398
593	Unterseen	-5	-0.8820675664
594	Wilderswil	-3	-1.166180758
602	Arni (BE)	0	0
603	Biglen	1	0.5722460658
605	Bowil	0	0
606	Brenzikofen	-3	-5.7526366251
607	Freimettigen	2	4.3149946063
608	Grosshöchstetten	2	0.5767012687
609	Häutligen	2	8.1632653061
610	Herbligen	1	1.7167381974
611	Kiesen	-1	-1.0946907499
612	Konolfingen	3	0.601021737
613	Landiswil	-1	-1.579778831
614	Linden	-2	-1.5414258189
615	Mirchel	1	1.6488046167
616	Münsingen	10	0.8584796326
617	Niederhünigen	1	1.638001638
619	Oberdiessbach	-1	-0.287894055
620	Oberthal	3	4.0053404539
622	Oppligen	-2	-3.0234315949
623	Rubigen	6	2.0593787541
624	Schlosswil	2	3.1771247021
625	Tägertschi	-3	-7.4812967581
626	Walkringen	-3	-1.6501650165
627	Worb	8	0.701969903
628	Zäziwil	1	0.6176652254
629	Oberhünigen	5	15.7232704403
630	Allmendingen	-3	-5.4794520548
632	Wichtrach	7	1.7117006969
661	Clavaleyres	0	0
662	Ferenbalm	0	0
663	Frauenkappelen	-6	-4.9180327869
664	Golaten	1	3.1695721078
665	Gurbrü	-1	-4.016064257
666	Kriechenwil	-2	-4.6674445741
667	Laupen	-13	-4.4967139398
668	Mühleberg	3	1.0770059235
669	Münchenwiler	5	10.4384133612
670	Neuenegg	1	0.2034794994
671	Wileroltigen	-1	-2.6178010471
681	Belprahon	-2	-6.4
682	Bévilard	-4	-2.3048112936
683	Champoz	1	6.4308681672
684	Châtelat	-1	-9.756097561
687	Corcelles (BE)	-3	-14.0515222482
690	Court	2	1.3966480447
691	Crémines	1	1.8365472911
692	Eschert	0	0
694	Grandval	-5	-13.6054421769
696	Loveresse	3	9.1463414634
697	Malleray	-8	-4.0292117854
699	Monible	0	0
700	Moutier	-5	-0.6562971714
701	Perrefitte	-1	-2.2471910112
702	Pontenet	1	4.555808656
703	Reconvilier	5	2.1677866898
704	Roches (BE)	-1	-4.7393364929
706	Saicourt	-2	-3.294892916
707	Saules (BE)	3	18.8679245283
708	Schelten	-2	-50
709	Seehof	0	0
710	Sornetan	0	0
711	Sorvilier	0	0
712	Souboz	0	0
713	Tavannes	-11	-3.0833917309
715	Rebévelier	0	0
723	La Neuveville	1	0.2742355684
724	Nods	3	4.0567951318
726	Plateau de Diesse	16	7.8201368524
731	Aegerten	4	2.1668472373
732	Bellmund	10	6.2893081761
733	Brügg	6	1.414927485
734	Bühl	1	2.4330900243
735	Epsach	1	3.0627871363
736	Hagneck	0	0
737	Hermrigen	-2	-7.5046904315
738	Jens	-3	-4.4247787611
739	Ipsach	8	1.9883186281
740	Ligerz	-3	-5.5504162812
741	Merzligen	-2	-5.0890585242
742	Mörigen	-6	-7.0052539405
743	Nidau	-22	-3.2210834553
744	Orpund	0	0
745	Port	-17	-5.0288418873
746	Safnern	2	1.0534632605
747	Scheuren	-2	-4.3196544276
748	Schwadernau	-4	-6.0286360211
749	Studen (BE)	17	5.6059356966
750	Sutz-Lattrigen	5	3.5790980673
751	Täuffelen	-2	-0.7452953233
754	Walperswil	5	5.1413881748
755	Worben	0	0
756	Twann-Tüscherz	-3	-2.688172043
761	Därstetten	-1	-1.1940298507
762	Diemtigen	-2	-0.9328358209
763	Erlenbach im Simmental	-1	-0.5943536404
766	Oberwil im Simmental	-4	-4.9321824908
767	Reutigen	2	2.0460358056
768	Spiez	-52	-4.138150565
769	Wimmis	-8	-3.2813781788
770	Stocken-Höfen	2	2.0491803279
782	Guttannen	-2	-6.379585327
783	Hasliberg	-2	-1.6835016835
784	Innertkirchen	1	0.9478672986
785	Meiringen	8	1.7121455324
786	Schattenhalb	-5	-8.5178875639
791	Boltigen	-7	-5.3557765876
792	Lenk	-1	-0.4097521
793	St. Stephan	0	0
794	Zweisimmen	-9	-2.9990003332
841	Gsteig	6	6.1287027579
842	Lauenen	2	2.457002457
843	Saanen	-8	-1.1621994625
852	Guggisberg	-1	-0.6414368185
853	Rüschegg	-7	-4.3183220234
855	Schwarzenburg	-13	-1.9155676711
861	Belp	42	3.6822724882
863	Burgistein	5	4.8567265663
865	Gelterfingen	0	0
866	Gerzensee	9	7.6433121019
867	Gurzelen	7	8.4490042245
868	Jaberg	1	3.937007874
869	Kaufdorf	5	4.8567265663
870	Kehrsatz	11	2.6271793647
872	Kirchdorf (BE)	2	2.2358859698
873	Kirchenthurnen	-2	-7.2332730561
874	Lohnstorf	2	8.7912087912
875	Mühledorf (BE)	1	4
876	Mühlethurnen	8	5.7533261417
877	Niedermuhlern	0	0
878	Noflen	4	13.7457044674
879	Riggisberg	-13	-5.3082890976
880	Rüeggisberg	-2	-1.0985992859
881	Rümligen	5	11.5074798619
883	Seftigen	7	3.1753232025
884	Toffen	-1	-0.3935458481
885	Uttigen	2	1.0537407798
886	Wattenwil	2	0.7151796889
888	Wald (BE)	-6	-5.0590219224
901	Eggiwil	18	7.4165636588
902	Langnau im Emmental	17	1.8671059857
903	Lauperswil	0	0
904	Röthenbach im Emmental	-1	-0.81799591
905	Rüderswil	4	1.7226528854
906	Schangnau	0	0
907	Signau	-7	-2.5683360851
908	Trub	5	3.717472119
909	Trubschachen	-16	-11.2834978843
921	Amsoldingen	-3	-3.804692454
922	Blumenstein	-8	-6.8669527897
923	Buchholterberg	8	5.1712992889
924	Eriz	0	0
925	Fahrni	3	3.7476577139
927	Heiligenschwendi	-7	-10.1892285298
928	Heimberg	34	5.1452784504
929	Hilterfingen	-24	-5.9208091773
931	Homberg	7	13.6319376826
932	Horrenbach-Buchen	0	0
934	Oberhofen am Thunersee	-11	-4.60347353
935	Oberlangenegg	0	0
936	Pohlern	3	11.583011583
937	Schwendibach	1	4.1493775934
938	Sigriswil	-20	-4.2794479512
939	Steffisburg	24	1.5341344925
940	Teuffenthal (BE)	1	6.1538461538
941	Thierachern	14	5.6933712891
942	Thun	10	0.2319324613
943	Uebeschi	0	0
944	Uetendorf	-11	-1.8371607516
945	Unterlangenegg	-3	-3.2715376227
946	Wachseldorn	1	4.2283298097
947	Zwieselberg	2	6.6889632107
948	Forst-Längenbühl	2	2.614379085
951	Affoltern im Emmental	-1	-0.8620689655
952	Dürrenroth	1	0.9319664492
953	Eriswil	2	1.443001443
954	Huttwil	-2	-0.4263483266
955	Lützelflüh	8	1.9672937415
956	Rüegsau	10	3.1801558276
957	Sumiswald	3	0.5961251863
958	Trachselwald	-3	-3.0627871363
959	Walterswil (BE)	-2	-3.7209302326
960	Wyssachen	11	9.4745908699
971	Attiswil	4	2.8880866426
972	Berken	0	0
973	Bettenhausen	4	5.8910162003
975	Farnern	0	0
976	Graben	3	9.3312597201
977	Heimenhausen	8	7.7257363592
978	Hermiswil	-1	-10.2564102564
979	Herzogenbuchsee	6	0.8611410118
980	Inkwil	3	4.8115477145
981	Niederbipp	6	1.3606984919
982	Niederönz	-7	-4.4699872286
983	Oberbipp	3	1.8039687312
985	Ochlenberg	6	10.3359173127
987	Rumisberg	4	8.5015940489
988	Seeberg	6	4.212004212
989	Thörigen	10	9.4786729858
990	Walliswil bei Niederbipp	-2	-9.3457943925
991	Walliswil bei Wangen	-2	-3.4572169404
992	Wangen an der Aare	9	4.1312829929
993	Wangenried	4	9.6269554753
995	Wiedlisbach	4	1.7973489104
996	Wolfisberg	3	16.3043478261
1001	Doppleschwand	5	6.7159167226
1002	Entlebuch	6	1.8140589569
1004	Flühli	-1	-0.5327650506
1005	Hasle (LU)	9	5.1282051282
1007	Romoos	1	1.4958863126
1008	Schüpfheim	6	1.4627011214
1009	Werthenstein	6	2.9688273132
1010	Escholzmatt-Marbach	-7	-1.6192458941
1021	Aesch (LU)	5	4.8449612403
1022	Altwis	3	7.3529411765
1023	Ballwil	10	3.8022813688
1024	Emmen	71	2.4391081796
1025	Ermensee	1	1.1494252874
1026	Eschenbach (LU)	12	3.3580523296
1030	Hitzkirch	13	2.5971431425
1031	Hochdorf	28	3.0266998162
1032	Hohenrain	11	4.4256688795
1033	Inwil	18	7.4750830565
1037	Rain	15	5.9429477021
1039	Römerswil	5	3.0057108506
1040	Rothenburg	28	3.8663352665
1041	Schongau	6	6.0575466936
1051	Adligenswil	14	2.6051358392
1052	Buchrain	19	3.088426528
1053	Dierikon	10	6.8917987595
1054	Ebikon	30	2.3637867864
1055	Gisikon	12	10.6335844041
1056	Greppen	-1	-0.962927299
1057	Honau	1	2.642007926
1058	Horw	38	2.7533239141
1059	Kriens	36	1.3287565054
1061	Luzern	129	1.5969497023
1062	Malters	29	4.1925690328
1063	Meggen	2	0.2954864446
1064	Meierskappel	5	3.6697247706
1065	Root	39	8.293460925
1066	Schwarzenberg	6	3.5629453682
1067	Udligenswil	15	6.7628494139
1068	Vitznau	-7	-5.5555555556
1069	Weggis	-3	-0.6979178783
1081	Beromünster	30	4.8598736433
1082	Büron	8	3.5033939129
1083	Buttisholz	1	0.303997568
1084	Eich	21	12.3420511314
1085	Geuensee	23	8.5581395349
1086	Grosswangen	17	5.4829866151
1088	Hildisrieden	9	4.4226044226
1089	Knutwil	14	6.6413662239
1091	Mauensee	4	3.296250515
1093	Neuenkirch	25	3.8834951456
1094	Nottwil	34	9.8436595252
1095	Oberkirch	26	6.5375911491
1097	Rickenbach (LU)	-1	-0.3233107016
1098	Ruswil	20	2.9465930018
1099	Schenkon	18	6.5753424658
1100	Schlierbach	6	7.6433121019
1102	Sempach	30	7.2115384615
1103	Sursee	43	4.6361185984
1104	Triengen	17	3.8150807899
1107	Wolhusen	28	6.5642949244
1121	Alberswil	4	6.4153969527
1122	Altbüron	-2	-2.0481310804
1123	Altishofen	19	12.0673229597
1125	Dagmersellen	32	6.2665230588
1126	Ebersecken	4	9.9626400996
1127	Egolzwil	8	5.9325176122
1128	Ettiswil	15	5.8858151854
1129	Fischbach	3	4.160887656
1130	Gettnau	8	7.5365049458
1131	Grossdietwil	-2	-2.3894862605
1132	Hergiswil bei Willisau	11	5.8997050147
1135	Luthern	-3	-2.2753128555
1136	Menznau	16	5.5077452668
1137	Nebikon	16	6.4141110443
1139	Pfaffnau	7	3.0674846626
1140	Reiden	27	3.9545953863
1142	Roggliswil	0	0
1143	Schötz	25	6.2212268259
1145	Ufhusen	3	3.4522439586
1146	Wauwil	18	9.528851244
1147	Wikon	3	2.0618556701
1150	Zell (LU)	6	2.9776674938
1151	Willisau	37	4.8757989062
1201	Altdorf (UR)	-6	-0.6614850339
1202	Andermatt	-7	-4.9982149232
1203	Attinghausen	2	1.2507817386
1204	Bauen	-1	-5.9523809524
1205	Bürglen (UR)	7	1.7645576002
1206	Erstfeld	-5	-1.3175230567
1207	Flüelen	-6	-3.0425963489
1208	Göschenen	-1	-2.2831050228
1209	Gurtnellen	-2	-3.4965034965
1210	Hospental	-2	-10.0502512563
1211	Isenthal	0	0
1212	Realp	-2	-13.7457044674
1213	Schattdorf	4	0.7949915532
1214	Seedorf (UR)	16	8.7671232877
1215	Seelisberg	2	2.9390154298
1216	Silenen	3	1.3764624914
1217	Sisikon	0	0
1218	Spiringen	-1	-1.1841326229
1219	Unterschächen	7	9.9361249113
1220	Wassen	-4	-9.2485549133
1301	Einsiedeln	29	1.944546887
1311	Gersau	-1	-0.456412597
1321	Feusisberg	20	4.0314452731
1322	Freienbach	46	2.8884493422
1323	Wollerau	26	3.6777707051
1331	Küssnacht (SZ)	18	1.4503847548
1341	Altendorf	39	5.8863482001
1342	Galgenen	25	4.942665085
1343	Innerthal	-2	-10.4438642298
1344	Lachen	43	5.259295499
1345	Reichenburg	13	3.8123167155
1346	Schübelbach	48	5.4292500848
1347	Tuggen	28	8.9044363174
1348	Vorderthal	-1	-0.9770395701
1349	Wangen (SZ)	13	2.7245101121
1361	Alpthal	-5	-8.3682008368
1362	Arth	37	3.309037249
1363	Illgau	0	0
1364	Ingenbohl	-13	-1.5029770507
1365	Lauerz	9	8.4230229293
1366	Morschach	7	6.2836624776
1367	Muotathal	3	0.8612028133
1368	Oberiberg	6	6.8649885584
1369	Riemenstalden	-1	-10.752688172
1370	Rothenthurm	28	12.2753178431
1371	Sattel	15	8.0171031534
1372	Schwyz	22	1.4832293949
1373	Steinen	11	3.3348491739
1374	Steinerberg	4	4.3811610077
1375	Unteriberg	10	4.3252595156
1401	Alpnach	25	4.2936882782
1402	Engelberg	-4	-0.9909575127
1403	Giswil	22	6.1858568818
1404	Kerns	44	7.3683329147
1405	Lungern	12	5.7142857143
1406	Sachseln	15	2.9847776341
1407	Sarnen	26	2.5595589683
1501	Beckenried	10	2.9244041527
1502	Buochs	9	1.6803584765
1503	Dallenwil	10	5.5187637969
1504	Emmetten	-4	-2.9347028613
1505	Ennetbürgen	-5	-1.0986596352
1506	Ennetmoos	10	4.7483380817
1507	Hergiswil (NW)	-17	-3.038698722
1508	Oberdorf (NW)	12	3.8765950573
1509	Stans	38	4.6392381883
1510	Stansstad	5	1.1385631333
1511	Wolfenschiessen	9	4.2775665399
1630	Glarus Nord	50	2.8635244259
1631	Glarus Süd	-40	-4.0822574884
1632	Glarus	-4	-0.3216985684
1701	Baar	107	4.672081041
1702	Cham	100	6.472910868
1703	Hünenberg	37	4.1942980219
1704	Menzingen	7	1.6075324377
1705	Neuheim	-1	-0.4948045522
1706	Oberägeri	8	1.3584649346
1707	Risch	104	10.400520026
1708	Steinhausen	35	3.746320578
1709	Unterägeri	35	4.1535631638
1710	Walchwil	2	0.5530973451
1711	Zug	108	3.8186832614
2004	Bussy (FR)	1	2.3501762632
2005	Châbles	9	12.4052377671
2008	Châtillon (FR)	5	11.7647058824
2009	Cheiry	5	13.1061598952
2010	Cheyres	7	5.1641460716
2011	Cugy (FR)	0	0
2013	Domdidier	14	4.7586675731
2014	Dompierre (FR)	8	8.2858622475
2015	Estavayer-le-Lac	14	2.2898266274
2016	Fétigny	3	3.2840722496
2022	Gletterens	-2	-2.0931449503
2024	Léchelles	4	5.6457304164
2025	Lully (FR)	10	9.4073377234
2027	Ménières	-1	-2.7359781122
2029	Montagny (FR)	11	4.912907548
2033	Morens (FR)	1	6.6666666667
2034	Murist	2	3.2894736842
2035	Nuvilly	-1	-2.5252525253
2038	Prévondavaux	0	0
2039	Rueyres-les-Prés	6	15.0187734668
2040	Russy	-1	-4.4444444444
2041	Saint-Aubin (FR)	7	4.4402156676
2043	Sévaz	3	11.8811881188
2044	Surpierre	-1	-3.0441400304
2045	Vallon	4	10.3626943005
2047	Villeneuve (FR)	0	0
2049	Vuissens	6	23.7154150198
2050	Les Montets	10	7.2411296162
2051	Delley-Portalban	7	6.8159688413
2052	Vernay	1	0.9372071228
2061	Auboranges	5	17.9856115108
2063	Billens-Hennens	1	1.4771048744
2066	Chapelle (Glâne)	3	11.4503816794
2067	Le Châtelard	0	0
2068	Châtonnaye	8	10.6809078772
2072	Ecublens (FR)	2	6.2695924765
2079	Grangettes	2	10.1265822785
2086	Massonnens	5	10.0704934542
2087	Mézières (FR)	3	2.9615004936
2089	Montet (Glâne)	2	5.082592122
2096	Romont (FR)	21	4.1662533479
2097	Rue	7	4.8712595685
2099	Siviriez	10	4.5197740113
2102	Ursy	17	6.1327561328
2111	Villaz-Saint-Pierre	7	5.8947368421
2113	Vuisternens-devant-Romont	7	3.2429928191
2114	Villorsonnens	7	5.4012345679
2115	Torny	6	6.8415051311
2116	La Folliaz	5	5.3106744557
2121	Haut-Intyamon	-5	-3.4094783498
2122	Pont-en-Ogoz	9	5.2023121387
2123	Botterens	2	3.8095238095
2124	Broc	-4	-1.595532509
2125	Bulle	120	5.675368899
2128	Châtel-sur-Montsalvens	5	19.3798449612
2129	Corbières	6	7.5140889167
2130	Crésuz	-1	-3.1796502385
2131	Echarlens	0	0
2134	Grandvillard	8	10.1394169835
2135	Gruyères	6	2.8797696184
2137	Hauteville	2	3.3388981636
2138	Jaun	2	2.9985007496
2140	Marsens	6	3.3907883583
2143	Morlon	2	3.4602076125
2145	Le Pâquier (FR)	6	5.4274084125
2147	Pont-la-Ville	3	5.016722408
2148	Riaz	24	10.4370515329
2149	La Roche	0	0
2152	Sâles	4	2.7567195038
2153	Sorens	1	0.953743443
2155	Vaulruz	9	8.6372360845
2160	Vuadens	11	4.9096183888
2162	Bas-Intyamon	7	5.6749087961
2163	Val-de-Charmey	5	2.1105951878
2171	Arconciel	0	0
2172	Autafond	0	0
2173	Autigny	1	1.2970168612
2174	Avry	20	10.7962213225
2175	Belfaux	27	8.8437602358
2177	Chénens	0	0
2179	Chésopelloz	2	15.5642023346
2183	Corminboeuf	5	2.2629554198
2184	Corpataux-Magnedens	8	6.25
2185	Corserey	2	5.1020408163
2186	Cottens (FR)	16	11.1809923131
2189	Ependes (FR)	3	2.7210884354
2192	Farvagny	19	8.6698608259
2194	Ferpicloz	-2	-7.2072072072
2196	Fribourg	189	4.9885843242
2197	Givisiez	35	11.1749680715
2198	Granges-Paccot	38	12.1173469388
2200	Grolley	11	5.7940479326
2206	Marly	24	2.9973772949
2208	Matran	-4	-2.5542784163
2211	Neyruz (FR)	27	11.0406869761
2213	Noréaz	3	4.8622366288
2216	Pierrafortscha	0	0
2217	Ponthaux	3	4.3352601156
2220	Le Mouret	3	0.9748172218
2221	Prez-vers-Noréaz	7	7.2463768116
2222	Rossens (FR)	-1	-0.7852375344
2223	Le Glèbe	16	12.8824476651
2225	Senèdes	1	6.5573770492
2226	Treyvaux	9	6.2326869806
2228	Villars-sur-Glâne	98	8.1011821113
2230	Villarsel-sur-Marly	-1	-11.7647058824
2231	Vuisternens-en-Ogoz	2	2.0512820513
2233	Hauterive (FR)	30	12.5680770842
2234	La Brillaz	11	5.9978189749
2235	La Sonnaz	3	2.8832292167
2243	Barberêche	-4	-7.6481835564
2250	Courgevaux	15	10.7991360691
2251	Courlevon	0	0
2254	Courtepin	30	8.2872928177
2257	Cressier (FR)	2	2.2935779817
2258	Fräschels	-1	-2.1715526602
2259	Galmiz	3	4.6765393609
2260	Gempenach	-1	-3.4013605442
2261	Greng	1	5.7142857143
2262	Gurmels	20	4.9382716049
2264	Jeuss	1	2.3752969121
2265	Kerzers	17	3.5409289731
2266	Kleinbösingen	-2	-3.3755274262
2270	Lurtigen	-2	-11.0192837466
2271	Meyriez	2	3.3812341505
2272	Misery-Courtion	11	6.3953488372
2274	Muntelier	2	2.1119324182
2275	Murten	11	1.6877637131
2276	Ried bei Kerzers	4	3.6832412523
2277	Salvenach	9	16.9172932331
2278	Ulmiz	0	0
2279	Villarepos	2	3.3030553262
2280	Bas-Vully	-2	-0.96828855
2281	Haut-Vully	3	2.1762785637
2283	Wallenried	-1	-2.1953896817
2291	Alterswil	7	3.4696406444
2292	Brünisried	-4	-6.1538461538
2293	Düdingen	11	1.4338786417
2294	Giffers	11	7.3480293921
2295	Bösingen	17	5.076142132
2296	Heitenried	3	2.1786492375
2298	Oberschrot	-4	-3.4467901766
2299	Plaffeien	1	0.5099439062
2300	Plasselb	-1	-0.956480153
2301	Rechthalten	-4	-3.6730945822
2302	St. Antoni	5	2.6014568158
2303	St. Silvester	1	1.0411244144
2304	St. Ursen	-4	-3.1067961165
2305	Schmitten (FR)	21	5.2102716785
2306	Tafers	8	2.5
2307	Tentlingen	8	6.3770426465
2308	Ueberstorf	-9	-3.7791307999
2309	Wünnewil-Flamatt	26	4.8041389505
2310	Zumholz	-1	-2.4330900243
2321	Attalens	9	2.829743751
2323	Bossonnens	1	0.6918021446
2325	Châtel-Saint-Denis	25	3.9563222029
2328	Granges (Veveyse)	5	5.9916117436
2333	Remaufens	10	9.828009828
2335	Saint-Martin (FR)	5	4.8661800487
2336	Semsales	7	5.1001821494
2337	Le Flon	3	2.5817555938
2338	La Verrerie	0	0
2401	Egerkingen	9	2.6837632324
2402	Härkingen	14	9.3739537998
2403	Kestenholz	8	4.5792787636
2404	Neuendorf	8	3.9535458364
2405	Niederbuchsiten	3	2.9658922392
2406	Oberbuchsiten	6	2.8721876496
2407	Oensingen	25	4.2059219381
2408	Wolfwil	-3	-1.4691478942
2421	Aedermannsdorf	3	5.4794520548
2422	Balsthal	16	2.7213198401
2423	Gänsbrunnen	-1	-10.4166666667
2424	Herbetswil	4	7.4005550416
2425	Holderbank (SO)	-8	-12.7795527157
2426	Laupersdorf	6	3.5366931919
2427	Matzendorf	6	4.6511627907
2428	Mümliswil-Ramiswil	-5	-2.0316944332
2429	Welschenrohr	-2	-1.8034265104
2445	Biezwil	1	3.0257186082
2455	Lüterkofen-Ichertswil	-4	-5.4869684499
2456	Lüterswil-Gächliwil	-7	-21.8408736349
2457	Messen	1	0.6973500697
2461	Schnottwil	5	4.7892720307
2463	Unterramsern	1	4.7281323877
2464	Lüsslingen-Nennigkofen	1	0.9930486594
2465	Buchegg	-5	-1.9920318725
2471	Bättwil	1	0.8424599832
2472	Büren (SO)	4	4.2328042328
2473	Dornach	-5	-0.7708317274
2474	Gempen	6	6.9404279931
2475	Hochwald	-1	-0.7803355443
2476	Hofstetten-Flüh	4	1.2654223347
2477	Metzerlen-Mariastein	-4	-4.3431053203
2478	Nuglar-St. Pantaleon	-3	-2.0215633423
2479	Rodersdorf	-4	-3.1019775107
2480	Seewen	-4	-3.9980009995
2481	Witterswil	-5	-3.4293552812
2491	Hauenstein-Ifenthal	2	6.3391442155
2492	Kienberg	1	1.9047619048
2493	Lostorf	1	0.2600104004
2495	Niedergösgen	1	0.2645502646
2497	Obergösgen	15	6.9076675109
2498	Rohr (SO)	-1	-11.1111111111
2499	Stüsslingen	1	0.962927299
2500	Trimbach	-2	-0.3103662322
2501	Winznau	10	5.500550055
2502	Wisen (SO)	-1	-2.4360535932
2503	Erlinsbach (SO)	1	0.299940012
2511	Aeschi (SO)	1	0.8156606852
2513	Biberist	-32	-3.906011596
2514	Bolken	2	3.4542314335
2516	Deitingen	4	1.7746228926
2517	Derendingen	16	2.588368519
2518	Etziken	3	3.8734667527
2519	Gerlafingen	9	1.8275967103
2520	Halten	11	12.7241179873
2523	Horriwil	6	6.9565217391
2524	Hüniken	-3	-35.0877192982
2525	Kriegstetten	8	6.294256491
2526	Lohn-Ammannsegg	3	1.1325028313
2527	Luterbach	-2	-0.588321812
2528	Obergerlafingen	-1	-0.8884940027
2529	Oekingen	1	1.2445550716
2530	Recherswil	6	3.3936651584
2532	Subingen	2	0.6574621959
2534	Zuchwil	-32	-3.6540108478
2535	Drei Höfe	7	9.3708165997
2541	Balm bei Günsberg	2	10.3626943005
2542	Bellach	-8	-1.549186677
2543	Bettlach	5	1.0319917441
2544	Feldbrunnen-St. Niklaus	-3	-3.1446540881
2545	Flumenthal	-3	-3.1446540881
2546	Grenchen	-49	-2.9804446337
2547	Günsberg	4	3.4995625547
2548	Hubersdorf	0	0
2549	Kammersrohr	1	29.8507462687
2550	Langendorf	-23	-6.0951371406
2551	Lommiswil	2	1.3736263736
2553	Oberdorf (SO)	0	0
2554	Riedholz	1	0.4387889425
2555	Rüttenen	1	0.6781959986
2556	Selzach	0	0
2571	Boningen	5	6.8446269678
2572	Däniken	-2	-0.7195538766
2573	Dulliken	14	2.9106029106
2574	Eppenberg-Wöschnau	1	3.120124805
2575	Fulenbach	0	0
2576	Gretzenbach	2	0.7830853563
2578	Gunzgen	7	4.2308854639
2579	Hägendorf	6	1.2650221379
2580	Kappel (SO)	16	5.3226879574
2581	Olten	17	0.9818076812
2582	Rickenbach (SO)	-5	-5.698005698
2583	Schönenwerd	-1	-0.2062706271
2584	Starrkirch-Wil	7	4.1679071152
2585	Walterswil (SO)	-3	-4.1666666667
2586	Wangen bei Olten	4	0.8093070309
2601	Solothurn	-19	-1.1465121892
2611	Bärschwil	4	4.9109883364
2612	Beinwil (SO)	-2	-7.299270073
2613	Breitenbach	20	5.4787015477
2614	Büsserach	6	2.8395646001
2615	Erschwil	-5	-5.6116722783
2616	Fehren	1	1.6077170418
2617	Grindel	-3	-6.3694267516
2618	Himmelried	-2	-2.1598272138
2619	Kleinlützel	-13	-10.325655282
2620	Meltingen	-2	-3.0959752322
2621	Nunningen	-6	-3.2555615844
2622	Zullwil	0	0
2701	Basel	-42	-0.2499955358
2702	Bettingen	5	4.2808219178
2703	Riehen	-105	-5.051355447
2761	Aesch (BL)	-12	-1.178434646
2762	Allschwil	57	2.8037383178
2763	Arlesheim	-31	-3.3970741329
2764	Biel-Benken	0	0
2765	Binningen	1	0.066673334
2766	Birsfelden	-20	-1.9467562175
2767	Bottmingen	3	0.4746459932
2768	Ettingen	4	0.8166598612
2769	Münchenstein	-36	-3.0547305897
2770	Muttenz	6	0.3437607425
2771	Oberwil (BL)	5	0.4609994468
2772	Pfeffingen	-2	-0.8688097307
2773	Reinach (BL)	-56	-2.9748466095
2774	Schönenbuch	7	4.9452490286
2775	Therwil	10	1.0074044225
2781	Blauen	0	0
2782	Brislach	-6	-3.7255510711
2783	Burg im Leimental	-1	-3.8684719536
2784	Dittingen	-8	-10.50558109
2785	Duggingen	9	6.2047569804
2786	Grellingen	8	4.4493882091
2787	Laufen	-7	-1.2896094326
2788	Liesberg	-7	-5.9777967549
2789	Nenzlingen	5	11.9331742243
2790	Roggenburg	2	6.9204152249
2791	Röschenz	-4	-2.1762785637
2792	Wahlen	2	1.4250089063
2793	Zwingen	6	2.7051397656
2821	Arisdorf	2	1.2387736141
2822	Augst	-3	-3.5419126328
2823	Bubendorf	16	3.6322360953
2824	Frenkendorf	17	2.6471504204
2825	Füllinsdorf	12	2.7516624627
2826	Giebenach	4	3.7593984962
2827	Hersberg	-1	-2.994011976
2828	Lausen	-2	-0.3984063745
2829	Liestal	59	4.2502611389
2830	Lupsingen	-1	-0.7220216606
2831	Pratteln	57	3.6864571207
2832	Ramlinsburg	-3	-4.3227665706
2833	Seltisberg	2	1.53787005
2834	Ziefen	3	1.9181585678
2841	Anwil	4	6.8669527897
2842	Böckten	8	9.9626400996
2843	Buckten	5	7.1942446043
2844	Buus	3	3.0753459764
2845	Diepflingen	-3	-4.3636363636
2846	Gelterkinden	6	1.0322580645
2847	Häfelfingen	-1	-3.6832412523
2848	Hemmiken	2	7.6481835564
2849	Itingen	15	7.2868593636
2850	Känerkinden	-2	-4.0816326531
2851	Kilchberg (BL)	0	0
2852	Läufelfingen	-19	-14.8379539242
2853	Maisprach	-2	-2.1424745581
2854	Nusshof	1	3.90625
2855	Oltingen	3	6.3224446786
2856	Ormalingen	5	2.4654832347
2857	Rickenbach (BL)	-6	-10.4166666667
2858	Rothenfluh	-1	-1.2836970475
2859	Rümlingen	-1	-2.5773195876
2860	Rünenberg	3	3.8986354776
2861	Sissach	1	0.1553398058
2862	Tecknau	9	10.5078809107
2863	Tenniken	5	5.6179775281
2864	Thürnen	3	2.1913805698
2865	Wenslingen	6	8.3217753121
2866	Wintersingen	-2	-3.2441200324
2867	Wittinsburg	0	0
2868	Zeglingen	-1	-2.1208907741
2869	Zunzgen	-2	-0.8030515961
2881	Arboldswil	-1	-1.8298261665
2882	Bennwil	5	7.8125
2883	Bretzwil	2	2.6333113891
2884	Diegten	13	8.024691358
2885	Eptingen	2	3.8095238095
2886	Hölstein	6	2.5263157895
2887	Lampenberg	1	1.9704433498
2888	Langenbruck	2	2.0345879959
2889	Lauwil	0	0
2890	Liedertswil	1	6.0790273556
2891	Niederdorf	-2	-1.1467889908
2892	Oberdorf (BL)	11	4.6384145056
2893	Reigoldswil	-7	-4.4275774826
2894	Titterten	-3	-7.1770334928
2895	Waldenburg	2	1.6827934371
2901	Gächlingen	-1	-1.2610340479
2903	Löhningen	7	5.1094890511
2904	Neunkirch	1	0.4909180167
2914	Büttenhardt	-2	-5.6417489422
2915	Dörflingen	4	4.217185029
2917	Lohn (SH)	5	6.734006734
2919	Stetten (SH)	10	7.6365024819
2920	Thayngen	1	0.1926596667
2931	Bargen (SH)	-5	-17.4520069808
2932	Beringen	-1	-0.237699073
2933	Buchberg	-5	-5.9737156511
2936	Merishausen	-4	-4.8019207683
2937	Neuhausen am Rheinfall	-7	-0.6765572899
2938	Rüdlingen	3	3.963011889
2939	Schaffhausen	-16	-0.4473022086
2951	Beggingen	1	2.0181634712
2952	Schleitheim	-4	-2.3357664234
2953	Siblingen	1	1.2165450122
2961	Buch (SH)	-3	-9.6774193548
2962	Hemishofen	1	2.2321428571
2963	Ramsen	2	1.4556040757
2964	Stein am Rhein	-33	-9.8965362123
2971	Hallau	1	0.480653689
2972	Oberhallau	-1	-2.3014959724
2973	Trasadingen	-4	-6.6777963272
2974	Wilchingen	2	1.1716461629
3001	Herisau	2	0.129642834
3002	Hundwil	8	8.1424936387
3003	Schönengrund	4	7.8508341511
3004	Schwellbrunn	6	4.041764904
3005	Stein (AR)	6	4.3446777697
3006	Urnäsch	4	1.7877094972
3007	Waldstatt	7	3.9237668161
3021	Bühler	9	5.2847915443
3022	Gais	8	2.6088374368
3023	Speicher	3	0.7189934092
3024	Teufen (AR)	0	0
3025	Trogen	5	2.9455081001
3031	Grub (AR)	-3	-2.9469548134
3032	Heiden	5	1.2325896709
3033	Lutzenberg	7	5.5754679411
3034	Rehetobel	-11	-6.3657407407
3035	Reute (AR)	1	1.497005988
3036	Wald (AR)	8	9.4786729858
3037	Walzenhausen	-11	-5.3580126644
3038	Wolfhalden	1	0.5767012687
3101	Appenzell	25	4.3557801202
3102	Gonten	2	1.386001386
3103	Rüte	0	0
3104	Schlatt-Haslen	0	0
3105	Schwende	1	0.4610419548
3111	Oberegg	7	3.6929570034
3201	Häggenschwil	12	9.8039215686
3202	Muolen	8	6.8610634648
3203	St. Gallen	234	3.1222688487
3204	Wittenbach	17	1.7741598831
3211	Berg (SG)	-3	-3.5928143713
3212	Eggersriet	8	3.5642682112
3213	Goldach	-8	-0.8659414407
3214	Mörschwil	19	5.291005291
3215	Rorschach	5	0.55285272
3216	Rorschacherberg	15	2.1303792075
3217	Steinach	-15	-4.312203536
3218	Tübach	5	3.7678975132
3219	Untereggen	2	1.9379844961
3231	Au (SG)	18	2.4817316972
3232	Balgach	6	1.3233348037
3233	Berneck	13	3.3801352054
3234	Diepoldsau	22	3.5906642729
3235	Rheineck	-7	-2.1634986864
3236	St. Margrethen	13	2.2598870056
3237	Thal	9	1.399688958
3238	Widnau	35	3.8176265271
3251	Altstätten	-2	-0.1782451762
3252	Eichberg	1	0.6673340007
3253	Marbach (SG)	8	3.7735849057
3254	Oberriet (SG)	11	1.2818271864
3255	Rebstein	-12	-2.6978417266
3256	Rüthi (SG)	16	7.3109435687
3271	Buchs (SG)	30	2.4870466321
3272	Gams	20	6.1709348966
3273	Grabs	7	1.0084275733
3274	Sennwald	33	6.4503518374
3275	Sevelen	24	5.0568900126
3276	Wartau	22	4.2149631191
3291	Bad Ragaz	-4	-0.7026172493
3292	Flums	5	1.0283833813
3293	Mels	43	5.0008722452
3294	Pfäfers	2	1.294917449
3295	Quarten	-4	-1.4064697609
3296	Sargans	35	5.814436415
3297	Vilters-Wangs	14	3.0803080308
3298	Walenstadt	19	3.4589477517
3311	Amden	1	0.5670541537
3312	Benken (SG)	10	3.5198873636
3313	Kaltbrunn	9	1.9346517627
3315	Schänis	15	4.0502227623
3316	Weesen	5	3.1496062992
3338	Schmerikon	17	4.8261178141
3339	Uznach	34	5.5056270747
3340	Rapperswil-Jona	57	2.1402823671
3341	Gommiswald	4	0.8038585209
3342	Eschenbach (SG)	16	1.7848178928
3352	Ebnat-Kappel	-4	-0.8006405124
3359	Wildhaus-Alt St. Johann	11	4.1314553991
3360	Nesslau	-5	-1.3751375138
3372	Hemberg	2	2.18459858
3374	Lichtensteig	2	1.026957638
3375	Oberhelfenschwil	-3	-2.2883295195
3378	Neckertal	1	0.2488800398
3379	Wattwil	-17	-2.0045987854
3392	Kirchberg (SG)	56	6.4953894334
3393	Lütisburg	12	8.3275503123
3394	Mosnang	6	2.1216407355
3395	Bütschwil-Ganterschwil	1	0.2187226597
3401	Degersheim	17	4.2961839778
3402	Flawil	27	2.6211047471
3405	Jonschwil	38	10.1360362763
3407	Oberuzwil	10	1.6053941243
3408	Uzwil	45	3.5442838578
3422	Niederbüren	10	6.6357000664
3423	Niederhelfenschwil	20	6.8119891008
3424	Oberbüren	21	4.9763033175
3426	Zuzwil (SG)	23	4.8299034019
3427	Wil (SG)	63	2.6804518476
3441	Andwil (SG)	4	2.0849622101
3442	Gaiserwald	32	3.9574573337
3443	Gossau (SG)	27	1.494189264
3444	Waldkirch	10	2.8567347522
3501	Alvaschein	1	7.2463768116
3502	Mon	-2	-23.6686390533
3503	Mutten	2	26.6666666667
3504	Stierva	0	0
3505	Tiefencastel	-2	-7.9840319361
3506	Vaz/Obervaz	9	3.3657442034
3511	Alvaneu	-3	-7.4719800747
3512	Brienz/Brinzauls	-2	-15.873015873
3513	Lantsch/Lenz	1	1.9212295869
3514	Schmitten (GR)	-5	-19.801980198
3515	Surava	0	0
3521	Bergün/Bravuogn	-1	-2.1929824561
3522	Filisur	-1	-2.2753128555
3531	Bivio	-1	-5.1948051948
3532	Cunter	0	0
3533	Marmorera	0	0
3534	Mulegns	-1	-37.7358490566
3536	Riom-Parsonz	1	3.3444816054
3538	Salouf	1	4.6296296296
3539	Savognin	4	3.950617284
3540	Sur	-5	-68.4931506849
3541	Tinizong-Rona	-2	-6.1919504644
3551	Brusio	-4	-3.5618878005
3561	Poschiavo	-12	-3.4076387903
3572	Falera	-2	-3.3698399326
3575	Laax	10	6.5104166667
3581	Sagogn	10	14.8588410104
3582	Schluein	5	8.6730268864
3598	St. Martin	-1	-25.974025974
3603	Vals	-7	-7.2276716572
3611	Andiast	-5	-24.6913580247
3612	Obersaxen	-4	-4.8250904704
3616	Waltensburg/Vuorz	1	2.9368575624
3617	Mundaun	0	0
3618	Lumnezia	-10	-4.7664442326
3619	Ilanz/Glion	-5	-1.0744600838
3631	Almens	5	22.0750551876
3633	Fürstenau	1	2.7548209366
3634	Paspels	3	6.1664953751
3635	Pratval	1	4.0404040404
3636	Rodels	-4	-14.9253731343
3637	Rothenbrunnen	1	3.2362459547
3638	Scharans	3	3.6231884058
3640	Sils im Domleschg	5	5.4975261132
3661	Cazis	-7	-3.2452480297
3662	Flerden	1	4.4843049327
3663	Masein	7	15.2505446623
3668	Thusis	7	2.3569023569
3669	Tschappina	-1	-7.5187969925
3670	Urmein	1	7.6045627376
3671	Tomils	0	0
3672	Safiental	-4	-4.4272274488
3681	Avers	-2	-11.7994100295
3691	Hinterrhein	0	0
3693	Nufenen	2	12.7795527157
3694	Splügen	0	0
3695	Sufers	1	7.8431372549
3701	Andeer	-5	-5.540166205
3703	Casti-Wergenstein	1	19.2307692308
3705	Donat	0	0
3707	Lohn (GR)	0	0
3708	Mathon	1	19.801980198
3711	Rongellen	1	17.5438596491
3712	Zillis-Reischen	-1	-2.3952095808
3713	Ferrera	-2	-22.7272727273
3721	Bonaduz	12	3.9132561552
3722	Domat/Ems	23	3.0067324662
3723	Rhäzüns	4	2.9261155816
3731	Felsberg	4	1.6491445063
3732	Flims	2	0.7554296506
3733	Tamins	-3	-2.471169687
3734	Trin	8	6.2967335695
3741	Ardez	-3	-7.0422535211
3742	Guarda	0	0
3743	Lavin	6	26.8456375839
3744	Susch	-5	-23.9808153477
3745	Tarasp	3	8.8495575221
3746	Zernez	6	5.2356020942
3752	Samnaun	3	3.8338658147
3761	Ftan	-2	-4.0080160321
3762	Scuol	-2	-0.8508827909
3763	Sent	-1	-1.1235955056
3764	Valsot	-4	-4.400440044
3781	Bever	-2	-3.1923383879
3782	Celerina/Schlarigna	1	0.6684491979
3783	Madulain	0	0
3784	Pontresina	23	10.757717493
3785	La Punt-Chamues-ch	2	2.6281208936
3786	Samedan	2	0.6643414715
3787	St. Moritz	5	0.9632055481
3788	S-chanf	-2	-2.773925104
3789	Sils im Engadin/Segl	11	14.4356955381
3790	Silvaplana	0	0
3791	Zuoz	4	3.2546786005
3792	Bregaglia	-6	-3.8622465401
3801	Arvigo	-2	-25.1572327044
3803	Braggio	-1	-19.801980198
3804	Buseno	-2	-21.978021978
3805	Castaneda	1	3.9603960396
3806	Cauco	-1	-28.1690140845
3808	Rossa	0	0
3810	Santa Maria in Calanca	-1	-8.9686098655
3811	Selma	-1	-32.2580645161
3821	Lostallo	-1	-1.336005344
3822	Mesocco	-5	-3.8387715931
3823	Soazza	-7	-19.6078431373
3831	Cama	0	0
3832	Grono	7	6.95479384
3833	Leggia	-1	-7.5757575758
3834	Roveredo (GR)	-2	-0.7985625873
3835	San Vittore	5	6.6312997347
3836	Verdabbio	-1	-6.1162079511
3847	Val Müstair	-9	-5.8102001291
3851	Davos	10	0.894974717
3861	Fideris	2	3.4188034188
3862	Furna	1	4.9751243781
3863	Jenaz	-1	-0.858000858
3871	Klosters-Serneus	-14	-3.6344755971
3881	Conters im Prättigau	-2	-9.2592592593
3882	Küblis	3	3.5294117647
3883	Saas	-9	-12.0240480962
3891	Luzein	2	1.6227180527
3893	St. Antönien	-1	-2.886002886
3901	Chur	-29	-0.8418363644
3911	Churwalden	2	0.9687575684
3921	Arosa	-4	-1.2217470984
3926	Maladers	3	6.0483870968
3932	Tschiertschen-Praden	-1	-3.2467532468
3941	Haldenstein	14	13.7457044674
3945	Trimmis	16	5.2356020942
3946	Untervaz	10	4.118616145
3947	Zizers	1	0.3061380683
3951	Fläsch	1	1.4388489209
3952	Jenins	9	9.972299169
3953	Maienfeld	18	6.6334991708
3954	Malans	6	2.5828669824
3955	Landquart	44	5.119255381
3961	Grüsch	3	1.5274949084
3962	Schiers	-11	-4.2024832856
3972	Seewis im Prättigau	4	2.9017047515
3981	Breil/Brigels	-6	-4.6728971963
3982	Disentis/Mustér	0	0
3983	Medel (Lucmagn)	-6	-14.888337469
3985	Sumvitg	-11	-8.8388911209
3986	Tujetsch	3	2.1707670043
3987	Trun	-11	-9.0053213262
4001	Aarau	44	2.1658872754
4002	Biberstein	5	3.3579583613
4003	Buchs (AG)	19	2.5297916251
4004	Densbüren	2	2.9304029304
4005	Erlinsbach (AG)	13	3.3457727448
4006	Gränichen	20	2.7696994876
4007	Hirschthal	6	3.963011889
4008	Küttigen	27	4.5324827934
4009	Muhen	19	5.0438014335
4010	Oberentfelden	26	3.355704698
4012	Suhr	37	3.7871033777
4013	Unterentfelden	-1	-0.2459722051
4021	Baden	106	5.6954033796
4022	Bellikon	5	3.2216494845
4023	Bergdietikon	17	6.5687789799
4024	Birmenstorf (AG)	11	3.8194444444
4026	Ennetbaden	19	5.7873895827
4027	Fislisbach	13	2.3516642547
4028	Freienwil	9	9.2927207021
4029	Gebenstorf	30	6.119326874
4030	Killwangen	15	7.8410872974
4031	Künten	5	2.9779630733
4032	Mägenwil	17	8.2165297245
4033	Mellingen	40	7.9705091163
4034	Neuenhof	49	5.7589469354
4035	Niederrohrdorf	20	5.5043346635
4037	Oberrohrdorf	-6	-1.5035709811
4038	Obersiggenthal	29	3.3675898508
4039	Remetschwil	17	8.3149914405
4040	Spreitenbach	77	6.9968196274
4041	Stetten (AG)	13	6.5474691513
4042	Turgi	23	7.7728962487
4044	Untersiggenthal	35	4.9313138429
4045	Wettingen	23	1.1377127028
4046	Wohlenschwil	15	10.152284264
4047	Würenlingen	30	6.8540095956
4048	Würenlos	10	1.6611295681
4049	Ehrendingen	33	7.146724418
4061	Arni (AG)	9	4.8141214228
4062	Berikon	20	4.4233108482
4063	Bremgarten (AG)	17	2.2043568465
4064	Büttikon	4	4.1109969168
4065	Dottikon	27	7.1324791969
4066	Eggenwil	9	9.7192224622
4067	Fischbach-Göslikon	2	1.2666244459
4068	Hägglingen	5	2.1340162185
4071	Jonen	8	4.06710727
4072	Niederwil (AG)	6	2.313922098
4073	Oberlunkhofen	8	4.1184041184
4074	Oberwil-Lieli	13	5.8890147225
4075	Rudolfstetten-Friedlisberg	20	4.5167118338
4076	Sarmenstorf	23	8.4496693608
4077	Tägerig	10	7.0497003877
4078	Uezwil	0	0
4079	Unterlunkhofen	5	3.9447731755
4080	Villmergen	39	5.7361376673
4081	Widen	3	0.8522727273
4082	Wohlen (AG)	33	2.1541876102
4083	Zufikon	12	2.7541886619
4084	Islisberg	6	9.8199672668
4091	Auenstein	-2	-1.2804097311
4092	Birr	38	8.7487049614
4093	Birrhard	3	4.4910179641
4094	Bözen	-2	-2.7173913043
4095	Brugg	34	3.0890837233
4096	Effingen	1	1.6806722689
4097	Elfingen	1	3.6697247706
4099	Habsburg	-2	-4.9019607843
4100	Hausen (AG)	17	5.0890585242
4104	Lupfig	6	2.6839633192
4105	Mandach	4	12.9659643436
4106	Mönthal	3	7.7120822622
4107	Mülligen	9	8.7506076811
4110	Remigen	10	9.5510983763
4111	Riniken	12	8.0944350759
4112	Rüfenach	1	1.1467889908
4113	Scherz	-1	-1.5552099533
4114	Schinznach-Bad	11	9.0871540686
4117	Thalheim (AG)	3	3.8436899423
4120	Veltheim (AG)	-10	-7.0546737213
4121	Villigen	0	0
4122	Villnachern	-2	-1.3037809648
4123	Windisch	15	2.1434695627
4124	Bözberg	12	7.749434937
4125	Schinznach	-5	-2.2366360993
4131	Beinwil am See	-3	-1.0028413839
4132	Birrwil	-1	-0.9675858732
4133	Burg (AG)	-6	-6.1728395062
4134	Dürrenäsch	5	4.1718815186
4135	Gontenschwil	-2	-0.9808729769
4136	Holziken	3	2.3273855702
4137	Leimbach (AG)	4	8.5287846482
4138	Leutwil	0	0
4139	Menziken	11	1.9168772327
4140	Oberkulm	2	0.7760962359
4141	Reinach (AG)	11	1.3533464567
4142	Schlossrued	1	1.239157373
4143	Schmiedrued	7	5.9271803556
4144	Schöftland	-1	-0.243902439
4145	Teufenthal (AG)	0	0
4146	Unterkulm	19	6.5191284955
4147	Zetzwil	5	3.8167938931
4161	Eiken	18	8.2568807339
4163	Frick	28	5.4453520031
4164	Gansingen	-2	-2.0070245861
4165	Gipf-Oberfrick	13	3.6848072562
4166	Herznach	1	0.7132667618
4167	Hornussen	2	2.2246941046
4169	Kaisten	-4	-1.5591502631
4170	Laufenburg	12	3.6160916077
4172	Münchwilen (AG)	4	4.4395116537
4173	Oberhof	4	6.7681895093
4175	Oeschgen	2	2.1774632553
4176	Schwaderloch	-1	-1.4847809948
4177	Sisseln	6	4.016064257
4179	Ueken	6	6.9524913094
4181	Wittnau	10	8.2406262876
4182	Wölflinswil	5	5.0735667174
4183	Zeihen	0	0
4184	Mettauertal	3	1.5661707126
4191	Ammerswil	6	8.658008658
4192	Boniswil	9	6.3202247191
4193	Brunegg	11	15.7819225251
4194	Dintikon	9	4.2253521127
4195	Egliswil	5	3.7678975132
4196	Fahrwangen	2	1.017293998
4197	Hallwil	0	0
4198	Hendschiken	7	6.3897763578
4199	Holderbank (AG)	3	2.8235294118
4200	Hunzenschwil	17	4.718945177
4201	Lenzburg	9	1.0145989516
4202	Meisterschwanden	5	1.8315018315
4203	Möriken-Wildegg	1	0.2322880372
4204	Niederlenz	32	7.2210312535
4205	Othmarsingen	15	5.7372346529
4206	Rupperswil	53	10.570402872
4207	Schafisheim	13	4.5327754533
4208	Seengen	24	6.4085447263
4209	Seon	-5	-1.0334849111
4210	Staufen	-10	-3.7348272642
4221	Abtwil	8	8.3203328133
4222	Aristau	15	10.768126346
4223	Auw	13	6.8855932203
4224	Beinwil (Freiamt)	6	5.5376095985
4226	Besenbüren	1	1.6992353441
4227	Bettwil	4	7.3059360731
4228	Boswil	21	7.9485238456
4229	Bünzen	4	3.95256917
4230	Buttwil	2	1.7248814144
4231	Dietwil	8	6.2378167641
4232	Geltwil	2	10.4166666667
4233	Kallern	2	6.2794348509
4234	Merenschwand	13	3.8045068774
4235	Mühlau	11	10.8749382106
4236	Muri (AG)	32	4.3228638973
4237	Oberrüti	11	7.6124567474
4238	Rottenschwil	0	0
4239	Sins	32	7.6199547565
4240	Waltenschwil	2	0.7494847292
4251	Hellikon	1	1.2658227848
4252	Kaiseraugst	13	2.343397927
4253	Magden	8	2.0760347736
4254	Möhlin	39	3.6585365854
4255	Mumpf	10	7.476635514
4256	Obermumpf	2	1.976284585
4257	Olsberg	-2	-5.5096418733
4258	Rheinfelden	29	2.2794262134
4259	Schupfart	4	5.2805280528
4260	Stein (AG)	10	3.2483352282
4261	Wallbach	3	1.5957446809
4262	Wegenstetten	-3	-2.8517110266
4263	Zeiningen	-1	-0.4451368796
4264	Zuzgen	1	1.1730205279
4271	Aarburg	64	8.6486486486
4272	Attelwil	0	0
4273	Bottenwil	7	8.832807571
4274	Brittnau	-3	-0.791452315
4275	Kirchleerau	9	11.1801242236
4276	Kölliken	14	3.2679738562
4277	Moosleerau	1	1.0893246187
4279	Murgenthal	3	1.0456605089
4280	Oftringen	73	5.5445845359
4281	Reitnau	4	3.1670625495
4282	Rothrist	16	1.9063505302
4283	Safenwil	9	2.5027808676
4284	Staffelbach	1	0.9438414346
4285	Strengelbach	-4	-0.8578168561
4286	Uerkheim	6	4.5283018868
4287	Vordemwald	-8	-4.3278333784
4288	Wiliberg	2	11.9760479042
4289	Zofingen	-12	-1.0763779881
4301	Baldingen	-3	-11.1111111111
4302	Böbikon	1	5.9880239521
4303	Böttstein	5	1.3329778726
4304	Döttingen	10	2.6150627615
4305	Endingen	4	1.6625103907
4306	Fisibach	2	4.9321824908
4307	Full-Reuenthal	-2	-2.416918429
4308	Kaiserstuhl	-2	-4.9937578027
4309	Klingnau	-4	-1.2281240405
4310	Koblenz	1	0.6275494195
4311	Leibstadt	0	0
4312	Lengnau (AG)	20	7.595898215
4313	Leuggern	-9	-4.2283298097
4314	Mellikon	3	12.2448979592
4315	Rekingen (AG)	5	5.0607287449
4316	Rietheim	-2	-2.7063599459
4317	Rümikon	-1	-3.6697247706
4318	Schneisingen	-7	-5.331302361
4319	Siglistorf	4	6.3241106719
4320	Tegerfelden	6	5.3191489362
4322	Wislikofen	2	5.9259259259
4323	Bad Zurzach	-14	-3.3686236766
4401	Arbon	-3	-0.2121490701
4406	Dozwil	3	4.4085231447
4411	Egnach	14	3.1111111111
4416	Hefenhofen	0	0
4421	Horn	1	0.3842459174
4426	Kesswil	1	1.0025062657
4431	Roggwil (TG)	6	2.0707506471
4436	Romanshorn	-10	-0.9436633009
4441	Salmsach	2	1.4477017734
4446	Sommeri	3	5.8365758755
4451	Uttwil	6	3.3112582781
4461	Amriswil	11	0.860147789
4471	Bischofszell	25	4.3459365493
4476	Erlen	31	9.1029217442
4486	Hauptwil-Gottshaus	13	6.7991631799
4495	Hohentannen	3	4.8387096774
4501	Kradolf-Schönenberg	10	2.8847540747
4506	Sulgen	9	2.4698133919
4511	Zihlschlacht-Sitterdorf	22	9.979587208
4536	Basadingen-Schlattingen	10	5.6100981767
4545	Diessenhofen	16	4.4229440221
4546	Schlatt (TG)	2	1.2254901961
4551	Aadorf	29	3.3973758201
4561	Felben-Wellhausen	9	3.4149117814
4566	Frauenfeld	63	2.5726361353
4571	Gachnang	10	2.712967987
4590	Hüttlingen	4	4.828002414
4591	Matzingen	16	6.1871616396
4601	Neunforn	-3	-3.1712473573
4606	Stettfurt	3	2.5951557093
4611	Thundorf	9	6.5193770373
4616	Uesslingen-Buch	-2	-1.8509949098
4621	Warth-Weiningen	8	6.5040650407
4641	Altnau	7	3.2771535581
4643	Bottighofen	5	2.359046945
4646	Ermatingen	-2	-0.6392840019
4651	Gottlieben	2	6.5681444992
4656	Güttingen	10	6.5659881812
4666	Kemmental	9	3.8477982044
4671	Kreuzlingen	49	2.3258021644
4681	Langrickenbach	5	4.0080160321
4683	Lengwil	0	0
4691	Münsterlingen	13	4.1054792357
4696	Tägerwilen	14	3.2490136923
4701	Wäldi	2	1.968503937
4711	Affeltrangen	15	6.1450225317
4716	Bettwiesen	13	11.4035087719
4721	Bichelsee-Balterswil	8	2.8870443883
4723	Braunau	5	6.7294751009
4724	Eschlikon	22	5.2455889366
4726	Fischingen	11	4.2751651768
4741	Lommis	6	5.0526315789
4746	Münchwilen (TG)	18	3.5118525022
4751	Rickenbach (TG)	22	8.0733944954
4756	Schönholzerswilen	-1	-1.2195121951
4761	Sirnach	2	0.2662761283
4776	Tobel-Tägerschen	4	2.6773761714
4781	Wängi	15	3.3560800984
4786	Wilen (TG)	9	3.8910505837
4791	Wuppenau	8	7.1813285458
4801	Berlingen	2	2.332361516
4806	Eschenz	5	2.9498525074
4811	Herdern	1	1.0090817356
4816	Homburg	14	9.3802345059
4821	Hüttwilen	8	4.9704877291
4826	Mammern	6	9.7879282219
4831	Müllheim	0	0
4841	Pfyn	5	2.5687130747
4846	Raperswilen	1	2.478314746
4851	Salenstein	4	3.0852294639
4864	Steckborn	-6	-1.646090535
4871	Wagenhausen	0	0
4881	Amlikon-Bissegg	-5	-3.8211692778
4891	Berg (TG)	14	4.2826552463
4901	Birwinken	12	8.9719626168
4911	Bürglen (TG)	17	4.7894069587
4921	Bussnang	11	4.9796287913
4941	Märstetten	12	4.3747721473
4946	Weinfelden	19	1.7338930462
4951	Wigoltingen	-6	-2.6002166847
5001	Arbedo-Castione	9	1.9398642095
5002	Bellinzona	30	1.6623722051
5003	Cadenazzo	18	6.9257406695
5004	Camorino	8	2.9143897996
5005	Giubiasco	29	3.3762151464
5006	Gnosca	7	9.7087378641
5007	Gorduno	3	3.9682539683
5008	Gudo	1	1.1990407674
5009	Isone	-1	-2.5284450063
5010	Lumino	2	1.4419610671
5012	Moleno	1	8.2644628099
5013	Monte Carasso	13	4.6445158985
5014	Pianezzo	-1	-1.7021276596
5015	Preonzo	4	6.4882400649
5017	Sant'Antonino	15	6.40888699
5018	Sant'Antonio	-4	-17.3913043478
5019	Sementina	1	0.3235722375
5048	Acquarossa	-12	-6.4637759224
5049	Blenio	-10	-5.8241118229
5050	Serravalle	-7	-3.3613445378
5061	Airolo	6	3.8387715931
5063	Bedretto	-1	-10.3626943005
5064	Bodio	-5	-4.8262548263
5071	Dalpe	-1	-5.1546391753
5072	Faido	-7	-2.3525457906
5073	Giornico	1	1.1441647597
5076	Personico	4	11.7130307467
5077	Pollegio	-5	-6.56167979
5078	Prato (Leventina)	-1	-2.4301336574
5079	Quinto	-6	-5.6523787094
5081	Sobrio	-1	-12.6582278481
5091	Ascona	-41	-7.5562108367
5095	Brione (Verzasca)	0	0
5096	Brione sopra Minusio	-2	-3.8095238095
5097	Brissago	-17	-9.4392004442
5102	Corippo	-1	-80
5105	Frasco	-2	-19.0476190476
5108	Gordola	1	0.2219755827
5109	Gresso	-2	-48.7804878049
5112	Lavertezzo	8	6.3618290258
5113	Locarno	-23	-1.4615237974
5115	Losone	12	1.8414793217
5117	Mergoscia	-2	-9.1116173121
5118	Minusio	-44	-6.0664552599
5119	Mosogno	-1	-19.6078431373
5120	Muralto	-43	-15.3873680444
5121	Orselina	-9	-11.8733509235
5125	Ronco sopra Ascona	-3	-4.6801872075
5129	Sonogno	-2	-21.6216216216
5131	Tenero-Contra	11	3.9732707242
5132	Vergeletto	-1	-16.8067226891
5135	Vogorno	-1	-3.6563071298
5136	Onsernone	-6	-23.9520958084
5137	Isorno	-1	-3.120124805
5138	Cugnasco-Gerra	-3	-1.0371650821
5141	Agno	16	3.6849378167
5143	Aranno	2	6.015037594
5144	Arogno	-1	-1.0152284264
5146	Astano	-1	-3.3167495854
5148	Bedano	5	3.2658393207
5149	Bedigliora	0	0
5151	Bioggio	-4	-1.5591502631
5154	Bissone	4	4.5146726862
5160	Brusino Arsizio	-1	-2.0811654527
5161	Cademario	-2	-2.6809651475
5162	Cadempino	11	7.2225869993
5167	Canobbio	4	1.9147917664
5171	Caslano	11	2.5724976614
5176	Comano	3	1.4450867052
5178	Croglio	-1	-1.1217049916
5180	Cureglia	7	5.3537284895
5181	Curio	-6	-10.8794197643
5186	Grancia	4	7.7745383868
5187	Gravesano	3	2.380952381
5189	Lamone	0	0
5192	Lugano	-37	-0.5851652697
5193	Magliaso	-11	-7.2920119324
5194	Manno	0	0
5195	Maroggia	1	1.6694490818
5196	Massagno	16	2.614379085
5197	Melano	-1	-0.7010164739
5198	Melide	2	1.1370096646
5199	Mezzovico-Vira	5	3.785011355
5200	Miglieglia	4	13.4228187919
5202	Monteggio	-1	-1.1191941802
5203	Morcote	0	0
5205	Muzzano	-1	-1.1883541295
5206	Neggio	1	2.9895366218
5207	Novaggio	-2	-2.4494794856
5208	Origlio	7	4.8342541436
5210	Paradiso	5	1.2608750473
5212	Ponte Capriasca	9	4.9126637555
5213	Ponte Tresa	-3	-3.7453183521
5214	Porza	-2	-1.2430080796
5216	Pura	-3	-2.1015761821
5219	Rovio	-1	-1.2602394455
5221	Savosa	21	9.6241979835
5222	Sessa	-9	-13.17715959
5225	Sorengo	-2	-1.0537407798
5226	Capriasca	13	2.0075669832
5227	Torricella-Taverne	10	3.2583903552
5230	Vernate	5	8.5689802913
5231	Vezia	7	3.5650623886
5233	Vico Morcote	-4	-10.5960264901
5236	Collina d'Oro	13	2.8276237085
5237	Alto Malcantone	2	1.4424810674
5238	Monteceneri	12	2.6266827186
5242	Balerna	-8	-2.3686158401
5249	Castel San Pietro	11	5.3037608486
5250	Chiasso	-25	-3.0720078643
5251	Coldrerio	-2	-0.7176175099
5254	Mendrisio	-28	-1.8843798371
5257	Morbio Inferiore	4	0.8589220528
5260	Novazzano	-1	-0.4138216429
5263	Riva San Vitale	3	1.1580775912
5266	Stabio	10	2.2222222222
5268	Vacallo	7	2.1008403361
5269	Breggia	-4	-2.0166372574
5281	Biasca	11	1.7815207709
5282	Claro	4	1.4388489209
5283	Cresciano	2	2.9873039582
5284	Iragna	0	0
5285	Lodrino	3	1.7251293847
5286	Osogna	-1	-0.956937799
5304	Bosco/Gurin	0	0
5307	Campo (Vallemaggia)	-1	-19.6078431373
5309	Cerentino	-1	-17.094017094
5310	Cevio	-3	-2.5542784163
5315	Linescio	0	0
5317	Maggia	0	0
5323	Lavizzara	-4	-7.1047957371
5324	Avegno Gordevio	-11	-7.5213675214
5396	Terre di Pedemonte	-1	-0.3832886163
5397	Centovalli	-8	-6.8405301411
5398	Gambarogno	-1	-0.1973749136
5401	Aigle	49	4.9332997735
5402	Bex	23	3.2953649975
5403	Chessel	2	5.6022408964
5404	Corbeyrier	-2	-4.8192771084
5405	Gryon	6	4.8173424328
5406	Lavey-Morcles	6	6.7834934992
5407	Leysin	16	3.8924705024
5408	Noville	7	7.4349442379
5409	Ollon	2	0.2744613696
5410	Ormont-Dessous	4	3.7896731407
5411	Ormont-Dessus	2	1.3628620102
5412	Rennaz	4	5.082592122
5413	Roche (VD)	15	10.1317122594
5414	Villeneuve (VD)	26	4.9684693293
5415	Yvorne	-3	-2.8971511347
5421	Apples	-9	-6.8078668684
5422	Aubonne	8	2.6084121291
5423	Ballens	-3	-6.0544904137
5424	Berolle	2	6.7001675042
5425	Bière	3	1.9697964544
5426	Bougy-Villars	-3	-6.9044879171
5427	Féchy	0	0
5428	Gimel	3	1.5764582239
5429	Longirod	1	2.3121387283
5430	Marchissy	2	4.4943820225
5431	Mollens (VD)	1	3.4542314335
5432	Montherod	-3	-5.8765915769
5434	Saint-George	4	4.1731872718
5435	Saint-Livres	-3	-4.3041606887
5436	Saint-Oyens	1	3.120124805
5437	Saubraz	1	2.6178010471
5451	Avenches	20	5.0935948045
5456	Cudrefin	5	3.4566194262
5458	Faoug	7	8.658008658
5464	Vully-les-Lacs	12	4.4060950982
5471	Bettens	13	26.9989615784
5472	Bournens	3	8.6455331412
5473	Boussens	9	9.6826250672
5474	La Chaux (Cossonay)	-1	-2.3612750885
5475	Chavannes-le-Veyron	1	7.8125
5476	Chevilly	2	8.0321285141
5477	Cossonay	19	5.3117137266
5478	Cottens (VD)	2	4.2872454448
5479	Cuarnens	2	4.7393364929
5480	Daillens	7	7.5390414647
5481	Dizy	4	17.8970917226
5482	Eclépens	10	9.8473658296
5483	Ferreyres	1	3.305785124
5484	Gollion	5	6.2344139651
5485	Grancy	-4	-10.0755667506
5486	L'Isle	-1	-0.9920634921
5487	Lussery-Villars	6	14.9812734082
5488	Mauraz	0	0
5489	Mex (VD)	4	6.092916984
5490	Moiry	0	0
5491	Mont-la-Ville	2	5.540166205
5492	Montricher	6	6.5717415115
5493	Orny	-6	-16.393442623
5494	Pampigny	13	11.7593848937
5495	Penthalaz	17	5.501618123
5496	Penthaz	7	4.1928721174
5497	Pompaples	4	4.8455481526
5498	La Sarraz	2	0.8062890546
5499	Senarclens	-1	-2.2883295195
5500	Sévery	-1	-4.5977011494
5501	Sullens	0	0
5503	Vufflens-la-Ville	8	6.5306122449
5511	Assens	5	4.8567265663
5512	Bercher	6	5.2333187963
5513	Bioley-Orjulaz	4	8.7527352298
5514	Bottens	15	11.9664938173
5515	Bretigny-sur-Morrens	3	3.9421813403
5516	Cugy (VD)	20	7.3651261278
5518	Echallens	10	1.8350307368
5520	Essertines-sur-Yverdon	3	3.3149171271
5521	Etagnières	7	6.416131989
5522	Fey	7	11.3544201135
5523	Froideville	21	9.4850948509
5527	Morrens (VD)	6	5.8651026393
5529	Oulens-sous-Echallens	-1	-1.8587360595
5530	Pailly	-3	-5.8309037901
5531	Penthéréaz	1	2.6178010471
5533	Poliez-Pittet	10	12.7795527157
5534	Rueyres	0	0
5535	Saint-Barthélemy (VD)	11	14.1935483871
5537	Villars-le-Terroir	9	9.7985846489
5539	Vuarrens	7	7.6712328767
5540	Montilliez	7	4.3397396156
5541	Goumoëns	6	6.3324538259
5551	Bonvillars	2	3.9024390244
5552	Bullet	-2	-3.3361134279
5553	Champagne	9	8.9820359281
5554	Concise	-1	-1.0632642212
5555	Corcelles-près-Concise	-6	-18.691588785
5556	Fiez	2	4.854368932
5557	Fontaines-sur-Grandson	1	5.9347181009
5559	Giez	-1	-2.5806451613
5560	Grandevent	0	0
5561	Grandson	8	2.4771636476
5562	Mauborget	-2	-18.1818181818
5563	Mutrux	3	20.9059233449
5564	Novalles	-1	-9.6618357488
5565	Onnens (VD)	0	0
5566	Provence	1	2.773925104
5568	Sainte-Croix	-13	-2.7296587927
5571	Tévenon	3	3.9893617021
5581	Belmont-sur-Lausanne	20	5.6179775281
5582	Cheseaux-sur-Lausanne	30	7.3800738007
5583	Crissier	43	5.6964959926
5584	Epalinges	12	1.3372708531
5585	Jouxtens-Mézery	1	0.7241129616
5586	Lausanne	709	5.317134447
5587	Le Mont-sur-Lausanne	33	4.8348106366
5588	Paudex	9	6.237006237
5589	Prilly	64	5.3585632352
5590	Pully	5	0.2850302132
5591	Renens (VD)	80	3.9235881213
5592	Romanel-sur-Lausanne	23	6.9813325239
5601	Chexbres	-6	-2.7985074627
5604	Forel (Lavaux)	16	7.7858880779
5606	Lutry	-38	-3.9661830707
5607	Puidoux	21	7.4640127955
5609	Rivaz	-1	-2.8571428571
5610	Saint-Saphorin (Lavaux)	1	2.6954177898
5611	Savigny	2	0.5963918294
5613	Bourg-en-Lavaux	7	1.3583001843
5621	Aclens	7	13.0963517306
5622	Bremblens	9	18.3861082737
5623	Buchillon	3	4.7732696897
5624	Bussigny	50	6.117330397
5625	Bussy-Chardonney	0	0
5627	Chavannes-près-Renens	76	10.5496946141
5628	Chigny	1	2.9850746269
5629	Clarmont	-1	-6.5789473684
5631	Denens	7	10.2040816327
5632	Denges	6	3.696857671
5633	Echandens	-6	-2.5812002581
5634	Echichens	1	0.38925652
5635	Ecublens (VD)	77	6.3728533002
5636	Etoy	-3	-1.040221914
5637	Lavigny	5	5.4674685621
5638	Lonay	-9	-3.6043251902
5639	Lully (VD)	1	1.3131976362
5640	Lussy-sur-Morges	-2	-3.0888030888
5642	Morges	49	3.1905195989
5643	Préverenges	42	8.0815855301
5644	Reverolle	-1	-2.8530670471
5645	Romanel-sur-Morges	0	0
5646	Saint-Prex	22	4.0366972477
5648	Saint-Sulpice (VD)	17	4.9303944316
5649	Tolochenaz	8	4.4456793554
5650	Vaux-sur-Morges	-1	-5.3333333333
5651	Villars-Sainte-Croix	-1	-1.4869888476
5652	Villars-sous-Yens	1	1.7683465959
5653	Vufflens-le-Château	2	2.4242424242
5654	Vullierens	3	6.6445182724
5655	Yens	10	7.6982294072
5661	Boulens	1	3.1897926635
5662	Brenles	-1	-6.9204152249
5663	Bussy-sur-Moudon	-2	-10.4712041885
5665	Chavannes-sur-Moudon	3	12.7388535032
5666	Chesalles-sur-Moudon	0	0
5668	Cremin	0	0
5669	Curtilles	-1	-3.2414910859
5671	Dompierre (VD)	2	8.0482897384
5672	Forel-sur-Lucens	-2	-13.201320132
5673	Hermenches	2	5.3835800808
5674	Lovatens	1	7.2202166065
5675	Lucens	18	5.5718928958
5678	Moudon	40	6.9565217391
5680	Ogens	3	11.4722753346
5683	Prévonloup	0	0
5684	Rossenges	1	16.2601626016
5686	Sarzens	0	0
5688	Syens	-3	-23.2558139535
5690	Villars-le-Comte	-3	-19.3548387097
5692	Vucherens	2	3.8387715931
5693	Montanaire	7	2.8991509629
5701	Arnex-sur-Nyon	1	5.0632911392
5702	Arzier-Le Muids	2	0.8103727715
5703	Bassins	2	1.52264941
5704	Begnins	-3	-1.7767249038
5705	Bogis-Bossey	3	3.3994334278
5706	Borex	7	7.650273224
5707	Chavannes-de-Bogis	14	11.2812248187
5708	Chavannes-des-Bois	13	15.303119482
5709	Chéserex	7	5.6680161943
5710	Coinsins	5	12.1506682868
5711	Commugny	4	1.4380729822
5712	Coppet	14	4.542504867
5713	Crans-près-Céligny	0	0
5714	Crassier	10	8.7796312555
5715	Duillier	8	7.5973409307
5716	Eysins	15	10.3591160221
5717	Founex	34	9.7449125824
5718	Genolier	15	8.062348831
5719	Gingins	4	3.2653061224
5720	Givrins	-1	-1.0209290454
5721	Gland	121	9.8039215686
5722	Grens	0	0
5723	Mies	-6	-3.0769230769
5724	Nyon	130	6.625891947
5725	Prangins	10	2.514142049
5726	La Rippe	5	4.625346901
5727	Saint-Cergue	2	0.8667388949
5728	Signy-Avenex	-2	-4.2283298097
5729	Tannay	1	0.6331117442
5730	Trélex	5	3.5161744023
5731	Le Vaud	3	2.4291497976
5732	Vich	7	9.1503267974
5741	L'Abergement	0	0
5742	Agiez	2	6.8259385666
5743	Arnex-sur-Orbe	4	6.5952184666
5744	Ballaigues	-9	-8.8713652045
5745	Baulmes	7	6.8694798822
5746	Bavois	5	5.5586436909
5747	Bofflens	0	0
5748	Bretonnières	0	0
5749	Chavornay	20	4.9838026414
5750	Les Clées	1	5.8479532164
5751	Corcelles-sur-Chavornay	-2	-5.9435364042
5752	Croy	-4	-12.5
5754	Juriens	4	13.3333333333
5755	Lignerolle	4	10.3492884864
5756	Montcherand	-2	-4.2417815483
5757	Orbe	51	7.577445955
5758	La Praz	1	6.4724919094
5759	Premier	-1	-5.376344086
5760	Rances	0	0
5761	Romainmôtier-Envy	5	9.7087378641
5762	Sergey	1	6.8728522337
5763	Valeyres-sous-Rances	5	8.6058519793
5764	Vallorbe	10	2.7808676307
5765	Vaulion	4	8.4566596195
5766	Vuiteboeuf	8	15.1228733459
5782	Carrouge (VD)	8	7.2595281307
5785	Corcelles-le-Jorat	0	0
5788	Essertes	2	6.1633281972
5789	Ferlens (VD)	0	0
5790	Maracon	-5	-11.1234705228
5791	Mézières (VD)	-2	-1.6927634363
5792	Montpreveyres	6	10.5633802817
5798	Ropraz	2	5.0377833753
5799	Servion	4	2.1287919106
5803	Vulliens	0	0
5804	Jorat-Menthue	12	8.3131278143
5805	Oron	27	5.2534293219
5812	Champtauroz	-1	-7.299270073
5813	Chevroux	0	0
5816	Corcelles-près-Payerne	9	4.3446777697
5817	Grandcour	2	2.3767082591
5819	Henniez	-1	-3.616636528
5821	Missy	2	6.106870229
5822	Payerne	35	3.7505357908
5827	Trey	1	3.8314176245
5828	Treytorrens (Payerne)	0	0
5830	Villarzel	0	0
5831	Valbroye	18	6.2294514622
5841	Château-d'Oex	4	1.179245283
5842	Rossinière	7	12.8087831656
5843	Rougemont	-4	-4.4395116537
5851	Allaman	1	2.4844720497
5852	Bursinel	5	10.5596620908
5853	Bursins	2	2.5756600129
5854	Burtigny	4	11.0192837466
5855	Dully	0	0
5856	Essertines-sur-Rolle	9	13.0340333092
5857	Gilly	3	2.8116213683
5858	Luins	9	14.888337469
5859	Mont-sur-Rolle	14	5.3742802303
5860	Perroy	12	8.5106382979
5861	Rolle	29	4.8381715048
5862	Tartegnin	2	8.8300220751
5863	Vinzel	2	5.7061340942
5871	L'Abbaye	6	4.2628774423
5872	Le Chenit	-13	-2.90632685
5873	Le Lieu	-6	-7.0175438596
5881	Blonay	4	0.6571381633
5882	Chardonne	-17	-6.0028248588
5883	Corseaux	-13	-6.0451057894
5884	Corsier-sur-Vevey	14	4.1499925893
5885	Jongny	5	3.4234851078
5886	Montreux	17	0.651628112
5888	Saint-Légier-La Chiésaz	-3	-0.5913077757
5889	La Tour-de-Peilz	41	3.6953582695
5890	Vevey	119	6.2424592142
5891	Veytaux	-5	-5.9136605559
5902	Belmont-sur-Yverdon	0	0
5903	Bioley-Magnoux	3	15.7894736842
5904	Chamblon	-4	-6.8317677199
5905	Champvent	3	5.0462573591
5907	Chavannes-le-Chêne	-2	-7.2859744991
5908	Chêne-Pâquier	-1	-7.8125
5909	Cheseaux-Noréaz	0	0
5910	Cronay	2	5.6899004267
5911	Cuarny	2	10.0250626566
5912	Démoret	-1	-8.0971659919
5913	Donneloye	-1	-1.3605442177
5914	Ependes (VD)	2	5.9259259259
5915	Essert-Pittet	0	0
5919	Mathod	3	5.4545454545
5921	Molondin	2	9.0702947846
5922	Montagny-près-Yverdon	-1	-1.3966480447
5923	Oppens	0	0
5924	Orges	4	14.8975791434
5925	Orzens	-1	-5.0505050505
5926	Pomy	1	1.3831258645
5928	Rovray	0	0
5929	Suchy	8	15.873015873
5930	Suscévaz	2	10.152284264
5931	Treycovagnes	0	0
5932	Ursins	2	9.6852300242
5933	Valeyres-sous-Montagny	0	0
5934	Valeyres-sous-Ursins	3	12.5260960334
5935	Villars-Epeney	0	0
5937	Vugelles-La Mothe	2	14.9253731343
5938	Yverdon-les-Bains	206	7.0668953688
5939	Yvonand	-1	-0.3326679973
6002	Brig-Glis	25	1.9411444988
6004	Eggerberg	2	5.9435364042
6007	Naters	29	3.0169050715
6008	Ried-Brig	17	8.4893882647
6009	Simplon	-1	-3.0581039755
6010	Termen	5	5.7405281286
6011	Zwischbergen	0	0
6021	Ardon	19	6.3322779537
6022	Chamoson	7	2.0509815412
6023	Conthey	23	2.7861901878
6024	Nendaz	7	1.1343380327
6025	Vétroz	30	5.4293729074
6031	Bagnes	24	3.0003750469
6032	Bourg-Saint-Pierre	-1	-5.2631578947
6033	Liddes	4	5.3475935829
6034	Orsières	12	3.7890748342
6035	Sembrancher	1	1.0427528676
6036	Vollèges	12	6.6537288605
6052	Bellwald	-3	-6.9605568445
6054	Binn	-3	-20.1342281879
6055	Blitzingen	0	0
6056	Ernen	-5	-9.3632958801
6057	Fiesch	1	1.0793308149
6058	Fieschertal	2	6.2794348509
6061	Lax	-2	-6.8610634648
6064	Niederwald	0	0
6073	Grafschaft	0	0
6074	Münster-Geschinen	-4	-8.4656084656
6075	Reckingen-Gluringen	-6	-13.4529147982
6076	Obergoms	-5	-7.5872534143
6081	Les Agettes	-1	-3.0769230769
6082	Ayent	-8	-2.0934188146
6083	Evolène	-4	-2.3208587177
6084	Hérémence	-6	-4.3859649123
6087	Saint-Martin (VS)	-7	-8.0091533181
6089	Vex	6	3.4582132565
6090	Mont-Noble	0	0
6101	Agarn	-2	-2.5220680958
6102	Albinen	0	0
6104	Ergisch	-3	-15.7068062827
6109	Inden	0	0
6110	Leuk	2	0.5286809411
6111	Leukerbad	8	5.28576148
6112	Oberems	-1	-7.9051383399
6113	Salgesch	6	4.2149631191
6116	Varen	-1	-1.6116035455
6117	Guttet-Feschel	0	0
6118	Gampel-Bratsch	-5	-2.6219192449
6119	Turtmann-Unterems	-3	-2.6833631485
6131	Bovernier	10	11.6959064327
6132	Charrat	4	2.5292443882
6133	Fully	37	4.4750846638
6134	Isérables	-2	-2.2857142857
6135	Leytron	2	0.6695681286
6136	Martigny	39	2.2571403768
6137	Martigny-Combe	6	2.5873221216
6139	Riddes	-2	-0.6901311249
6140	Saillon	23	9.5396101203
6141	Saxon	26	5.0776291378
6142	Trient	0	0
6151	Champéry	-3	-2.3622047244
6152	Collombey-Muraz	47	5.7693488001
6153	Monthey	61	3.5339783327
6154	Port-Valais	17	4.5466702327
6155	Saint-Gingolph	1	1.0706638116
6156	Troistorrents	33	7.5
6157	Val-d'Illiez	13	7.1507150715
6158	Vionnaz	-2	-0.8431703204
6159	Vouvry	17	4.3389484431
6172	Bister	1	31.746031746
6173	Bitsch	1	1.1614401858
6177	Grengiols	-1	-2.1978021978
6181	Riederalp	-4	-7.874015748
6191	Ausserberg	-7	-10.9976433621
6192	Blatten	-7	-24.3902439024
6193	Bürchen	1	1.3486176669
6194	Eischoll	-1	-2.2026431718
6195	Ferden	-3	-11.9521912351
6197	Kippel	-4	-11.1420612813
6198	Niedergesteln	-2	-2.9239766082
6199	Raron	6	3.1463030939
6201	Unterbäch	-3	-7.3619631902
6202	Wiler (Lötschen)	0	0
6203	Mörel-Filet	0	0
6204	Steg-Hohtenn	1	0.6402048656
6205	Bettmeralp	3	6.7491563555
6211	Collonges	2	2.90486565
6212	Dorénaz	-1	-1.1820330969
6213	Evionnaz	2	1.6413623307
6214	Finhaut	-4	-8.547008547
6215	Massongex	10	5.8004640371
6217	Saint-Maurice	-3	-0.6654835847
6218	Salvan	0	0
6219	Vernayaz	9	4.7606453319
6220	Vérossaz	-2	-2.9239766082
6232	Chalais	7	2.1017865185
6234	Chermignon	4	1.3012361744
6235	Chippis	0	0
6238	Grône	-4	-1.7532325225
6239	Icogne	0	0
6240	Lens	-4	-1.0175527856
6241	Miège	2	1.4803849001
6242	Mollens (VS)	2	2.1242697823
6243	Montana	-15	-6.2722140916
6244	Randogne	-11	-2.5011368804
6246	Saint-Léonard	-6	-2.7137042062
6248	Sierre	36	2.1898476231
6249	Venthône	0	0
6250	Veyras	-1	-0.5641748942
6252	Anniviers	13	4.8607216302
6261	Arbaz	-5	-4.3103448276
6263	Grimisuat	20	6.468305304
6265	Savièse	-1	-0.1389081817
6266	Sion	103	3.1168202381
6267	Veysonnaz	4	6.6611157369
6281	Baltschieder	11	8.59375
6282	Eisten	-1	-4.854368932
6283	Embd	-2	-6.5040650407
6285	Grächen	1	0.7199424046
6286	Lalden	4	5.9790732436
6287	Randa	7	15.8013544018
6288	Saas-Almagell	-3	-7.662835249
6289	Saas-Balen	-2	-5.2219321149
6290	Saas-Fee	2	1.2154360377
6291	Saas-Grund	-3	-2.8422548555
6292	St. Niklaus	0	0
6293	Stalden (VS)	3	2.722323049
6294	Staldenried	-6	-10.9389243391
6295	Täsch	8	6.5386187168
6296	Törbel	-4	-8.3945435467
6297	Visp	22	2.9579831933
6298	Visperterminen	-7	-5.0724637681
6299	Zeneggen	2	7.2727272727
6300	Zermatt	29	5.0342852183
6402	Bevaix	-9	-2.32708468
6404	Boudry	1	0.185373992
6405	Brot-Dessous	-2	-19.7044334975
6407	Corcelles-Cormondrèche	-10	-2.1344717182
6408	Cortaillod	13	2.748123877
6409	Fresens	0	0
6410	Gorgier	-15	-7.5301204819
6411	Montalchez	0	0
6412	Peseux	7	1.2043010753
6413	Rochefort	-6	-5.4495912807
6414	Saint-Aubin-Sauges	-13	-5.3564070869
6415	Vaumarcus	2	7.5046904315
6416	Milvignes	40	4.4511211261
6421	La Chaux-de-Fonds	55	1.4152278517
6422	Les Planchettes	-1	-4.5662100457
6423	La Sagne	-5	-5.2994170641
6431	Les Brenets	-4	-3.7365716955
6432	La Brévine	2	3.0745580323
6433	Brot-Plamboz	4	15.873015873
6434	Le Cerneux-Péquignot	0	0
6435	La Chaux-du-Milieu	8	16.2932790224
6436	Le Locle	-3	-0.2876594113
6437	Les Ponts-de-Martel	-1	-0.7840062721
6451	Cornaux	11	6.8965517241
6452	Cressier (NE)	9	4.66562986
6453	Enges	4	14.7058823529
6454	Hauterive (NE)	-2	-0.7783615489
6455	Le Landeron	-2	-0.4454342984
6456	Lignières	3	3.1529164477
6458	Neuchâtel	45	1.3319323378
6459	Saint-Blaise	2	0.6138735421
6461	La Tène	15	3.1065548307
6485	Valangin	2	4.0941658137
6487	Val-de-Ruz	61	3.7465835457
6504	La Côte-aux-Fées	-4	-8.4477296727
6511	Les Verrières	1	1.4064697609
6512	Val-de-Travers	-31	-2.8500505654
6601	Aire-la-Ville	7	6.1701189952
6602	Anières	27	11.3732097725
6603	Avully	19	10.7193229901
6604	Avusy	7	4.8678720445
6605	Bardonnex	12	5.3811659193
6606	Bellevue	24	7.4039796391
6607	Bernex	39	3.9854887333
6608	Carouge (GE)	71	3.4183919114
6609	Cartigny	2	2.310803004
6610	Céligny	4	5.9701492537
6611	Chancy	17	11.7565698479
6612	Chêne-Bougeries	-49	-4.523633678
6613	Chêne-Bourg	57	7.0244623822
6614	Choulex	6	5.5555555556
6615	Collex-Bossy	10	6.0096153846
6616	Collonge-Bellerive	17	2.2093703295
6617	Cologny	-7	-1.3890266892
6618	Confignon	1	0.2265005663
6619	Corsier (GE)	14	7.0017504376
6620	Dardagny	12	7.8895463511
6621	Genève	992	5.1382723595
6622	Genthod	12	4.3557168784
6623	Le Grand-Saconnex	55	4.5940527898
6624	Gy	1	2.0080321285
6625	Hermance	7	7.0742799394
6626	Jussy	5	4.0112314481
6627	Laconnex	3	4.8820179007
6628	Lancy	170	5.6413745043
6629	Meinier	9	4.3415340087
6630	Meyrin	156	7.1137052828
6631	Onex	46	2.5320636319
6632	Perly-Certoux	22	7.1836734694
6633	Plan-les-Ouates	49	4.7707136598
6634	Pregny-Chambésy	-6	-1.6766801733
6635	Presinge	-10	-15.503875969
6636	Puplinge	5	2.4437927664
6637	Russin	4	8.0240722166
6638	Satigny	29	7.2699924793
6639	Soral	-8	-10.6241699867
6640	Thônex	66	4.7607025643
6641	Troinex	13	5.6228373702
6642	Vandoeuvres	-1	-0.3894080997
6643	Vernier	238	6.9274653627
6644	Versoix	14	1.073701971
6645	Veyrier	-38	-3.4865583999
6702	Boécourt	-1	-1.1210762332
6703	Bourrignon	-2	-7.5187969925
6704	Châtillon (JU)	0	0
6705	Corban	1	2.1574973031
6706	Courchapoix	4	9.5238095238
6708	Courrendlin	12	4.39238653
6709	Courroux	-3	-0.9526833916
6710	Courtételle	30	11.9402985075
6711	Delémont	12	0.9728020753
6712	Develier	1	0.705716302
6713	Ederswiler	-1	-8.5836909871
6715	Mervelier	1	1.9029495718
6716	Mettembert	1	9.2165898618
6718	Movelier	-3	-7.9155672823
6719	Pleigne	-4	-11.0041265475
6720	Rebeuvelier	-1	-2.5974025974
6721	Rossemaison	1	1.6764459346
6722	Saulcy	2	7.7369439072
6724	Soyhières	0	0
6728	Vellerat	1	13.6054421769
6729	Haute-Sorne	26	3.7900874636
6730	Val Terbi	9	3.4233548878
6741	Le Bémont (JU)	-2	-6.3391442155
6742	Les Bois	1	0.8561643836
6743	Les Breuleux	-3	-2.0442930153
6744	La Chaux-des-Breuleux	1	10.2040816327
6745	Les Enfers	0	0
6748	Les Genevez (JU)	0	0
6750	Lajoux (JU)	0	0
6751	Montfaucon	-4	-6.8551842331
6753	Muriaux	5	10.2354145343
6754	Le Noirmont	0	0
6757	Saignelégier	-4	-1.5658641613
6758	Saint-Brais	0	0
6759	Soubey	-2	-14.3884892086
6771	Alle	-2	-1.1517420098
6773	Beurnevésin	-2	-15.6862745098
6774	Boncourt	-9	-7.2434607646
6775	Bonfol	-5	-7.342143906
6778	Bure	2	2.9498525074
6781	Coeuve	-2	-2.8348688873
6782	Cornol	5	5.0403225806
6783	Courchavon	1	3.3898305085
6784	Courgenay	2	0.8926578889
6785	Courtedoux	-9	-12
6787	Damphreux	1	5.5555555556
6789	Fahy	-3	-8.4507042254
6790	Fontenais	0	0
6792	Grandfontaine	1	2.5940337224
6793	Lugnez	2	10.498687664
6800	Porrentruy	-8	-1.178376786
6803	Rocourt	-1	-6.2695924765
6806	Vendlincourt	-10	-18.115942029
6807	Basse-Allaine	0	0
6808	Clos du Doubs	-6	-4.6136101499
6809	Haute-Ajoie	-9	-9.2687950566
6810	La Baroche	-5	-4.268032437
