Regions-ID	Regionsname	Anteil der zupendelnden Erwerbstätigen an den in der Gemeinde arbeitenden Erwerbstätigen in %
1	Aeugst am Albis	47.6997578692
2	Affoltern am Albis	59.7779509155
3	Bonstetten	48.2213438735
4	Hausen am Albis	42.0206659013
5	Hedingen	69.7986577181
6	Kappel am Albis	40.7843137255
7	Knonau	51.7711171662
8	Maschwanden	28.9473684211
9	Mettmenstetten	47.3080317741
10	Obfelden	48.5554520037
11	Ottenbach	48.6206896552
12	Rifferswil	41.0112359551
13	Stallikon	58.6294416244
14	Wettswil am Albis	58.2524271845
21	Adlikon	36.301369863
22	Benken (ZH)	42.4242424242
23	Berg am Irchel	28.2608695652
24	Buch am Irchel	30.2631578947
25	Dachsen	59.5505617978
26	Dorf	32.0610687023
27	Feuerthalen	67.3327541268
28	Flaach	52.4253731343
29	Flurlingen	63.2653061224
30	Andelfingen	70.4566635601
31	Henggart	57.6923076923
32	Humlikon	50.3355704698
33	Kleinandelfingen	57.8064516129
34	Laufen-Uhwiesen	41.958041958
35	Marthalen	60.6976744186
36	Oberstammheim	43.4210526316
37	Ossingen	48.9260143198
38	Rheinau	61.7196702002
39	Thalheim an der Thur	35.7142857143
40	Trüllikon	36.9963369963
41	Truttikon	41.6666666667
42	Unterstammheim	46.6850828729
43	Volken	22
44	Waltalingen	16.8831168831
51	Bachenbülach	80.0673400673
52	Bassersdorf	72.018199545
53	Bülach	63.8349514563
54	Dietlikon	85.3642048335
55	Eglisau	58.419792498
56	Embrach	59.2333434743
57	Freienstein-Teufen	50.9719222462
58	Glattfelden	35.0129198966
59	Hochfelden	51.768488746
60	Höri	72.6503759399
61	Hüntwangen	58.2352941176
62	Kloten	84.8829121261
63	Lufingen	53.4482758621
64	Nürensdorf	50.1632208923
65	Oberembrach	33.3333333333
66	Opfikon	87.5763747454
67	Rafz	45.4468085106
68	Rorbas	58.2608695652
69	Wallisellen	82.2911413683
70	Wasterkingen	17.2839506173
71	Wil (ZH)	53.9408866995
72	Winkel	46.204620462
81	Bachs	46.4788732394
82	Boppelsen	36.9230769231
83	Buchs (ZH)	74.5062836625
84	Dällikon	78.0871127077
85	Dänikon	57.9710144928
86	Dielsdorf	73.4393404005
87	Hüttikon	46.1038961039
88	Neerach	42.3913043478
89	Niederglatt	63.2730732636
90	Niederhasli	54.6983758701
91	Niederweningen	64.4104803493
92	Oberglatt	58.2368655387
93	Oberweningen	56
94	Otelfingen	86.1409239384
95	Regensberg	59.2814371257
96	Regensdorf	67.7223719677
97	Rümlang	81.7492963845
98	Schleinikon	39.6396396396
99	Schöfflisdorf	56.4575645756
100	Stadel	38.9705882353
101	Steinmaur	51.7509727626
102	Weiach	55.6390977444
111	Bäretswil	37.0544090056
112	Bubikon	64.849187935
113	Dürnten	47.1030850263
114	Fischenthal	38.3838383838
115	Gossau (ZH)	48.6099410278
116	Grüningen	60.2896341463
117	Hinwil	64.326957777
118	Rüti (ZH)	58.6334256694
119	Seegräben	56.3106796117
120	Wald (ZH)	35.6477017036
121	Wetzikon (ZH)	62.9300172461
131	Adliswil	59.6730245232
132	Hirzel	52.3052464229
133	Horgen	56.1042360781
134	Hütten	32.4175824176
135	Kilchberg (ZH)	72.9380686821
136	Langnau am Albis	47.7951635846
137	Oberrieden	50.2288329519
138	Richterswil	52.7496159754
139	Rüschlikon	74.8071979434
140	Schönenberg (ZH)	39.4557823129
141	Thalwil	60.8503589177
142	Wädenswil	51.8997668998
151	Erlenbach (ZH)	63.5008282717
152	Herrliberg	41.6884247171
153	Hombrechtikon	56.1824324324
154	Küsnacht (ZH)	55.5851654453
155	Männedorf	61.9537990537
156	Meilen	61.562731997
157	Oetwil am See	61.7989417989
158	Stäfa	55.8455114823
159	Uetikon am See	55.4281861092
160	Zumikon	58.9846359385
161	Zollikon	68.3427192277
171	Bauma	44.544198895
172	Fehraltorf	68.4806269047
173	Hittnau	42.8961748634
174	Illnau-Effretikon	56.5725047081
175	Kyburg	44.4444444444
176	Lindau	70.6777996071
177	Pfäffikon	56.346749226
178	Russikon	44.1478439425
179	Sternenberg	23.9669421488
180	Weisslingen	46.6135458167
181	Wila	48.0286738351
182	Wildberg	20.1058201058
191	Dübendorf	72.6222094609
192	Egg	54.9257759784
193	Fällanden	70.8925750395
194	Greifensee	65.438108484
195	Maur	49.0603363007
196	Mönchaltorf	60.6542056075
197	Schwerzenbach	85.9099099099
198	Uster	56.4004292503
199	Volketswil	74.9777084262
200	Wangen-Brüttisellen	75.049833887
211	Altikon	17.96875
212	Bertschikon	44.7272727273
213	Brütten	38.0327868852
214	Dägerlen	43.1578947368
215	Dättlikon	36.4485981308
216	Dinhard	43.5215946844
217	Elgg	50.6666666667
218	Ellikon an der Thur	63.8888888889
219	Elsau	49.2734478203
220	Hagenbuch	35.807860262
221	Hettlingen	59.0443686007
222	Hofstetten bei Elgg	27.2727272727
223	Neftenbach	55.6962025316
224	Pfungen	52.7910685805
225	Rickenbach (ZH)	38.2352941176
226	Schlatt (ZH)	22.8187919463
227	Seuzach	64.1845591594
228	Turbenthal	43.4782608696
229	Wiesendangen	44.3671766342
230	Winterthur	46.4668688064
231	Zell (ZH)	45.6711675933
241	Aesch bei Birmensdorf	57.3943661972
242	Birmensdorf (ZH)	59.989539749
243	Dietikon	74.2375724306
244	Geroldswil	69.5201037613
245	Oberengstringen	59.5047341588
246	Oetwil an der Limmat	38.6581469649
247	Schlieren	83.2073954984
248	Uitikon	51.8640350877
249	Unterengstringen	66.4948453608
250	Urdorf	78.6564776968
251	Weiningen (ZH)	71.8398876404
261	Zürich	55.1937971223
301	Aarberg	64.1151951497
302	Bargen (BE)	45.871559633
303	Grossaffoltern	28.125
304	Kallnach	52.786377709
305	Kappelen	46.3636363636
306	Lyss	60.4273504274
307	Meikirch	39.2996108949
308	Niederried bei Kallnach	12.5
309	Radelfingen	24.3027888446
310	Rapperswil (BE)	36.4421416235
311	Schüpfen	41.755888651
312	Seedorf (BE)	41.3867822319
321	Aarwangen	51.3692946058
322	Auswil	25.9541984733
323	Bannwil	26.8656716418
324	Bleienbach	78.0740740741
325	Busswil bei Melchnau	18.3673469388
326	Gondiswil	26.2295081967
327	Gutenburg	43.3333333333
328	Kleindietwil	46.9273743017
329	Langenthal	60.9884041966
330	Leimiswil	39.8773006135
331	Lotzwil	57.5117370892
332	Madiswil	44.5040214477
333	Melchnau	42.474916388
334	Obersteckholz	20.253164557
335	Oeschenbach	21.9512195122
336	Reisiswil	9.2592592593
337	Roggwil (BE)	55.9147685525
338	Rohrbach	57.2854291417
339	Rohrbachgraben	20
340	Rütschelen	15
341	Schwarzhäusern	38.5416666667
342	Thunstetten	73.9469578783
343	Untersteckholz	21.7391304348
344	Ursenbach	53.9024390244
345	Wynau	48.4412470024
351	Bern	63.5266952547
352	Bolligen	62.0541205412
353	Bremgarten bei Bern	44.0766550523
354	Kirchlindach	51.2422360248
355	Köniz	62.5857187795
356	Muri bei Bern	73.1061713951
357	Oberbalm	12.6168224299
358	Stettlen	63.3995037221
359	Vechigen	37.0165745856
360	Wohlen bei Bern	36.524822695
361	Zollikofen	76.5085388994
362	Ittigen	80.5575935437
363	Ostermundigen	70.7895149898
371	Biel (BE)	52.038263429
372	Evilard	56.0330578512
381	Arch	51.1463844797
382	Büetigen	34.7517730496
383	Büren an der Aare	55.4785894207
384	Busswil bei Büren	58.8235294118
385	Diessbach bei Büren	48.3636363636
386	Dotzigen	60.6995884774
387	Lengnau (BE)	52.0420792079
388	Leuzigen	28.8617886179
389	Meienried	21.4285714286
390	Meinisberg	42.0408163265
391	Oberwil bei Büren	32.0197044335
392	Pieterlen	53.7037037037
393	Rüti bei Büren	52.8813559322
394	Wengi	21.0526315789
401	Aefligen	60.7142857143
402	Alchenstorf	34.0909090909
403	Bäriswil	35.2564102564
404	Burgdorf	62.8945342571
405	Ersigen	39.4557823129
406	Hasle bei Burgdorf	52.068617558
407	Heimiswil	22
408	Hellsau	71.186440678
409	Hindelbank	54.6125461255
410	Höchstetten	37.2093023256
411	Kernenried	27.7777777778
412	Kirchberg (BE)	64.1802951735
413	Koppigen	50.7142857143
414	Krauchthal	34.0677966102
415	Lyssach	82.058287796
416	Mötschwil	23.0769230769
417	Niederösch	16.6666666667
418	Oberburg	63.6709824829
419	Oberösch	8
420	Rüdtligen-Alchenflüh	56.8527918782
421	Rumendingen	40.3361344538
422	Rüti bei Lyssach	3.8461538462
423	Willadingen	27.027027027
424	Wynigen	29.0519877676
431	Corgémont	41.8367346939
432	Cormoret	40.6779661017
433	Cortébert	23.7037037037
434	Courtelary	58.0310880829
435	La Ferrière	39.3258426966
436	La Heutte	38.3561643836
437	Mont-Tramelan	6.6666666667
438	Orvin	46.3800904977
439	Péry	54.1966426859
440	Plagne	20.6896551724
441	Renan (BE)	37.2294372294
442	Romont (BE)	31.1111111111
443	Saint-Imier	51.2993948024
444	Sonceboz-Sombeval	76.1032472939
445	Sonvilier	28.0303030303
446	Tramelan	34.6983951301
447	Vauffelin	46.9135802469
448	Villeret	72.0982142857
491	Brüttelen	47.2103004292
492	Erlach	46.7672413793
493	Finsterhennen	22.8571428571
494	Gals	51.9174041298
495	Gampelen	59.4847775176
496	Ins	45.9080280592
497	Lüscherz	32.5203252033
498	Müntschemier	46.1788617886
499	Siselen	20.9580838323
500	Treiten	7.8260869565
501	Tschugg	68.5185185185
502	Vinelz	35.3260869565
531	Ballmoos	7.1428571429
532	Bangerten	19.0476190476
533	Bätterkinden	42.7972027972
534	Büren zum Hof	23.5294117647
535	Deisswil bei Münchenbuchsee	46.1538461538
536	Diemerswil	13.6363636364
537	Etzelkofen	15
538	Fraubrunnen	60.6170598911
539	Grafenried	40.2684563758
540	Jegenstorf	66.2014563107
541	Iffwil	28.1553398058
542	Limpach	31.3725490196
543	Mattstetten	50.3703703704
544	Moosseedorf	86.5174825175
545	Mülchi	15.2173913043
546	Münchenbuchsee	64.4902059267
547	Münchringen	42.6829268293
548	Ruppoldsried	11.5384615385
549	Schalunen	28.2051282051
550	Scheunen	14.2857142857
551	Urtenen	73.7325495959
552	Utzenstorf	55.3940749022
553	Wiggiswil	27.6595744681
554	Wiler bei Utzenstorf	68.8
555	Zauggenried	13.5593220339
556	Zielebach	8.8235294118
557	Zuzwil (BE)	23.2876712329
561	Adelboden	12.1343445287
562	Aeschi bei Spiez	38.6511024643
563	Frutigen	29.2009207498
564	Kandergrund	21.8340611354
565	Kandersteg	28.3171521036
566	Krattigen	44.8412698413
567	Reichenbach im Kandertal	29.1288566243
571	Beatenberg	22.9927007299
572	Bönigen	47.7237048666
573	Brienz (BE)	37.5551354757
574	Brienzwiler	34.5238095238
575	Därligen	53.6231884058
576	Grindelwald	16.8093385214
577	Gsteigwiler	49.0196078431
578	Gündlischwand	61.0687022901
579	Habkern	5.1428571429
580	Hofstetten bei Brienz	35.2272727273
581	Interlaken	71.2156731413
582	Iseltwald	27.8145695364
584	Lauterbrunnen	20.8092485549
585	Leissigen	45.2755905512
586	Lütschental	27.1186440678
587	Matten bei Interlaken	56.8844221106
588	Niederried bei Interlaken	36.9230769231
589	Oberried am Brienzersee	53.0612244898
590	Ringgenberg (BE)	38.904494382
591	Saxeten	13.6363636364
592	Schwanden bei Brienz	28.3950617284
593	Unterseen	53.8535184299
594	Wilderswil	45.7317073171
601	Aeschlen	27.9569892473
602	Arni (BE)	15.1162790698
603	Biglen	57.1014492754
604	Bleiken bei Oberdiessbach	19.696969697
605	Bowil	38.0697050938
606	Brenzikofen	56.1643835616
607	Freimettigen	13.3333333333
608	Grosshöchstetten	51.7377567141
609	Häutligen	25.4545454545
610	Herbligen	33.6633663366
611	Kiesen	62.4505928854
612	Konolfingen	59.1370558376
613	Landiswil	14.6464646465
614	Linden	21.8225419664
615	Mirchel	34.1666666667
616	Münsingen	58.6376917458
617	Niederhünigen	30.8641975309
618	Niederwichtrach	37.4429223744
619	Oberdiessbach	62.3974763407
620	Oberthal	23.2
621	Oberwichtrach	57.7304964539
622	Oppligen	48.9361702128
623	Rubigen	60.1705237515
624	Schlosswil	47.0588235294
625	Tägertschi	45.7364341085
626	Walkringen	48.9646772229
627	Worb	51.014254386
628	Zäziwil	42.6108374384
629	Oberhünigen	9.3333333333
630	Allmendingen	54.6961325967
631	Trimstein	26.4462809917
661	Clavaleyres	6.25
662	Ferenbalm	36.2017804154
663	Frauenkappelen	64.4186046512
664	Golaten	26.724137931
665	Gurbrü	20
666	Kriechenwil	31.3131313131
667	Laupen	62.8747117602
668	Mühleberg	48.1178396072
669	Münchenwiler	48.4126984127
670	Neuenegg	52.9488859764
671	Wileroltigen	18.9873417722
681	Belprahon	63.5416666667
682	Bévilard	56.4759036145
683	Champoz	26.1904761905
684	Châtelat	12.5
687	Corcelles (BE)	22.5
690	Court	48.6129458388
691	Crémines	53.5714285714
692	Eschert	52.4475524476
694	Grandval	29.0322580645
696	Loveresse	62.2222222222
697	Malleray	49.1251682369
699	Monible	20
700	Moutier	46.0518134715
701	Perrefitte	30.2325581395
702	Pontenet	57.6923076923
703	Reconvilier	51.9557823129
704	Roches (BE)	49.2957746479
706	Saicourt	59.7911227154
707	Saules (BE)	12.5
708	Schelten	11.1111111111
709	Seehof	17.2413793103
710	Sornetan	30.6451612903
711	Sorvilier	24.2424242424
712	Souboz	14.2857142857
713	Tavannes	49.5160089352
715	Rebévelier	0
721	Diesse	47.1074380165
722	Lamboing	32.0610687023
723	La Neuveville	52.841280209
724	Nods	18.8811188811
725	Prêles	41.4414414414
731	Aegerten	61.4485981308
732	Bellmund	57.0093457944
733	Brügg	83.2566168009
734	Bühl	14.7058823529
735	Epsach	14.8936170213
736	Hagneck	41.3043478261
737	Hermrigen	40
738	Jens	22.2222222222
739	Ipsach	56.5008025682
740	Ligerz	29.6
741	Merzligen	17.0212765957
742	Mörigen	37.5
743	Nidau	75.2471751412
744	Orpund	65.0121065375
745	Port	69.3094629156
746	Safnern	59.934318555
747	Scheuren	64.0449438202
748	Schwadernau	66.9724770642
749	Studen	70.4946996466
750	Sutz-Lattrigen	65.4794520548
751	Täuffelen	49.6007984032
752	Tüscherz-Alfermée	24.4444444444
753	Twann	42.8571428571
754	Walperswil	25.4054054054
755	Worben	70.0945626478
761	Därstetten	25.8741258741
762	Diemtigen	27.2215973003
763	Erlenbach im Simmental	38.5611510791
764	Niederstocken	30.7692307692
765	Oberstocken	23.0769230769
766	Oberwil im Simmental	10.3202846975
767	Reutigen	35.2941176471
768	Spiez	48.555736371
769	Wimmis	63.3840644584
781	Gadmen	10.447761194
782	Guttannen	13.3333333333
783	Hasliberg	22.8243021346
784	Innertkirchen	44.6540880503
785	Meiringen	35.5563234278
786	Schattenhalb	46.5517241379
791	Boltigen	13.5135135135
792	Lenk	20.1201201201
793	St. Stephan	20.6161137441
794	Zweisimmen	29.5685279188
841	Gsteig	19.298245614
842	Lauenen	14.8026315789
843	Saanen	21.9121782392
851	Albligen	24.0384615385
852	Guggisberg	12.8964059197
853	Rüschegg	25.9259259259
854	Wahlern	35.1223074115
861	Belp	58.0037664783
862	Belpberg	10.8910891089
863	Burgistein	53.7216828479
864	Englisberg	66.4864864865
865	Gelterfingen	32.8947368421
866	Gerzensee	40.9937888199
867	Gurzelen	27.4390243902
868	Jaberg	65.1515151515
869	Kaufdorf	40.1129943503
870	Kehrsatz	64.8414985591
871	Kienersrüti	0
872	Kirchdorf (BE)	39.1111111111
873	Kirchenthurnen	42.6470588235
874	Lohnstorf	32.7586206897
875	Mühledorf (BE)	30
876	Mühlethurnen	41.5384615385
877	Niedermuhlern	26.6666666667
878	Noflen	14.0625
879	Riggisberg	54.5300592718
880	Rüeggisberg	18.3486238532
881	Rümligen	36.6666666667
882	Rüti bei Riggisberg	36.9565217391
883	Seftigen	45.9627329193
884	Toffen	53.4798534799
885	Uttigen	35.873015873
886	Wattenwil	43.5845213849
887	Zimmerwald	48.5549132948
901	Eggiwil	23.2704402516
902	Langnau im Emmental	47.7558348294
903	Lauperswil	44.9144008056
904	Röthenbach im Emmental	15.6657963446
905	Rüderswil	37.0786516854
906	Schangnau	12.2194513716
907	Signau	37.1584699454
908	Trub	14.9606299213
909	Trubschachen	54.8387096774
921	Amsoldingen	27.8571428571
922	Blumenstein	42.3772609819
923	Buchholterberg	25.7731958763
924	Eriz	9.9290780142
925	Fahrni	17.0068027211
926	Forst	19.5652173913
927	Heiligenschwendi	51.269035533
928	Heimberg	65.1585623679
929	Hilterfingen	56.8565400844
930	Höfen	20.253164557
931	Homberg	17.3228346457
932	Horrenbach-Buchen	21.8181818182
933	Längenbühl	25.7425742574
934	Oberhofen am Thunersee	51.0033444816
935	Oberlangenegg	32.8358208955
936	Pohlern	25.4901960784
937	Schwendibach	33.3333333333
938	Sigriswil	26.7625899281
939	Steffisburg	57.1247892074
940	Teuffenthal (BE)	27.027027027
941	Thierachern	43.5261707989
942	Thun	52.8195723753
943	Uebeschi	21.875
944	Uetendorf	61.9289340102
945	Unterlangenegg	36.8421052632
946	Wachseldorn	21.3333333333
947	Zwieselberg	13.6363636364
951	Affoltern im Emmental	39.7748592871
952	Dürrenroth	24.3697478992
953	Eriswil	20.054200542
954	Huttwil	45.0751879699
955	Lützelflüh	43.3869839048
956	Rüegsau	44.6168768186
957	Sumiswald	34.8862019915
958	Trachselwald	16.6666666667
959	Walterswil (BE)	9.5541401274
960	Wyssachen	31.5165876777
971	Attiswil	35.5769230769
972	Berken	54.8387096774
973	Bettenhausen	20.6349206349
974	Bollodingen	50.6666666667
975	Farnern	26.0869565217
976	Graben	20.6896551724
977	Heimenhausen	20.2702702703
978	Hermiswil	55.5555555556
979	Herzogenbuchsee	63.7554585153
980	Inkwil	46.4285714286
981	Niederbipp	52.9123237278
982	Niederönz	77.1468144044
983	Oberbipp	50.9661835749
984	Oberönz	56
985	Ochlenberg	7.5949367089
986	Röthenbach bei Herzogenbuchsee	34.3434343434
987	Rumisberg	7.8125
988	Seeberg	26.5027322404
989	Thörigen	53.4090909091
990	Walliswil bei Niederbipp	47.1698113208
991	Walliswil bei Wangen	33.0188679245
992	Wangen an der Aare	61.5053763441
993	Wangenried	49.5327102804
994	Wanzwil	27.397260274
995	Wiedlisbach	59.629941127
996	Wolfisberg	28.5714285714
1001	Doppleschwand	19.4029850746
1002	Entlebuch	44.236395553
1003	Escholzmatt	28.173374613
1004	Flühli	17.8203240059
1005	Hasle (LU)	37.5
1006	Marbach (LU)	13.8964577657
1007	Romoos	11.5555555556
1008	Schüpfheim	36.2527716186
1009	Werthenstein	66.697761194
1021	Aesch (LU)	44.0729483283
1022	Altwis	44.6808510638
1023	Ballwil	50.3926701571
1024	Emmen	58.2572743584
1025	Ermensee	50
1026	Eschenbach (LU)	50.4871567759
1027	Gelfingen	29.7520661157
1028	Hämikon	20.4081632653
1029	Herlisberg	46.1538461538
1030	Hitzkirch	59.643539147
1031	Hochdorf	48.418549346
1032	Hohenrain	39.3767705382
1033	Inwil	54.779969651
1034	Lieli	5.7142857143
1035	Mosen	73.6842105263
1036	Müswangen	20.4545454545
1037	Rain	38.6454183267
1038	Retschwil	30.7692307692
1039	Römerswil	28.9036544851
1040	Rothenburg	70.7936507937
1041	Schongau	32.1585903084
1042	Sulz (LU)	19.512195122
1051	Adligenswil	60.2469135802
1052	Buchrain	64.245416079
1053	Dierikon	88.3691529709
1054	Ebikon	68.1810208735
1055	Gisikon	77.9569892473
1056	Greppen	27.6836158192
1057	Honau	66.6666666667
1058	Horw	54.9773151855
1059	Kriens	60.3042738465
1060	Littau	62.5870473538
1061	Luzern	64.1255272106
1062	Malters	43.695479778
1063	Meggen	45.7943925234
1064	Meierskappel	45.8483754513
1065	Root	70.0147710487
1066	Schwarzenberg	17.7710843373
1067	Udligenswil	36.4089775561
1068	Vitznau	25.7062146893
1069	Weggis	30.407740152
1081	Beromünster	52.9821073559
1082	Büron	61.1688311688
1083	Buttisholz	52.1634615385
1084	Eich	50.1319261214
1085	Geuensee	44.6502057613
1086	Grosswangen	35.586061246
1087	Gunzwil	32.1792260692
1088	Hildisrieden	39.347826087
1089	Knutwil	51.1583011583
1090	Kulmerau	15.1515151515
1091	Mauensee	40.9482758621
1092	Neudorf	37.6068376068
1093	Neuenkirch	50.5248744865
1094	Nottwil	63.1680618158
1095	Oberkirch	55.5236728838
1096	Pfeffikon	72.65917603
1097	Rickenbach (LU)	36.1308677098
1098	Ruswil	33.9277334585
1099	Schenkon	50.3389830508
1100	Schlierbach	12.2807017544
1101	Schwarzenbach	20.4545454545
1102	Sempach	51.1666666667
1103	Sursee	72.0517683811
1104	Triengen	52.7985074627
1105	Wilihof	34.2465753425
1106	Winikon	47.2868217054
1107	Wolhusen	58.4687767323
1121	Alberswil	29.8969072165
1122	Altbüron	40.2739726027
1123	Altishofen	75.6513926325
1124	Buchs (LU)	32.4324324324
1125	Dagmersellen	58.1039755352
1126	Ebersecken	19.4915254237
1127	Egolzwil	59.3350383632
1128	Ettiswil	41.6520210896
1129	Fischbach	19.696969697
1130	Gettnau	58.0213903743
1131	Grossdietwil	30.9352517986
1132	Hergiswil bei Willisau	17.9047619048
1133	Kottwil	29.5918367347
1134	Langnau bei Reiden	62.109375
1135	Luthern	18.8153310105
1136	Menznau	42.2150882825
1137	Nebikon	62.4045801527
1138	Ohmstal	29.2134831461
1139	Pfaffnau	50.7653061224
1140	Reiden	55.1447935921
1141	Richenthal	34.2657342657
1142	Roggliswil	26.6666666667
1143	Schötz	49.3690851735
1144	Uffikon	23.3333333333
1145	Ufhusen	32.8125
1146	Wauwil	44.5098039216
1147	Wikon	73.7254901961
1148	Willisau Land	53.2694475761
1149	Willisau Stadt	68.17971283
1150	Zell (LU)	55.6259904913
1201	Altdorf (UR)	59.0425531915
1202	Andermatt	28.2051282051
1203	Attinghausen	40.2027027027
1204	Bauen	39.7260273973
1205	Bürglen (UR)	44.3778110945
1206	Erstfeld	50.497677505
1207	Flüelen	56.9750367107
1208	Göschenen	41.1522633745
1209	Gurtnellen	42.5702811245
1210	Hospental	26.5306122449
1211	Isenthal	19.0789473684
1212	Realp	29.7872340426
1213	Schattdorf	60.530191458
1214	Seedorf (UR)	48.3116883117
1215	Seelisberg	15.4696132597
1216	Silenen	34.6774193548
1217	Sisikon	37.1428571429
1218	Spiringen	25.9259259259
1219	Unterschächen	14.6853146853
1220	Wassen	35.8585858586
1301	Einsiedeln	21.978021978
1311	Gersau	20.7936507937
1321	Feusisberg	51.3551077137
1322	Freienbach	63.8715860086
1323	Wollerau	62.4837732583
1331	Küssnacht am Rigi	39.8322013584
1341	Altendorf	61.1543747137
1342	Galgenen	47.1717171717
1343	Innerthal	26.4150943396
1344	Lachen	62.9566694987
1345	Reichenburg	46.8539325843
1346	Schübelbach	46.6226510919
1347	Tuggen	40.9039548023
1348	Vorderthal	21.6981132075
1349	Wangen (SZ)	53.0408006159
1361	Alpthal	14.1509433962
1362	Arth	35.7986326911
1363	Illgau	17.0588235294
1364	Ingenbohl	41.958041958
1365	Lauerz	33.0357142857
1366	Morschach	46.1187214612
1367	Muotathal	15.1332760103
1368	Oberiberg	23.1404958678
1369	Riemenstalden	0
1370	Rothenthurm	33.5294117647
1371	Sattel	20.8
1372	Schwyz	46.6645852846
1373	Steinen	44.2696629213
1374	Steinerberg	38.0530973451
1375	Unteriberg	21.5767634855
1401	Alpnach	44.8775055679
1402	Engelberg	18.4430512017
1403	Giswil	26.7409470752
1404	Kerns	27.9783393502
1405	Lungern	26.5508684864
1406	Sachseln	54.3823038397
1407	Sarnen	49.1595910587
1501	Beckenried	35.1063829787
1502	Buochs	44.2057291667
1503	Dallenwil	40.8817635271
1504	Emmetten	22.2950819672
1505	Ennetbürgen	45.488372093
1506	Ennetmoos	44.9064449064
1507	Hergiswil (NW)	60.8406158968
1508	Oberdorf (NW)	51.2784090909
1509	Stans	70.4876325088
1510	Stansstad	53.1628532974
1511	Wolfenschiessen	28.0373831776
1601	Betschwanden	52.7777777778
1602	Bilten	56.7647058824
1603	Braunwald	37.8548895899
1604	Diesbach (GL)	33.3333333333
1605	Elm	24.4382022472
1606	Engi	37.8378378378
1607	Ennenda	61.8618618619
1608	Filzbach	30.2884615385
1609	Glarus	62.5419664269
1610	Haslen	42.6229508197
1611	Hätzingen	53.6585365854
1612	Leuggelbach	63.2653061224
1613	Linthal	24.7787610619
1614	Luchsingen	50.303030303
1615	Matt	34.1614906832
1616	Mitlödi	63.4920634921
1617	Mollis	50
1618	Mühlehorn	50.9900990099
1619	Näfels	61.347384268
1620	Netstal	62.5235404896
1621	Nidfurn	29.0322580645
1622	Niederurnen	58.9140271493
1623	Oberurnen	48.6486486486
1624	Obstalden	23.2558139535
1625	Riedern	45.2702702703
1626	Rüti (GL)	25.8620689655
1627	Schwanden (GL)	59.739490823
1628	Schwändi	20
1629	Sool	43.4782608696
1701	Baar	67.7222992757
1702	Cham	70.7183026585
1703	Hünenberg	71.4415231188
1704	Menzingen	28.8372093023
1705	Neuheim	58.7167070218
1706	Oberägeri	35.838150289
1707	Risch	75.3098009763
1708	Steinhausen	73.3085176265
1709	Unterägeri	40.0865460268
1710	Walchwil	32.8395061728
1711	Zug	73.2898763862
2001	Aumont	31.0344827586
2002	Autavaux	20.6896551724
2003	Bollion	30.4347826087
2004	Bussy (FR)	36
2005	Châbles	31.8681318681
2007	Chapelle (Broye)	9.0909090909
2008	Châtillon (FR)	11.1111111111
2009	Cheiry	20.8333333333
2010	Cheyres	15.7894736842
2011	Cugy (FR)	30.3167420814
2012	Delley	25.641025641
2013	Domdidier	62.9600626468
2014	Dompierre (FR)	17.3076923077
2015	Estavayer-le-Lac	54.403202329
2016	Fétigny	33.9622641509
2017	Font	21.6216216216
2018	Forel (FR)	13.3333333333
2020	Frasses	17.6470588235
2022	Gletterens	43.5114503817
2023	Granges-de-Vesin	27.7777777778
2024	Léchelles	29.4871794872
2025	Lully (FR)	26.3157894737
2026	Mannens-Grandsivaz	25.2631578947
2027	Ménières	36.2068965517
2029	Montagny (FR)	41.6949152542
2031	Montbrelloz	24.3243243243
2032	Montet (Broye)	19.512195122
2033	Morens (FR)	10.7142857143
2034	Murist	27.358490566
2035	Nuvilly	18.1818181818
2036	Portalban	32.5
2037	Praratoud	0
2038	Prévondavaux	6.25
2039	Rueyres-les-Prés	17.1428571429
2040	Russy	15.3846153846
2041	Saint-Aubin (FR)	44.6875
2042	Seiry	30.7692307692
2043	Sévaz	71.2765957447
2044	Surpierre	42.6229508197
2045	Vallon	27.2727272727
2046	Vesin	38
2047	Villeneuve (FR)	62
2049	Vuissens	19.2307692308
2061	Auboranges	26.6666666667
2062	Berlens	11.1111111111
2063	Billens-Hennens	76.1557177616
2064	Bionnens	0
2066	Chapelle (Glâne)	8.6956521739
2067	Le Châtelard	8.6419753086
2068	Châtonnaye	28.0373831776
2069	Chavannes-les-Forts	24.0506329114
2070	Chavannes-sous-Orsonnens	8.3333333333
2071	Les Ecasseys	41.1764705882
2072	Ecublens (FR)	22.5352112676
2074	Esmonts	13.6363636364
2075	Estévenens	31.7073170732
2077	Gillarens	27.7777777778
2079	Grangettes	11.7647058824
2081	La Joux (FR)	11.6504854369
2082	Lieffrens	9.0909090909
2083	Lussy (FR)	34.8484848485
2085	La Magne	13.3333333333
2086	Massonnens	14.2857142857
2087	Mézières (FR)	31.8181818182
2088	Middes	12.9032258065
2089	Montet (Glâne)	22.2222222222
2091	Mossel	20
2092	La Neirigue	16.6666666667
2093	Orsonnens	55.7971014493
2094	Prez-vers-Siviriez	35.4430379747
2095	Promasens	35.2941176471
2096	Romont (FR)	61.4207650273
2097	Rue	16.8316831683
2099	Siviriez	44.6366782007
2100	Sommentier	2.6315789474
2101	Torny-le-Grand	25.4545454545
2102	Ursy	72.520661157
2103	Vauderens	51.6393442623
2105	Villaraboud	15.7894736842
2107	Villargiroud	25.4545454545
2108	Villariaz	2.2222222222
2109	Villarimboud	21.3483146067
2110	Villarsiviriaux	15.1515151515
2111	Villaz-Saint-Pierre	58.0985915493
2112	Vuarmarens	22
2113	Vuisternens-devant-Romont	41.5384615385
2121	Albeuve	40.099009901
2122	Avry-devant-Pont	65.5172413793
2123	Botterens	36.5384615385
2124	Broc	61.0309278351
2125	Bulle	60.2691131498
2126	Cerniat (FR)	19.1176470588
2127	Charmey	36.7479674797
2128	Châtel-sur-Montsalvens	30.4347826087
2129	Corbières	49.4117647059
2130	Crésuz	25
2131	Echarlens	30.1075268817
2132	Enney	36.7924528302
2133	Estavannens	13.6363636364
2134	Grandvillard	25.8064516129
2135	Gruyères	56.7441860465
2136	Gumefens	50
2137	Hauteville	15.1515151515
2138	Jaun	11.9791666667
2139	Lessoc	18.75
2140	Marsens	70.7715133531
2141	Maules	12.7272727273
2142	Montbovon	38.8888888889
2143	Morlon	42.8571428571
2144	Neirivue	52.5
2145	Le Pâquier (FR)	32.3741007194
2146	Le Bry	21.568627451
2147	Pont-la-Ville	10.7142857143
2148	Riaz	65.8493870403
2149	La Roche	40.8577878104
2150	Romanens	9.3023255814
2151	Rueyres-Treyfayes	32.4324324324
2152	Sâles (Gruyère)	55.078125
2153	Sorens	36.4102564103
2154	La Tour-de-Trême	53.562005277
2155	Vaulruz	43.3198380567
2156	Villarbeney	13.3333333333
2158	Villars-sous-Mont	75.4545454545
2159	Villarvolard	11.7647058824
2160	Vuadens	45.5284552846
2161	Vuippens	33.3333333333
2171	Arconciel	21.6216216216
2172	Autafond	0
2173	Autigny	16.8224299065
2174	Avry-sur-Matran	84.015984016
2175	Belfaux	54.2372881356
2176	Bonnefontaine	41.1764705882
2177	Chénens	38.7096774194
2179	Chésopelloz	46.5517241379
2180	La Corbaz	13.0434782609
2181	Corjolens	23.0769230769
2182	Cormagens	71.6981132075
2183	Corminboeuf	62.8647214854
2184	Corpataux-Magnedens	26.0869565217
2185	Corserey	11.7647058824
2186	Cottens (FR)	51.5695067265
2188	Ecuvillens	62.7218934911
2189	Ependes (FR)	35.6756756757
2190	Essert (FR)	52.9411764706
2191	Estavayer-le-Gibloux	35.2941176471
2192	Farvagny	56.3071297989
2194	Ferpicloz	40
2196	Fribourg	60.761164479
2197	Givisiez	91.1180124224
2198	Granges-Paccot	88.2210373243
2200	Grolley	52.0512820513
2202	Lentigny	37.3493975904
2203	Lossy-Formangueires	39.7260273973
2204	Lovens	20
2206	Marly	61.3690007868
2208	Matran	81.25
2210	Montévraz	44.776119403
2211	Neyruz (FR)	33.7899543379
2213	Noréaz	47.4358974359
2214	Oberried (FR)	68.4210526316
2215	Onnens (FR)	44.4444444444
2216	Pierrafortscha	20
2217	Ponthaux	34.4444444444
2219	Posieux	76.4423076923
2220	Praroman	54.3859649123
2221	Prez-vers-Noréaz	22.5225225225
2222	Rossens (FR)	63.963963964
2223	Rueyres-Saint-Laurent	42.1052631579
2225	Senèdes	54.2857142857
2226	Treyvaux	44.6555819477
2227	Villarlod	60.9375
2228	Villars-sur-Glâne	78.9579158317
2229	Villarsel-le-Gibloux	25
2230	Villarsel-sur-Marly	11.1111111111
2231	Vuisternens-en-Ogoz	38.4105960265
2232	Zénauva	57.1428571429
2241	Agriswil	0
2243	Barberêche	35.0318471338
2244	Büchslen	55.3846153846
2247	Cordast	25.9259259259
2250	Courgevaux	71.9346049046
2251	Courlevon	13.7254901961
2253	Courtaman	57.6530612245
2254	Courtepin	71.1111111111
2257	Cressier (FR)	79.2452830189
2258	Fräschels	16.814159292
2259	Galmiz	53.5545023697
2260	Gempenach	25.7142857143
2261	Greng	34.8837209302
2262	Gurmels	38.6091127098
2263	Guschelmuth	33.8709677419
2264	Jeuss	47.8723404255
2265	Kerzers	50.2026635785
2266	Kleinbösingen	28
2269	Liebistorf	25
2270	Lurtigen	15.3846153846
2271	Meyriez	83.6
2272	Misery-Courtion	28.3105022831
2274	Muntelier	77.1084337349
2275	Murten	62.7456485121
2276	Ried bei Kerzers	47.2140762463
2277	Salvenach	20.4819277108
2278	Ulmiz	47.0198675497
2279	Villarepos	19.4805194805
2280	Bas-Vully	43.1962025316
2281	Haut-Vully	27.4193548387
2282	Wallenbuch	14.2857142857
2283	Wallenried	35
2291	Alterswil	39.1666666667
2292	Brünisried	40.4255319149
2293	Düdingen	54.7163898464
2294	Giffers	41.8181818182
2295	Bösingen	54.0685224839
2296	Heitenried	34.9090909091
2298	Oberschrot	47.2906403941
2299	Plaffeien	49.7899159664
2300	Plasselb	24.4604316547
2301	Rechthalten	27.485380117
2302	St. Antoni	34.2741935484
2303	St. Silvester	19.3103448276
2304	St. Ursen	38.8489208633
2305	Schmitten (FR)	62.0096352374
2306	Tafers	67.7170418006
2307	Tentlingen	58.9225589226
2308	Ueberstorf	25.6857855362
2309	Wünnewil-Flamatt	53.7283621838
2310	Zumholz	45.3333333333
2321	Attalens	41.4953271028
2322	Besencens	12.1212121212
2323	Bossonnens	50.3816793893
2324	Bouloz	12
2325	Châtel-Saint-Denis	52.2873022659
2326	Le Crêt	13.5416666667
2327	Fiaugères	0
2328	Granges (Veveyse)	77.7777777778
2329	Grattavache	44.1860465116
2330	Pont (Veveyse)	13.3333333333
2331	Porsel	18.9189189189
2332	Progens	24.4897959184
2333	Remaufens	34.4
2335	Saint-Martin (FR)	24.0963855422
2336	Semsales	33.6032388664
2401	Egerkingen	76.178556529
2402	Härkingen	88.0808080808
2403	Kestenholz	57.9564489112
2404	Neuendorf	83.1423895254
2405	Niederbuchsiten	74.3215031315
2406	Oberbuchsiten	58.1196581197
2407	Oensingen	71.0233297985
2408	Wolfwil	54.1258741259
2421	Aedermannsdorf	40.5594405594
2422	Balsthal	52.9598728645
2423	Gänsbrunnen	16.1290322581
2424	Herbetswil	45.4545454545
2425	Holderbank (SO)	47.311827957
2426	Laupersdorf	38.6111111111
2427	Matzendorf	38.6581469649
2428	Mümliswil-Ramiswil	23.7288135593
2429	Welschenrohr	29.8076923077
2441	Aetigkofen	21.1538461538
2442	Aetingen	40.5797101449
2443	Balm bei Messen	8.6956521739
2444	Bibern (SO)	29.4117647059
2445	Biezwil	29.2307692308
2446	Brügglen	13.7931034483
2447	Brunnenthal	19.2307692308
2449	Gossliwil	16.6666666667
2450	Hessigkofen	37.6811594203
2452	Küttigkofen	57.1428571429
2453	Kyburg-Buchegg	69.387755102
2454	Lüsslingen	75.0972762646
2455	Lüterkofen-Ichertswil	32.3943661972
2456	Lüterswil-Gächliwil	52.6315789474
2457	Messen	37.1794871795
2458	Mühledorf (SO)	50.3759398496
2459	Nennigkofen	47.4025974026
2460	Oberramsern	25
2461	Schnottwil	39.3939393939
2462	Tscheppach	37.7777777778
2463	Unterramsern	20.4545454545
2471	Bättwil	78.1893004115
2472	Büren (SO)	36.9426751592
2473	Dornach	63.4779083908
2474	Gempen	61.780104712
2475	Hochwald	27.2222222222
2476	Hofstetten-Flüh	56.1514195584
2477	Metzerlen	40.2714932127
2478	Nuglar-St. Pantaleon	25.786163522
2479	Rodersdorf	40.099009901
2480	Seewen	32.4074074074
2481	Witterswil	52.9411764706
2491	Hauenstein-Ifenthal	33.3333333333
2492	Kienberg	15.7407407407
2493	Lostorf	41.975308642
2494	Niedererlinsbach	60.7460035524
2495	Niedergösgen	52.7200791296
2496	Obererlinsbach	40.6060606061
2497	Obergösgen	55.6085918854
2498	Rohr (SO)	13.0434782609
2499	Stüsslingen	28.6486486486
2500	Trimbach	59.9459459459
2501	Winznau	58.8957055215
2502	Wisen (SO)	17.0731707317
2511	Aeschi (SO)	31.5533980583
2513	Biberist	62.0082207868
2514	Bolken	25.4901960784
2516	Deitingen	62.8923766816
2517	Derendingen	66.0869565217
2518	Etziken	67.3684210526
2519	Gerlafingen	63
2520	Halten	21.9512195122
2521	Heinrichswil-Winistorf	35.2272727273
2522	Hersiwil	39.3939393939
2523	Horriwil	45.251396648
2524	Hüniken	6.25
2525	Kriegstetten	68.691588785
2526	Lohn-Ammannsegg	64.6903820817
2527	Luterbach	67.277486911
2528	Obergerlafingen	58.5185185185
2529	Oekingen	21.6666666667
2530	Recherswil	47.1875
2531	Steinhof	19.0476190476
2532	Subingen	63.6726546906
2534	Zuchwil	72.0356991075
2541	Balm bei Günsberg	26.3157894737
2542	Bellach	67.4407353653
2543	Bettlach	58.32881172
2544	Feldbrunnen-St. Niklaus	60.9589041096
2545	Flumenthal	44.2176870748
2546	Grenchen	52.7365677626
2547	Günsberg	41.8410041841
2548	Hubersdorf	38.5542168675
2549	Kammersrohr	0
2550	Langendorf	72.1105527638
2551	Lommiswil	27.7486910995
2552	Niederwil (SO)	33.8461538462
2553	Oberdorf (SO)	45.2941176471
2554	Riedholz	73.3233979136
2555	Rüttenen	32.1585903084
2556	Selzach	65.7952069717
2571	Boningen	55.8441558442
2572	Däniken	76.1755485893
2573	Dulliken	58.674863388
2574	Eppenberg-Wöschnau	81.0055865922
2575	Fulenbach	49.3392070485
2576	Gretzenbach	61.9365609349
2578	Gunzgen	67.3684210526
2579	Hägendorf	70.0399467377
2580	Kappel (SO)	42.5742574257
2581	Olten	73.5132369868
2582	Rickenbach (SO)	86.9101978691
2583	Schönenwerd	66.2644544997
2584	Starrkirch-Wil	53.5714285714
2585	Walterswil (SO)	24.1379310345
2586	Wangen bei Olten	70.5056179775
2601	Solothurn	75.3620766488
2611	Bärschwil	28.1690140845
2612	Beinwil (SO)	16.3043478261
2613	Breitenbach	69.6492805755
2614	Büsserach	52.34375
2615	Erschwil	55.8394160584
2616	Fehren	35.3846153846
2617	Grindel	17.1428571429
2618	Himmelried	16.1616161616
2619	Kleinlützel	42.6356589147
2620	Meltingen	34.2857142857
2621	Nunningen	49.8554913295
2622	Zullwil	61.4814814815
2701	Basel	59.4860253525
2702	Bettingen	50.3464203233
2703	Riehen	52.9006677796
2761	Aesch (BL)	73.3463456951
2762	Allschwil	72.6468806784
2763	Arlesheim	71.861372504
2764	Biel-Benken	63.0221130221
2765	Binningen	72.2084367246
2766	Birsfelden	74.5933957615
2767	Bottmingen	78.0346820809
2768	Ettingen	52.2330097087
2769	Münchenstein	83.1107227562
2770	Muttenz	80.6525429985
2771	Oberwil (BL)	66.9317428761
2772	Pfeffingen	37.4429223744
2773	Reinach (BL)	72.3357503845
2774	Schönenbuch	65.7894736842
2775	Therwil	64.4075610881
2781	Blauen	54.0540540541
2782	Brislach	58.961038961
2783	Burg im Leimental	17.5
2784	Dittingen	60.1659751037
2785	Duggingen	74.2647058824
2786	Grellingen	66.9051878354
2787	Laufen	67.4065420561
2788	Liesberg	67.0788253478
2789	Nenzlingen	21.6666666667
2790	Roggenburg	12.1951219512
2791	Röschenz	39.0134529148
2792	Wahlen	33.3333333333
2793	Zwingen	72.0129171152
2821	Arisdorf	57.5431034483
2822	Augst	78.5223367698
2823	Bubendorf	69.7460831983
2824	Frenkendorf	67.1819262782
2825	Füllinsdorf	77.5366568915
2826	Giebenach	35.3982300885
2827	Hersberg	7.4074074074
2828	Lausen	64.5875251509
2829	Liestal	76.4980670103
2830	Lupsingen	25.3846153846
2831	Pratteln	74.5799565131
2832	Ramlinsburg	17.0731707317
2833	Seltisberg	46.0396039604
2834	Ziefen	54.6485260771
2841	Anwil	30
2842	Böckten	80.6878306878
2843	Buckten	46.8085106383
2844	Buus	19.3717277487
2845	Diepflingen	60.15625
2846	Gelterkinden	60.2721088435
2847	Häfelfingen	43.4782608696
2848	Hemmiken	7.5
2849	Itingen	82.2871883061
2850	Känerkinden	16.3265306122
2851	Kilchberg (BL)	33.3333333333
2852	Läufelfingen	48.5
2853	Maisprach	33.7078651685
2854	Nusshof	11.5384615385
2855	Oltingen	20
2856	Ormalingen	55.5555555556
2857	Rickenbach (BL)	17.4603174603
2858	Rothenfluh	27.2058823529
2859	Rümlingen	80.9338521401
2860	Rünenberg	33.0769230769
2861	Sissach	71.4326001128
2862	Tecknau	37.8378378378
2863	Tenniken	64.5901639344
2864	Thürnen	52.5490196078
2865	Wenslingen	33.5526315789
2866	Wintersingen	28.2608695652
2867	Wittinsburg	24.5901639344
2868	Zeglingen	20
2869	Zunzgen	52.0628683694
2881	Arboldswil	33.7209302326
2882	Bennwil	48.2352941176
2883	Bretzwil	38.7434554974
2884	Diegten	41.0468319559
2885	Eptingen	59.6551724138
2886	Hölstein	63.2152588556
2887	Lampenberg	16.393442623
2888	Langenbruck	28.0575539568
2889	Lauwil	34.328358209
2890	Liedertswil	57.3333333333
2891	Niederdorf	59.9496221662
2892	Oberdorf (BL)	63.2690541781
2893	Reigoldswil	47.7516059957
2894	Titterten	37.8640776699
2895	Waldenburg	69.3617021277
2901	Gächlingen	46.4
2902	Guntmadingen	27.5862068966
2903	Löhningen	36.8888888889
2904	Neunkirch	57.5712143928
2905	Osterfingen	36.7521367521
2911	Altdorf (SH)	24.4897959184
2912	Barzheim	2.8571428571
2913	Bibern (SH)	28.1690140845
2914	Büttenhardt	35.593220339
2915	Dörflingen	35.0364963504
2916	Hofen	54.1666666667
2917	Lohn (SH)	31.6239316239
2918	Opfertshofen (SH)	26.9230769231
2919	Stetten (SH)	42.2413793103
2920	Thayngen	58.3820224719
2931	Bargen (SH)	41.7721518987
2932	Beringen	77.5972427376
2933	Buchberg	35.838150289
2934	Hemmental	38.7755102041
2936	Merishausen	35.9649122807
2937	Neuhausen am Rheinfall	65.5780535598
2938	Rüdlingen	31.2883435583
2939	Schaffhausen	48.5472720478
2951	Beggingen	18.1034482759
2952	Schleitheim	41.0081743869
2953	Siblingen	28.8343558282
2961	Buch (SH)	19.6428571429
2962	Hemishofen	22.9885057471
2963	Ramsen	58.7563451777
2964	Stein am Rhein	55.3044569994
2971	Hallau	39.4655704008
2972	Oberhallau	20.1834862385
2973	Trasadingen	55.4455445545
2974	Wilchingen	39.7233201581
3001	Herisau	42.4713031735
3002	Hundwil	23.0519480519
3003	Schönengrund	50.7772020725
3004	Schwellbrunn	17.5487465181
3005	Stein (AR)	30.8823529412
3006	Urnäsch	28.4946236559
3007	Waldstatt	47.7537437604
3021	Bühler	49.8094027954
3022	Gais	33.4299516908
3023	Speicher	34.934086629
3024	Teufen (AR)	47.4267968057
3025	Trogen	53.114382786
3031	Grub (AR)	45.0199203187
3032	Heiden	50.1267962806
3033	Lutzenberg	39.6875
3034	Rehetobel	42.1338155515
3035	Reute (AR)	39.1304347826
3036	Wald (AR)	31.2741312741
3037	Walzenhausen	51.0164569216
3038	Wolfhalden	53.6098310292
3101	Appenzell	48.7696986453
3102	Gonten	26.5182186235
3103	Rüte	29.8550724638
3104	Schlatt-Haslen	12.8617363344
3105	Schwende	41.7439703154
3111	Oberegg	35.2517985612
3201	Häggenschwil	24.2753623188
3202	Muolen	36.6477272727
3203	St. Gallen	52.503177045
3204	Wittenbach	52.496099844
3211	Berg (SG)	22.4489795918
3212	Eggersriet	21.3296398892
3213	Goldach	56.3106796117
3214	Mörschwil	54.1353383459
3215	Rorschach	68.7759508387
3216	Rorschacherberg	56.3481675393
3217	Steinach	69.2617449664
3218	Tübach	72.2402597403
3219	Untereggen	36.9668246446
3231	Au (SG)	74.8999199359
3232	Balgach	72.5289706885
3233	Berneck	64.2365097589
3234	Diepoldsau	47.3939929329
3235	Rheineck	64.1252955083
3236	St. Margrethen	61.4079728584
3237	Thal	64.5060766594
3238	Widnau	56.8897637795
3251	Altstätten	49.8557327259
3252	Eichberg	33.2046332046
3253	Marbach (SG)	52.73556231
3254	Oberriet (SG)	41.8181818182
3255	Rebstein	45.4708520179
3256	Rüthi (SG)	61.7781851512
3271	Buchs (SG)	58.6408073163
3272	Gams	36.527621195
3273	Grabs	48.9723600283
3274	Sennwald	59.7573656846
3275	Sevelen	52.7926960258
3276	Wartau	48.5240807872
3291	Bad Ragaz	44.4854297307
3292	Flums	32.1185617104
3293	Mels	46.925772539
3294	Pfäfers	45.3772582359
3295	Quarten	24.4391971665
3296	Sargans	65.9618717504
3297	Vilters-Wangs	46.2519936204
3298	Walenstadt	32.4653739612
3311	Amden	7.1253071253
3312	Benken (SG)	44.6386946387
3313	Kaltbrunn	42.2844175492
3314	Rieden	22.3076923077
3315	Schänis	38.0829015544
3316	Weesen	47.1816283925
3331	Ernetschwil	30.1886792453
3332	Eschenbach (SG)	48.2617586912
3333	Goldingen	17.9577464789
3334	Gommiswald	40.0271370421
3335	Jona	54.5930949445
3336	Rapperswil (SG)	77.3576169162
3337	St. Gallenkappel	27.2727272727
3338	Schmerikon	58.4517045455
3339	Uznach	60.264714165
3351	Alt St. Johann	23.3231707317
3352	Ebnat-Kappel	32.8780487805
3354	Krummenau	49.2801771872
3355	Nesslau	32.9561527581
3356	Stein (SG)	23.4482758621
3357	Wildhaus	27.1875
3371	Brunnadern	46.6049382716
3372	Hemberg	18.2119205298
3373	Krinau	17.8571428571
3374	Lichtensteig	59.9315068493
3375	Oberhelfenschwil	40.0432900433
3376	St. Peterzell	34.4537815126
3377	Wattwil	43.5541629364
3391	Bütschwil	41.3292589763
3392	Kirchberg (SG)	42.4713584288
3393	Lütisburg	53.6332179931
3394	Mosnang	16.5458937198
3401	Degersheim	40.3744880047
3402	Flawil	42.8051948052
3403	Ganterschwil	42.1195652174
3405	Jonschwil	56.338028169
3406	Mogelsberg	33.5031847134
3407	Oberuzwil	52.8670447385
3408	Uzwil	56.9452887538
3421	Bronschhofen	63.672094329
3422	Niederbüren	54.5871559633
3423	Niederhelfenschwil	31.7039106145
3424	Oberbüren	63.3876906891
3425	Wil (SG)	62.2066413477
3426	Zuzwil (SG)	53.2567049808
3441	Andwil (SG)	66.2840746055
3442	Gaiserwald	47.7342945417
3443	Gossau (SG)	58.4449164281
3444	Waldkirch	35.1054078827
3501	Alvaschein	33.3333333333
3502	Mon	14.2857142857
3503	Mutten	19.2307692308
3504	Stierva	7.3170731707
3505	Tiefencastel	61.3756613757
3506	Vaz/Obervaz	26.5517241379
3511	Alvaneu	15.0442477876
3512	Brienz/Brinzauls	12.5
3513	Lantsch/Lenz	17.9310344828
3514	Schmitten (GR)	25.8064516129
3515	Surava	36.5853658537
3521	Bergün/Bravuogn	9.0909090909
3522	Filisur	21.327014218
3523	Wiesen (GR)	18.4466019417
3531	Bivio	18.6440677966
3532	Cunter	25
3533	Marmorera	16.6666666667
3534	Mulegns	0
3536	Riom-Parsonz	17.3333333333
3538	Salouf	30.1369863014
3539	Savognin	32.3481116585
3540	Sur	43.2432432432
3541	Tinizong-Rona	26.6055045872
3551	Brusio	49.3372606775
3561	Poschiavo	33.2358104154
3571	Castrisch	17.6470588235
3572	Falera	15.2317880795
3573	Flond	18.75
3574	Ilanz	60.5508474576
3575	Laax	45.0402144772
3576	Ladir	17.8571428571
3577	Luven	25
3578	Pitasch	4.5454545455
3579	Riein	13.3333333333
3580	Ruschein	13.5593220339
3581	Sagogn	16.3265306122
3582	Schluein	46.783625731
3583	Schnaus	35.7142857143
3584	Sevgein	18
3586	Valendas	23.8938053097
3587	Versam	25.9259259259
3591	Camuns	18.1818181818
3592	Cumbel	56.9105691057
3593	Duvin	15.3846153846
3594	Degen	22.3880597015
3595	Lumbrein	18.9189189189
3596	Morissen	13.5135135135
3598	St. Martin	0
3599	Surcasti	7.1428571429
3600	Surcuolm	30.8823529412
3601	Tersnaus	0
3602	Uors-Peiden	52
3603	Vals	10.1769911504
3604	Vignogn	10.8108108108
3605	Vella	40.5
3606	Vrin	13.7931034483
3611	Andiast	34.1772151899
3612	Obersaxen	9.2024539877
3613	Pigniu	0
3614	Rueun	24.0384615385
3615	Siat	9.5238095238
3616	Waltensburg/Vuorz	16.8224299065
3631	Almens	18.1818181818
3632	Feldis/Veulden	6.976744186
3633	Fürstenau	69.6
3634	Paspels	44.3298969072
3635	Pratval	25
3636	Rodels	36.7647058824
3637	Rothenbrunnen	67.0781893004
3638	Scharans	48.5185185185
3639	Scheid	4.347826087
3640	Sils im Domleschg	44.2231075697
3641	Trans	0
3642	Tumegl/Tomils	35.7142857143
3651	Safien	2.6086956522
3652	Tenna	0
3661	Cazis	54.5454545455
3662	Flerden	12.962962963
3663	Masein	23.2876712329
3664	Portein	0
3665	Präz	5.8823529412
3666	Sarn	15.9090909091
3667	Tartar	15.7894736842
3668	Thusis	55.737704918
3669	Tschappina	10.1449275362
3670	Urmein	10.5263157895
3681	Avers	12.1951219512
3691	Hinterrhein	17.8082191781
3692	Medels im Rheinwald	7.6923076923
3693	Nufenen	5.8823529412
3694	Splügen	18.6528497409
3695	Sufers	15.9090909091
3701	Andeer	30.9764309764
3702	Ausserferrera	10
3703	Casti-Wergenstein	16.6666666667
3704	Clugin	25
3705	Donath	37.0967741935
3706	Innerferrera	52.6315789474
3707	Lohn (GR)	0
3708	Mathon	10.5263157895
3709	Patzen-Fardün	0
3710	Pignia	9.0909090909
3711	Rongellen	6.25
3712	Zillis-Reischen	41.0071942446
3721	Bonaduz	48.5294117647
3722	Domat/Ems	48.7362050552
3723	Rhäzüns	40.6528189911
3731	Felsberg	37.5308641975
3732	Flims	28.7379972565
3733	Tamins	32.4909747292
3734	Trin	30.0751879699
3741	Ardez	14.406779661
3742	Guarda	17.5675675676
3743	Lavin	9.2307692308
3744	Susch	31.7073170732
3745	Tarasp	22.2929936306
3746	Zernez	22.4318658281
3751	Ramosch	28.6666666667
3752	Samnaun	50.5854800937
3753	Tschlin	40.099009901
3761	Ftan	24.3243243243
3762	Scuol	36.7721518987
3763	Sent	17.6079734219
3771	Bondo	58.5106382979
3773	Castasegna	33.8028169014
3774	Soglio	75.1243781095
3775	Stampa	48.3018867925
3776	Vicosoprano	51.5873015873
3781	Bever	31.330472103
3782	Celerina/Schlarigna	42.0984455959
3783	Madulain	29.7297297297
3784	Pontresina	28.2381829343
3785	La Punt-Chamues-ch	27.2
3786	Samedan	41.9369575148
3787	St. Moritz	35.696349237
3788	S-chanf	27.3224043716
3789	Sils im Engadin/Segl	40.7042253521
3790	Silvaplana	46.6458658346
3791	Zuoz	30.0163132137
3801	Arvigo	65.0793650794
3803	Braggio	4.7619047619
3804	Buseno	36.3636363636
3805	Castaneda	31.914893617
3806	Cauco	25
3808	Rossa	33.3333333333
3810	Santa Maria in Calanca	30
3811	Selma	25
3821	Lostallo	27.8145695364
3822	Mesocco	25.5859375
3823	Soazza	29.3577981651
3831	Cama	49.6124031008
3832	Grono	63.986599665
3833	Leggia	13.3333333333
3834	Roveredo (GR)	32.5242718447
3835	San Vittore	58.4541062802
3836	Verdabbio	5
3841	Fuldera	44.6428571429
3842	Lü	15.7894736842
3843	Müstair	41.4312617702
3844	Sta. Maria Val Müstair	52.7777777778
3845	Tschierv	35.2112676056
3846	Valchava	25.974025974
3851	Davos	9.8396303343
3861	Fideris	56.5217391304
3862	Furna	5.6338028169
3863	Jenaz	31.2302839117
3871	Klosters-Serneus	23.3532934132
3881	Conters im Prättigau	17.7419354839
3882	Küblis	59.1954022989
3883	Saas	18.3544303797
3891	Luzein	21.1678832117
3892	St. Antönien Ascharina	6.6666666667
3893	St. Antönien	11.1111111111
3901	Chur	42.1005768263
3911	Churwalden	40
3912	Malix	22.5806451613
3913	Parpan	23.595505618
3914	Praden	12.5
3915	Tschiertschen	18.2926829268
3921	Arosa	8.0774681153
3922	Calfreisen	38.4615384615
3923	Castiel	3.5714285714
3924	Langwies	8
3925	Lüen	9.0909090909
3926	Maladers	24.2424242424
3927	Molinis	24.1379310345
3928	Pagig	7.6923076923
3929	Peist	12.5
3930	St. Peter	46.8085106383
3941	Haldenstein	59.7222222222
3942	Igis	53.5051260737
3943	Mastrils	24.0506329114
3944	Says	16.6666666667
3945	Trimmis	54.1095890411
3946	Untervaz	40.7582938389
3947	Zizers	38.2653061224
3951	Fläsch	23.0769230769
3952	Jenins	30.1507537688
3953	Maienfeld	53.3077660594
3954	Malans	50.1587301587
3961	Grüsch	63.226744186
3962	Schiers	39.552238806
3971	Fanas	21.6494845361
3972	Seewis im Prättigau	35.0961538462
3973	Valzeina	9.4339622642
3981	Breil/Brigels	20.5183585313
3982	Disentis/Mustér	23.8766519824
3983	Medel (Lucmagn)	10.447761194
3984	Schlans	9.0909090909
3985	Sumvitg	26.976744186
3986	Tujetsch	10.7512953368
3987	Trun	37.6984126984
4001	Aarau	82.2434715492
4002	Biberstein	46.6666666667
4003	Buchs (AG)	79.2948237059
4004	Densbüren	47.5555555556
4005	Erlinsbach	53.0534351145
4006	Gränichen	57.3622402891
4007	Hirschthal	71.9817767654
4008	Küttigen	46.5176268272
4009	Muhen	54.1860465116
4010	Oberentfelden	68.8421052632
4011	Rohr (AG)	62.938230384
4012	Suhr	72.2024415056
4013	Unterentfelden	79.5
4021	Baden	81.2847493452
4022	Bellikon	63.6029411765
4023	Bergdietikon	73.8138686131
4024	Birmenstorf (AG)	61.3037447989
4026	Ennetbaden	65.0546021841
4027	Fislisbach	56.6666666667
4028	Freienwil	20.987654321
4029	Gebenstorf	51.9818799547
4030	Killwangen	76.5807962529
4031	Künten	40.7854984894
4032	Mägenwil	86.799742434
4033	Mellingen	59.0909090909
4034	Neuenhof	65.422498704
4035	Niederrohrdorf	61.9109947644
4036	Oberehrendingen	55.1219512195
4037	Oberrohrdorf	43.8631790744
4038	Obersiggenthal	51.8787878788
4039	Remetschwil	58.5812356979
4040	Spreitenbach	73.8754057814
4041	Stetten (AG)	68.0613668061
4042	Turgi	89.0797005724
4043	Unterehrendingen	36.170212766
4044	Untersiggenthal	52.2175732218
4045	Wettingen	62.2878036041
4046	Wohlenschwil	36.032388664
4047	Würenlingen	71.2055507372
4048	Würenlos	60.2473498233
4061	Arni (AG)	33.9207048458
4062	Berikon	57.4796747967
4063	Bremgarten (AG)	66.477809254
4064	Büttikon	51.0638297872
4065	Dottikon	65.6370656371
4066	Eggenwil	45.2229299363
4067	Fischbach-Göslikon	63.7602179837
4068	Hägglingen	51.9283746556
4069	Hermetschwil-Staffeln	49.0384615385
4070	Hilfikon	34.5454545455
4071	Jonen	46.8085106383
4072	Niederwil (AG)	62.389380531
4073	Oberlunkhofen	51.0869565217
4074	Oberwil-Lieli	27.8443113772
4075	Rudolfstetten-Friedlisberg	57.5982996812
4076	Sarmenstorf	46.0481099656
4077	Tägerig	28.2296650718
4078	Uezwil	20.9677419355
4079	Unterlunkhofen	50.8
4080	Villmergen	63.5339974015
4081	Widen	58.2597730139
4082	Wohlen (AG)	55.6747095621
4083	Zufikon	56.2099871959
4084	Islisberg	24.1379310345
4091	Auenstein	46.4566929134
4092	Birr	79.3046357616
4093	Birrhard	67.6136363636
4094	Bözen	44.5714285714
4095	Brugg	78.7173806007
4096	Effingen	40.9090909091
4097	Elfingen	32.6086956522
4098	Gallenkirch	57.4468085106
4099	Habsburg	41.2698412698
4100	Hausen bei Brugg	64.5061728395
4101	Hottwil	32.9113924051
4103	Linn	22.5806451613
4104	Lupfig	83.1990080595
4105	Mandach	23.2876712329
4106	Mönthal	40.3225806452
4107	Mülligen	57.1428571429
4108	Oberbözberg	27.6315789474
4109	Oberflachs	45.5357142857
4110	Remigen	49.1869918699
4111	Riniken	41
4112	Rüfenach	49.0476190476
4113	Scherz	31.6831683168
4114	Schinznach Bad	82.1866163996
4115	Schinznach Dorf	65.9863945578
4116	Stilli	49.1228070175
4117	Thalheim (AG)	44.7488584475
4118	Umiken	42.7272727273
4119	Unterbözberg	39.2307692308
4120	Veltheim (AG)	63.0806845966
4121	Villigen	84.8733744011
4122	Villnachern	39.1959798995
4123	Windisch	69.2307692308
4131	Beinwil am See	53.4722222222
4132	Birrwil	31.6062176166
4133	Burg (AG)	62.7118644068
4134	Dürrenäsch	54.7461368653
4135	Gontenschwil	60.0933488915
4136	Holziken	40.8866995074
4137	Leimbach (AG)	50.8771929825
4138	Leutwil	57.3863636364
4139	Menziken	58.2512315271
4140	Oberkulm	58.5427135678
4141	Reinach (AG)	55.2357624005
4142	Schlossrued	41.2556053812
4143	Schmiedrued	36.4217252396
4144	Schöftland	61.4788732394
4145	Teufenthal (AG)	59.9025974026
4146	Unterkulm	61.1940298507
4147	Zetzwil	65
4161	Eiken	57.8947368421
4162	Etzgen	76.2557077626
4163	Frick	71.6834252352
4164	Gansingen	25.9459459459
4165	Gipf-Oberfrick	47.0967741935
4166	Herznach	54.6511627907
4167	Hornussen	59.7087378641
4168	Ittenthal	26.0869565217
4169	Kaisten	56.749672346
4170	Laufenburg	75.0453172205
4171	Mettau	48.1012658228
4172	Münchwilen (AG)	90.1185770751
4173	Oberhof	29.6703296703
4174	Oberhofen (AG)	17.0731707317
4175	Oeschgen	30.534351145
4176	Schwaderloch	50.8287292818
4177	Sisseln	88.2658959538
4178	Sulz (AG)	33.7209302326
4179	Ueken	27.5510204082
4180	Wil (AG)	26.1437908497
4181	Wittnau	54.7619047619
4182	Wölflinswil	33.3333333333
4183	Zeihen	37.2549019608
4191	Ammerswil	49.5652173913
4192	Boniswil	47.4747474747
4193	Brunegg	85.864978903
4194	Dintikon	83.2197614991
4195	Egliswil	62.599469496
4196	Fahrwangen	59.2145015106
4197	Hallwil	64.7798742138
4198	Hendschiken	72.6790450928
4199	Holderbank (AG)	84.1503267974
4200	Hunzenschwil	73.309352518
4201	Lenzburg	76.2057409296
4202	Meisterschwanden	53.6891679749
4203	Möriken-Wildegg	59.0072057646
4204	Niederlenz	65.7214345288
4205	Othmarsingen	68.0387409201
4206	Rupperswil	65.9025787966
4207	Schafisheim	79.8339264531
4208	Seengen	49.4635193133
4209	Seon	58.3375062594
4210	Staufen	59.3320235756
4221	Abtwil	36.3636363636
4222	Aristau	21.978021978
4223	Auw	39.3650793651
4224	Beinwil (Freiamt)	25.5230125523
4225	Benzenschwil	44.0860215054
4226	Besenbüren	38.3177570093
4227	Bettwil	49.0066225166
4228	Boswil	55.387713998
4229	Bünzen	52.1739130435
4230	Buttwil	39.3805309735
4231	Dietwil	32.1243523316
4232	Geltwil	28.5714285714
4233	Kallern	20
4234	Merenschwand	56.393442623
4235	Mühlau	33.488372093
4236	Muri (AG)	54.5643693108
4237	Oberrüti	40.6504065041
4238	Rottenschwil	43.0107526882
4239	Sins	47.8353442158
4240	Waltenschwil	44.4695259594
4251	Hellikon	27.8145695364
4252	Kaiseraugst	82.1155943293
4253	Magden	44.0758293839
4254	Möhlin	58.2783278328
4255	Mumpf	42.4870466321
4256	Obermumpf	31.6770186335
4257	Olsberg	58.8235294118
4258	Rheinfelden	64.5493141737
4259	Schupfart	40.4958677686
4260	Stein (AG)	81.4578005115
4261	Wallbach	60.8333333333
4262	Wegenstetten	34.0540540541
4263	Zeiningen	45.6221198157
4264	Zuzgen	25.1700680272
4271	Aarburg	68.8219363575
4272	Attelwil	48.9583333333
4273	Bottenwil	44.9339207048
4274	Brittnau	40.3433476395
4275	Kirchleerau	54.8387096774
4276	Kölliken	53.8778877888
4277	Moosleerau	51.0040160643
4278	Mühlethal	16.4835164835
4279	Murgenthal	49.7816593886
4280	Oftringen	60.1904761905
4281	Reitnau	43.9873417722
4282	Rothrist	60.6429867773
4283	Safenwil	64.1532016756
4284	Staffelbach	47.6534296029
4285	Strengelbach	56.8075117371
4286	Uerkheim	39.8119122257
4287	Vordemwald	50.652173913
4288	Wiliberg	9.3023255814
4289	Zofingen	76.8745320355
4301	Baldingen	23.8095238095
4302	Böbikon	20.7547169811
4303	Böttstein	65.9107534748
4304	Döttingen	71.9594594595
4305	Endingen	48.2695810565
4306	Fisibach	40.1785714286
4307	Full-Reuenthal	69.1318327974
4308	Kaiserstuhl	61.3095238095
4309	Klingnau	65.8241758242
4310	Koblenz	70.2983138781
4311	Leibstadt	71.029082774
4312	Lengnau (AG)	60.411622276
4313	Leuggern	57.6136363636
4314	Mellikon	72.1804511278
4315	Rekingen (AG)	39.6825396825
4316	Rietheim	45.2380952381
4317	Rümikon	72.5274725275
4318	Schneisingen	42.9104477612
4319	Siglistorf	39.0243902439
4320	Tegerfelden	48.9436619718
4321	Unterendingen	46.25
4322	Wislikofen	48.3606557377
4323	Zurzach	61.3090627421
4401	Arbon	50.8326848249
4406	Dozwil	67.8111587983
4411	Egnach	47.5838544628
4416	Hefenhofen	68.3189655172
4421	Horn	63.4255129349
4426	Kesswil	59.0792838875
4431	Roggwil (TG)	62.5256673511
4436	Romanshorn	53.8065254722
4441	Salmsach	47.1698113208
4446	Sommeri	59.1036414566
4451	Uttwil	30.0429184549
4461	Amriswil	43.5784621831
4471	Bischofszell	48.4406779661
4476	Erlen	53.2258064516
4486	Hauptwil-Gottshaus	30.8793456033
4495	Hohentannen	25.4335260116
4501	Kradolf-Schönenberg	43.7564499484
4506	Sulgen	61.2845138055
4511	Zihlschlacht-Sitterdorf	58.5253456221
4536	Basadingen-Schlattingen	52
4545	Diessenhofen	54.4175576815
4546	Schlatt (TG)	46.7230443975
4551	Aadorf	47.1337579618
4561	Felben-Wellhausen	76.4510779436
4566	Frauenfeld	53.2947976879
4571	Gachnang	57.4301675978
4590	Hüttlingen	31.7919075145
4591	Matzingen	56.3517915309
4601	Neunforn	28.2258064516
4606	Stettfurt	40.2912621359
4611	Thundorf	42.5531914894
4616	Uesslingen-Buch	26.6666666667
4621	Warth-Weiningen	50.7462686567
4641	Altnau	36.2948960302
4643	Bottighofen	49.2917847026
4646	Ermatingen	46.0685483871
4651	Gottlieben	66.1458333333
4656	Güttingen	44.2913385827
4666	Kemmental	29.6
4671	Kreuzlingen	47.9063165366
4681	Langrickenbach	19.3965517241
4683	Lengwil	69.0683229814
4691	Münsterlingen	73.2484076433
4696	Tägerwilen	65.4205607477
4701	Wäldi	44.8179271709
4711	Affeltrangen	44.2284325638
4716	Bettwiesen	40.3587443946
4721	Bichelsee-Balterswil	43.6408977556
4723	Braunau	16.7741935484
4724	Eschlikon	51.4563106796
4726	Fischingen	37.5498007968
4741	Lommis	50.2976190476
4746	Münchwilen (TG)	57.8947368421
4751	Rickenbach (TG)	65.0105708245
4756	Schönholzerswilen	17.6470588235
4761	Sirnach	56.3979141596
4776	Tobel-Tägerschen	61.1544461778
4781	Wängi	44.7813822285
4786	Wilen (TG)	54.0540540541
4791	Wuppenau	25.5555555556
4801	Berlingen	56.3591022444
4806	Eschenz	39.4957983193
4811	Herdern	35.4961832061
4816	Homburg	44.4244604317
4821	Hüttwilen	50.2283105023
4826	Mammern	54.0229885057
4831	Müllheim	53.1830238727
4841	Pfyn	51.1773940345
4846	Raperswilen	22.65625
4851	Salenstein	37.3961218837
4864	Steckborn	43.3240611961
4871	Wagenhausen	50
4881	Amlikon-Bissegg	34.0298507463
4891	Berg (TG)	57.9298831386
4901	Birwinken	24.6428571429
4911	Bürglen (TG)	56.3579277865
4921	Bussnang	52.2316043426
4941	Märstetten	54.7963206307
4946	Weinfelden	60
4951	Wigoltingen	45.8503401361
5001	Arbedo-Castione	49.576783555
5002	Bellinzona	65.2832674572
5003	Cadenazzo	72.8767123288
5004	Camorino	74.9116607774
5005	Giubiasco	63.664921466
5006	Gnosca	23.2876712329
5007	Gorduno	50.7042253521
5008	Gudo	50
5009	Isone	54.0145985401
5010	Lumino	63.4551495017
5011	Medeglia	10.5263157895
5012	Moleno	29.4117647059
5013	Monte Carasso	53.196347032
5014	Pianezzo	30.3571428571
5015	Preonzo	62.962962963
5016	Robasacco	18.1818181818
5017	Sant'Antonino	72.5957446809
5018	Sant'Antonio	12.5
5019	Sementina	62.4539877301
5031	Aquila	23.4234234234
5032	Campo (Blenio)	21.2121212121
5033	Castro	65.9090909091
5034	Corzoneso	23.3870967742
5035	Dongio	66.6666666667
5036	Ghirone	12.5
5037	Largario	61.5384615385
5038	Leontica	42.1052631579
5039	Lottigna	55
5040	Ludiano	47.2222222222
5041	Malvaglia	29.3233082707
5042	Marolta	57.1428571429
5043	Olivone	23.9436619718
5044	Ponto Valentino	17.5
5045	Prugiasco	24
5046	Semione	24.5283018868
5047	Torre	40.9523809524
5061	Airolo	42.3872180451
5062	Anzonico	6.25
5063	Bedretto	21.0526315789
5064	Bodio	65.157480315
5065	Calonico	16.6666666667
5066	Calpiogna	27.2727272727
5067	Campello	15.3846153846
5068	Cavagnago	25
5069	Chiggiogna	33.6734693878
5070	Chironico	34
5071	Dalpe	44.4444444444
5072	Faido	52.8221512247
5073	Giornico	51.7509727626
5074	Mairengo	15.7894736842
5075	Osco	9.5238095238
5076	Personico	35.2941176471
5077	Pollegio	50.2645502646
5078	Prato (Leventina)	15.3846153846
5079	Quinto	34.7926267281
5080	Rossura	14.2857142857
5081	Sobrio	47.8260869565
5091	Ascona	61.4509246088
5092	Auressio	55.5555555556
5093	Berzona	0
5094	Borgnone	60.3773584906
5095	Brione (Verzasca)	23.8095238095
5096	Brione sopra Minusio	36
5097	Brissago	58.4667228307
5098	Caviano	37.1428571429
5099	Cavigliano	33.6363636364
5101	Contone	78.4140969163
5102	Corippo	0
5104	Cugnasco	46.3636363636
5105	Frasco	13.3333333333
5106	Gerra (Gambarogno)	29.4117647059
5107	Gerra (Verzasca)	60.4938271605
5108	Gordola	59.9283154122
5109	Gresso	20
5110	Indemini	33.3333333333
5111	Intragna	53.0534351145
5112	Lavertezzo	71.3402061856
5113	Locarno	63.4416826004
5114	Loco	22.619047619
5115	Losone	69.2734478203
5116	Magadino	68.1379310345
5117	Mergoscia	3.3333333333
5118	Minusio	53.0383480826
5119	Mosogno	5.8823529412
5120	Muralto	74.0740740741
5121	Orselina	70.3781512605
5122	Palagnedra	19.0476190476
5123	Piazzogna	28.3950617284
5125	Ronco sopra Ascona	37.7906976744
5127	San Nazzaro	57.6791808874
5128	Sant'Abbondio	20
5129	Sonogno	26.8292682927
5130	Tegna	64.4351464435
5131	Tenero-Contra	64.0038498556
5132	Vergeletto	46.6666666667
5133	Verscio	59.6226415094
5134	Vira (Gambarogno)	38.5026737968
5135	Vogorno	25.9259259259
5136	Onsernone	25.9259259259
5141	Agno	76.0290556901
5142	Agra	28.1690140845
5143	Aranno	36.3636363636
5144	Arogno	43.5
5145	Arosio	49.3975903614
5146	Astano	9.3023255814
5147	Barbengo	83.3843797856
5148	Bedano	87.6227897839
5149	Bedigliora	43.2203389831
5150	Bidogno	41.0256410256
5151	Bioggio	92.454954955
5153	Bironico	74.4186046512
5154	Bissone	69.0265486726
5155	Bogno	31.8181818182
5156	Bosco Luganese	36.3636363636
5158	Breganzona	65.2210175146
5159	Breno	30.7692307692
5160	Brusino Arsizio	56.3909774436
5161	Cademario	47.8527607362
5162	Cadempino	88.0097879282
5163	Cadro	60.8013937282
5164	Cagiallo	52.5
5165	Camignolo	39.3162393162
5167	Canobbio	81.8941504178
5168	Carabbia	29.5454545455
5169	Carabietta	41.6666666667
5170	Carona	24.5283018868
5171	Caslano	70.8423326134
5173	Certara	14.2857142857
5174	Cimadera	35.7142857143
5175	Cimo	9.5238095238
5176	Comano	81.2828601472
5177	Corticiasca	0
5178	Croglio	75.6451612903
5179	Cureggia	14.2857142857
5180	Cureglia	61.1336032389
5181	Curio	40.6504065041
5182	Davesco-Soragno	74.6312684366
5183	Fescoggia	14.2857142857
5184	Gandria	55.2941176471
5185	Gentilino	53.2019704434
5186	Grancia	95.1269035533
5187	Gravesano	80.7933194154
5188	Iseo	10
5189	Lamone	84.1845140033
5190	Lopagno	57.4074074074
5191	Lugaggia	30.1886792453
5192	Lugano	75.0646427159
5193	Magliaso	70.9051724138
5194	Manno	95.4575163399
5195	Maroggia	67.6991150442
5196	Massagno	70.7759699625
5197	Melano	59.3059936909
5198	Melide	59.4444444444
5199	Mezzovico-Vira	91.2683237731
5200	Miglieglia	40.4761904762
5201	Montagnola	78.4165881244
5202	Monteggio	75.2118644068
5203	Morcote	57.5163398693
5204	Mugena	0
5205	Muzzano	87.6657824934
5206	Neggio	63.7795275591
5207	Novaggio	57.1428571429
5208	Origlio	56.4220183486
5209	Pambio-Noranco	90.7504363002
5210	Paradiso	74.3884173739
5211	Pazzallo	82.3529411765
5212	Ponte Capriasca	44.7653429603
5213	Ponte Tresa	76.1627906977
5214	Porza	72.2991689751
5215	Pregassona	70.3153988868
5216	Pura	33.5365853659
5217	Rivera	76.1761761762
5218	Roveredo-Capriasca	37.5
5219	Rovio	28.8288288288
5220	Sala Capriasca	31.0975609756
5221	Savosa	77.8666666667
5222	Sessa	45.390070922
5223	Sigirino	69.6
5224	Sonvico	49.8207885305
5225	Sorengo	83.4980237154
5226	Tesserete	72.4394785847
5227	Torricella-Taverne	65.6403940887
5228	Vaglio	43.0555555556
5229	Valcolla	29.6296296296
5230	Vernate	36.8421052632
5231	Vezia	78.5074626866
5232	Vezio	10
5233	Vico Morcote	46.5753424658
5234	Viganello	69.0406121248
5235	Villa Luganese	36.8421052632
5241	Arzo	71.3043478261
5242	Balerna	82.7932960894
5243	Besazio	82.4120603015
5244	Bruzella	25
5245	Cabbio	5.2631578947
5246	Caneggio	37.5
5247	Capolago	69.7368421053
5248	Casima	46.6666666667
5249	Castel San Pietro	71.1001642036
5250	Chiasso	74.6583309101
5251	Coldrerio	65.756302521
5252	Genestrerio	78.1954887218
5253	Ligornetto	75.7062146893
5254	Mendrisio	84.0726817043
5255	Meride	30.9090909091
5256	Monte	25
5257	Morbio Inferiore	71.0252600297
5258	Morbio Superiore	45.5555555556
5259	Muggio	23.0769230769
5260	Novazzano	83.8062283737
5262	Rancate	90.3568716781
5263	Riva San Vitale	65.9831121834
5264	Sagno	32.3529411765
5265	Salorino	35.7142857143
5266	Stabio	84.1571922887
5267	Tremona	74.5614035088
5268	Vacallo	51.7985611511
5281	Biasca	49.5416208288
5282	Claro	42.2174840085
5283	Cresciano	61.6352201258
5284	Iragna	57.1428571429
5285	Lodrino	56.5217391304
5286	Osogna	60.4938271605
5301	Aurigeno	40.5063291139
5302	Avegno	74.4565217391
5303	Bignasco	44.6601941748
5304	Bosco/Gurin	16.2790697674
5305	Broglio	0
5306	Brontallo	66.6666666667
5307	Campo (Vallemaggia)	5
5308	Cavergno	31.7647058824
5309	Cerentino	31.8181818182
5310	Cevio	66.1971830986
5311	Coglio	21.4285714286
5312	Fusio	0
5313	Giumaglio	62.5
5314	Gordevio	44.578313253
5315	Linescio	0
5316	Lodano	55.8823529412
5317	Maggia	42.8571428571
5318	Menzonio	0
5319	Moghegno	25
5320	Peccia	43.3333333333
5321	Prato-Sornico	36.5853658537
5322	Someo	41.1764705882
5401	Aigle	57.8861026482
5402	Bex	43.8941076003
5403	Chessel	31.884057971
5404	Corbeyrier	52.7027027027
5405	Gryon	19.4852941176
5406	Lavey-Morcles	66.5615141956
5407	Leysin	18.1978798587
5408	Noville	51.2295081967
5409	Ollon	24.8223350254
5410	Ormont-Dessous	16.6666666667
5411	Ormont-Dessus	19.410745234
5412	Rennaz	78.7401574803
5413	Roche (VD)	64.4736842105
5414	Villeneuve (VD)	64.9054982818
5415	Yvorne	58.9420654912
5421	Apples	70.6451612903
5422	Aubonne	73.3200597312
5423	Ballens	29.5652173913
5424	Berolle	23.2558139535
5425	Bière	42.226487524
5426	Bougy-Villars	48.9795918367
5427	Féchy	33.918128655
5428	Gimel	47.8632478632
5429	Longirod	15.7894736842
5430	Marchissy	15.2777777778
5431	Mollens (VD)	7.6923076923
5432	Montherod	32.4324324324
5433	Pizy	32
5434	Saint-George	36.875
5435	Saint-Livres	14.7058823529
5436	Saint-Oyens	23.2558139535
5437	Saubraz	12.1212121212
5451	Avenches	56.1209439528
5452	Bellerive (VD)	54.8223350254
5453	Chabrey	18.3673469388
5454	Champmartin	0
5455	Constantine	34.4827586207
5456	Cudrefin	27.1186440678
5457	Donatyre	60.6060606061
5458	Faoug	35
5459	Montmagny	30.9523809524
5460	Mur (VD)	13.9534883721
5461	Oleyres	40
5462	Vallamand	34.4827586207
5463	Villars-le-Grand	15.2542372881
5471	Bettens	20
5472	Bournens	12.5
5473	Boussens	57.5581395349
5474	La Chaux (Cossonay)	19.0476190476
5475	Chavannes-le-Veyron	10
5476	Chevilly	3.7037037037
5477	Cossonay	59.5675675676
5478	Cottens (VD)	15.5172413793
5479	Cuarnens	28.0487804878
5480	Daillens	88.8604353393
5481	Dizy	26.6666666667
5482	Eclépens	72.7115716753
5483	Ferreyres	30.4347826087
5484	Gollion	63.8009049774
5485	Grancy	33.9285714286
5486	L'Isle	45.0617283951
5487	Lussery-Villars	21.875
5488	Mauraz	16.6666666667
5489	Mex (VD)	93.0087390762
5490	Moiry	19.0476190476
5491	Mont-la-Ville	22.2222222222
5492	Montricher	23.7837837838
5493	Orny	46.9387755102
5494	Pampigny	33.1606217617
5495	Penthalaz	65.7418576598
5496	Penthaz	57.3667711599
5497	Pompaples	79.3220338983
5498	La Sarraz	58.4337349398
5499	Senarclens	50
5500	Sévery	32.7586206897
5501	Sullens	29.2682926829
5503	Vufflens-la-Ville	38.064516129
5511	Assens	54.5918367347
5512	Bercher	53.937007874
5513	Bioley-Orjulaz	80.6896551724
5514	Bottens	38.8625592417
5515	Bretigny-sur-Morrens	41.4285714286
5516	Cugy (VD)	68.1208053691
5517	Dommartin	11.1111111111
5518	Echallens	59.3579648698
5519	Eclagnens	0
5520	Essertines-sur-Yverdon	25.3521126761
5521	Etagnières	69.0410958904
5522	Fey	36.4705882353
5523	Froideville	24.3781094527
5524	Goumoens-la-Ville	47.7777777778
5525	Goumoens-le-Jux	60
5526	Malapalud	6.25
5527	Morrens (VD)	42.5675675676
5528	Naz	27.2727272727
5529	Oulens-sous-Echallens	26.3157894737
5530	Pailly	26.0162601626
5531	Penthéréaz	28.3950617284
5532	Poliez-le-Grand	37.8640776699
5533	Poliez-Pittet	34.9056603774
5534	Rueyres	28.5714285714
5535	Saint-Barthélemy (VD)	58.282208589
5536	Sugnens	23.9130434783
5537	Villars-le-Terroir	27.4193548387
5538	Villars-Tiercelin	32
5539	Vuarrens	33.0708661417
5551	Bonvillars	47.1698113208
5552	Bullet	40
5553	Champagne	65.4320987654
5554	Concise	35.5191256831
5555	Corcelles-près-Concise	50.7042253521
5556	Fiez	35.8974358974
5557	Fontaines-sur-Grandson	16.6666666667
5558	Fontanezier	10
5559	Giez	54.8387096774
5560	Grandevent	0
5561	Grandson	68.085106383
5562	Mauborget	8.6956521739
5563	Mutrux	4
5564	Novalles	0
5565	Onnens (VD)	74.7211895911
5566	Provence	27.1929824561
5567	Romairon	23.0769230769
5568	Sainte-Croix	34.3896713615
5569	Vaugondry	25
5570	Villars-Burquin	35.5555555556
5581	Belmont-sur-Lausanne	49.481865285
5582	Cheseaux-sur-Lausanne	76.7323121809
5583	Crissier	87.4308697838
5584	Epalinges	62.7188465499
5585	Jouxtens-Mézery	40.6896551724
5586	Lausanne	57.4544270833
5587	Le Mont-sur-Lausanne	86.5626354573
5588	Paudex	81.7699115044
5589	Prilly	80.1274110777
5590	Pully	66.6730074187
5591	Renens (VD)	77.5572519084
5592	Romanel-sur-Lausanne	76.7870868563
5601	Chexbres	60.64
5602	Cully	59.394703657
5603	Epesses	36.2068965517
5604	Forel (Lavaux)	45.1764705882
5605	Grandvaux	39.566395664
5606	Lutry	57.6659038902
5607	Puidoux	61.9453924915
5608	Riex	45.9770114943
5609	Rivaz	38.3838383838
5610	Saint-Saphorin (Lavaux)	15.1515151515
5611	Savigny	45.3987730061
5612	Villette (Lavaux)	36.5384615385
5621	Aclens	84.2233009709
5622	Bremblens	67.3333333333
5623	Buchillon	35.1851851852
5624	Bussigny-près-Lausanne	80.4741711642
5625	Bussy-Chardonney	28.0701754386
5627	Chavannes-près-Renens	73.4217171717
5628	Chigny	47.619047619
5629	Clarmont	0
5630	Colombier (VD)	21.9512195122
5631	Denens	22.619047619
5632	Denges	81.6715542522
5633	Echandens	77.5280898876
5634	Echichens	58.3529411765
5635	Ecublens (VD)	80.8314732143
5636	Etoy	74.823943662
5637	Lavigny	79.7040169133
5638	Lonay	80.1337153773
5639	Lully (VD)	31.8584070796
5640	Lussy-sur-Morges	58.8235294118
5641	Monnaz	20.5128205128
5642	Morges	65.8178132522
5643	Préverenges	68.8437775816
5644	Reverolle	34.8484848485
5645	Romanel-sur-Morges	87.9518072289
5646	Saint-Prex	45.5021834061
5647	Saint-Saphorin-sur-Morges	30.7692307692
5648	Saint-Sulpice (VD)	80.2836879433
5649	Tolochenaz	86.83160415
5650	Vaux-sur-Morges	25
5651	Villars-Sainte-Croix	88.9925373134
5652	Villars-sous-Yens	14.1025641026
5653	Vufflens-le-Château	46.9565217391
5654	Vullierens	18.5714285714
5655	Yens	40.7942238267
5661	Boulens	25.5813953488
5662	Brenles	18.1818181818
5663	Bussy-sur-Moudon	17.0731707317
5664	Chapelle-sur-Moudon	23.9436619718
5665	Chavannes-sur-Moudon	5.8823529412
5666	Chesalles-sur-Moudon	12
5667	Correvon	5.8823529412
5668	Cremin	0
5669	Curtilles	18.1818181818
5670	Denezy	23.3333333333
5671	Dompierre (VD)	13.2075471698
5672	Forel-sur-Lucens	4.8780487805
5673	Hermenches	11.6279069767
5674	Lovatens	4.7619047619
5675	Lucens	50.989010989
5676	Martherenges	0
5677	Montaubion-Chardonney	40.7407407407
5678	Moudon	53.673870334
5679	Neyruz-sur-Moudon	0
5680	Ogens	22.2222222222
5681	Oulens-sur-Lucens	23.5294117647
5682	Peyres-Possens	73.0158730159
5683	Prévonloup	8.6956521739
5684	Rossenges	6.6666666667
5685	Saint-Cierges	16.2790697674
5686	Sarzens	7.6923076923
5687	Sottens	52.5
5688	Syens	50
5689	Thierrens	39.2857142857
5690	Villars-le-Comte	4
5691	Villars-Mendraz	13.8888888889
5692	Vucherens	65.1041666667
5701	Arnex-sur-Nyon	24.3243243243
5702	Arzier	33.8582677165
5703	Bassins	32.6923076923
5704	Begnins	51.2747875354
5705	Bogis-Bossey	38.5542168675
5706	Borex	52.7472527473
5707	Chavannes-de-Bogis	86.5410497981
5708	Chavannes-des-Bois	58.5365853659
5709	Chéserex	48.0225988701
5710	Coinsins	67.6829268293
5711	Commugny	29.4326241135
5712	Coppet	57.8947368421
5713	Crans-près-Céligny	45.2830188679
5714	Crassier	62.962962963
5715	Duillier	59.0909090909
5716	Eysins	65.3386454183
5717	Founex	57.5139146568
5718	Genolier	78.8494077834
5719	Gingins	50.9881422925
5720	Givrins	41.4965986395
5721	Gland	63.5017866258
5722	Grens	41.0256410256
5723	Mies	71.1198428291
5724	Nyon	65.7387796268
5725	Prangins	74.8412698413
5726	La Rippe	26.618705036
5727	Saint-Cergue	35.0724637681
5728	Signy-Avenex	89.9383983573
5729	Tannay	43.9655172414
5730	Trélex	46.7391304348
5731	Le Vaud	28.4615384615
5732	Vich	80.5714285714
5741	L'Abergement	43.4782608696
5742	Agiez	20.7547169811
5743	Arnex-sur-Orbe	23.4042553191
5744	Ballaigues	70.0557103064
5745	Baulmes	44.4827586207
5746	Bavois	23.0088495575
5747	Bofflens	11.4285714286
5748	Bretonnières	21.875
5749	Chavornay	56.8720379147
5750	Les Clées	22.2222222222
5751	Corcelles-sur-Chavornay	29.6875
5752	Croy	48.275862069
5754	Juriens	42.4242424242
5755	Lignerolle	39.7435897436
5756	Montcherand	55.5555555556
5757	Orbe	59.9929502996
5758	La Praz	12
5759	Premier	10.5263157895
5760	Rances	8.4745762712
5761	Romainmôtier-Envy	59.0062111801
5762	Sergey	12.5
5763	Valeyres-sous-Rances	41.8803418803
5764	Vallorbe	50.9554140127
5765	Vaulion	34.6666666667
5766	Vuiteboeuf	32.6732673267
5781	Bussigny-sur-Oron	47.8260869565
5782	Carrouge (VD)	25.78125
5783	Châtillens	55.8823529412
5784	Chesalles-sur-Oron	33.3333333333
5785	Corcelles-le-Jorat	22.7272727273
5786	Les Cullayes	44.7154471545
5787	Ecoteaux	15.2542372881
5788	Essertes	50.6849315068
5789	Ferlens (VD)	11.1111111111
5790	Maracon	21.3114754098
5791	Mézières (VD)	61.3095238095
5792	Montpreveyres	74.7126436782
5793	Oron-la-Ville	68.3930942895
5794	Oron-le-Châtel	41.6666666667
5795	Palézieux	62.1409921671
5796	Peney-le-Jorat	33.3333333333
5797	La Rogivue	31.25
5798	Ropraz	56.3909774436
5799	Servion	59.2156862745
5800	Les Tavernes	28.2051282051
5801	Les Thioleyres	40.7407407407
5802	Vuibroye	25
5803	Vulliens	14.9425287356
5811	Cerniaz (VD)	0
5812	Champtauroz	43.2432432432
5813	Chevroux	32.7586206897
5814	Combremont-le-Grand	12.7659574468
5815	Combremont-le-Petit	30.3921568627
5816	Corcelles-près-Payerne	44.8123620309
5817	Grandcour	22.0994475138
5818	Granges-près-Marnand	55.8028616852
5819	Henniez	76.3440860215
5820	Marnand	59.3220338983
5821	Missy	13.5416666667
5822	Payerne	56.5893219194
5823	Rossens (VD)	12.5
5824	Sassel	18.3673469388
5825	Sédeilles	29.2682926829
5826	Seigneux	68.0672268908
5827	Trey	43.75
5828	Treytorrens (Payerne)	11.1111111111
5829	Villars-Bramard	11.1111111111
5830	Villarzel	8.1081081081
5841	Château-d'Oex	17.7083333333
5842	Rossinière	25
5843	Rougemont	23.7082066869
5851	Allaman	56.4102564103
5852	Bursinel	47.8260869565
5853	Bursins	72.0779220779
5854	Burtigny	31.914893617
5855	Dully	41.8918918919
5856	Essertines-sur-Rolle	22.0183486239
5857	Gilly	51.3392857143
5858	Luins	36.3636363636
5859	Mont-sur-Rolle	49.1279069767
5860	Perroy	42.8571428571
5861	Rolle	60.430950049
5862	Tartegnin	16.6666666667
5863	Vinzel	55.7692307692
5871	L'Abbaye	52.5390625
5872	Le Chenit	56.7878629349
5873	Le Lieu	71.9939117199
5881	Blonay	51.4526710403
5882	Chardonne	47.5849731664
5883	Corseaux	64.5539906103
5884	Corsier-sur-Vevey	73.1601731602
5885	Jongny	46.8208092486
5886	Montreux	47.9892761394
5888	Saint-Légier-La Chiésaz	70.6045865184
5889	La Tour-de-Peilz	53.1221719457
5890	Vevey	68.5653469562
5891	Veytaux	68.1318681319
5901	Arrissoules	25
5902	Belmont-sur-Yverdon	16.9811320755
5903	Bioley-Magnoux	11.5384615385
5904	Chamblon	80.1762114537
5905	Champvent	31.25
5906	Chanéaz	47.8260869565
5907	Chavannes-le-Chêne	21.568627451
5908	Chêne-Pâquier	27.7777777778
5909	Cheseaux-Noréaz	83.185840708
5910	Cronay	33.3333333333
5911	Cuarny	23.0769230769
5912	Démoret	22.9166666667
5913	Donneloye	34.6666666667
5914	Ependes (VD)	24.1935483871
5915	Essert-Pittet	28
5916	Essert-sous-Champvent	56.7796610169
5917	Gossens	23.5294117647
5918	Gressy	29.6296296296
5919	Mathod	37.1900826446
5920	Mézery-près-Donneloye	12.5
5921	Molondin	18
5922	Montagny-près-Yverdon	86.2716763006
5923	Oppens	36.2068965517
5924	Orges	63.7168141593
5925	Orzens	37.5
5926	Pomy	49.3150684932
5927	Prahins	16.6666666667
5928	Rovray	5
5929	Suchy	14.8148148148
5930	Suscévaz	29.2682926829
5931	Treycovagnes	51.8987341772
5932	Ursins	15.3846153846
5933	Valeyres-sous-Montagny	55.4455445545
5934	Valeyres-sous-Ursins	21.4285714286
5935	Villars-Epeney	20
5936	Villars-sous-Champvent	25
5937	Vugelles-La Mothe	28
5938	Yverdon-les-Bains	48.7423687424
5939	Yvonand	54.6892655367
6001	Birgisch	30
6002	Brig-Glis	54.0300457218
6004	Eggerberg	34
6006	Mund	18.0327868852
6007	Naters	41.5605095541
6008	Ried-Brig	32.4200913242
6009	Simplon	24.1379310345
6010	Termen	28.2828282828
6011	Zwischbergen	72.4137931034
6021	Ardon	47.8873239437
6022	Chamoson	32.5997248968
6023	Conthey	52.3850451225
6024	Nendaz	19.6774193548
6025	Vétroz	44.9822904368
6031	Bagnes	16.6197183099
6032	Bourg-Saint-Pierre	35.0427350427
6033	Liddes	4.6153846154
6034	Orsières	21.9209039548
6035	Sembrancher	57.1929824561
6036	Vollèges	25
6051	Ausserbinn	11.1111111111
6052	Bellwald	21.9387755102
6054	Binn	13.6363636364
6055	Blitzingen	0
6056	Ernen	40
6057	Fiesch	44.952681388
6058	Fieschertal	62.5
6059	Geschinen	50
6060	Gluringen	30.487804878
6061	Lax	40
6062	Mühlebach	25
6063	Münster (VS)	32.1266968326
6064	Niederwald	69.6428571429
6065	Obergesteln	35.6435643564
6066	Oberwald	33.1034482759
6067	Reckingen (VS)	52.6627218935
6070	Steinhaus	0
6071	Ulrichen	37.6237623762
6073	Grafschaft	43.661971831
6081	Les Agettes	33.3333333333
6082	Ayent	22.5301204819
6083	Evolène	2.7613412229
6084	Hérémence	27.2171253823
6085	Mase	24.1379310345
6086	Nax	30.5263157895
6087	Saint-Martin (VS)	20.6896551724
6088	Vernamiège	5.2631578947
6089	Vex	39.1304347826
6101	Agarn	47.6470588235
6102	Albinen	22.0338983051
6103	Bratsch	33.3333333333
6104	Ergisch	20.8333333333
6105	Erschmatt	20.4545454545
6107	Gampel	56.1278863233
6109	Inden	33.3333333333
6110	Leuk	35.6950672646
6111	Leukerbad	29.1814946619
6112	Oberems	18.75
6113	Salgesch	47.6386036961
6114	Turtmann	53.1680440771
6115	Unterems	25
6116	Varen	16.2601626016
6117	Guttet-Feschel	13.3333333333
6131	Bovernier	33.3333333333
6132	Charrat	62.2222222222
6133	Fully	19.5789473684
6134	Isérables	23.828125
6135	Leytron	34.9619978284
6136	Martigny	47.581079625
6137	Martigny-Combe	30.303030303
6139	Riddes	39.2727272727
6140	Saillon	38.5714285714
6141	Saxon	38.3742911153
6142	Trient	33.3333333333
6151	Champéry	22.9508196721
6152	Collombey-Muraz	55.2359033372
6153	Monthey	55.3674784318
6154	Port-Valais	45.6086286595
6155	Saint-Gingolph	42.9411764706
6156	Troistorrents	29.0322580645
6157	Val-d'Illiez	13.5831381733
6158	Vionnaz	63.0276564774
6159	Vouvry	52.1558872305
6171	Betten	25.3289473684
6172	Bister	0
6173	Bitsch	56.5400843882
6174	Filet	65.625
6175	Goppisberg	33.3333333333
6176	Greich	42.4657534247
6177	Grengiols	26.4
6178	Martisberg	0
6179	Mörel	60.3846153846
6180	Ried-Mörel	40.8450704225
6191	Ausserberg	20.4545454545
6192	Blatten	19.298245614
6193	Bürchen	13.768115942
6194	Eischoll	18.5185185185
6195	Ferden	66.3716814159
6196	Hohtenn	28.5714285714
6197	Kippel	30.9734513274
6198	Niedergesteln	43.75
6199	Raron	49.6655518395
6200	Steg	74.3950039032
6201	Unterbäch	20
6202	Wiler (Lötschen)	28.75
6211	Collonges	26.1538461538
6212	Dorénaz	25.8928571429
6213	Evionnaz	75.3064798599
6214	Finhaut	23.1404958678
6215	Massongex	57.264957265
6216	Mex (VS)	46.875
6217	Saint-Maurice	56.5818584071
6218	Salvan	20.9016393443
6219	Vernayaz	49.7409326425
6220	Vérossaz	35.1351351351
6231	Ayer	20
6232	Chalais	35.3302611367
6233	Chandolin	21.568627451
6234	Chermignon	49.4957331265
6235	Chippis	80.9523809524
6237	Grimentz	20.7627118644
6238	Grône	45.4780361757
6239	Icogne	15.0684931507
6240	Lens	40.0199600798
6241	Miège	21.5277777778
6242	Mollens (VS)	35.2517985612
6243	Montana	65.0364203954
6244	Randogne	47.4768280124
6245	Saint-Jean	25
6246	Saint-Léonard	48.5838779956
6247	Saint-Luc	28.4615384615
6248	Sierre	48.7614678899
6249	Venthône	17.1052631579
6250	Veyras	40.5940594059
6251	Vissoie	44.4915254237
6261	Arbaz	17.6991150442
6263	Grimisuat	44.1908713693
6264	Salins	43.0769230769
6265	Savièse	19.416498994
6266	Sion	56.2745432815
6267	Veysonnaz	34.9462365591
6281	Baltschieder	29.5918367347
6282	Eisten	14.2857142857
6283	Embd	4
6285	Grächen	17.4107142857
6286	Lalden	73.595505618
6287	Randa	27.5362318841
6288	Saas Almagell	29.6551724138
6289	Saas Balen	28.5714285714
6290	Saas Fee	21.7224880383
6291	Saas Grund	26.7734553776
6292	St. Niklaus	33.5067637877
6293	Stalden (VS)	44.3396226415
6294	Staldenried	3.4482758621
6295	Täsch	22.5433526012
6296	Törbel	11.8421052632
6297	Visp	70.3612903226
6298	Visperterminen	14.4927536232
6299	Zeneggen	13.6363636364
6300	Zermatt	16.5480427046
6401	Auvernier	61.7788461538
6402	Bevaix	56.563876652
6403	Bôle	59.9531615925
6404	Boudry	66.7497921862
6405	Brot-Dessous	35.2941176471
6406	Colombier (NE)	61.045751634
6407	Corcelles-Cormondrèche	63.0831643002
6408	Cortaillod	65.4719838465
6409	Fresens	65.9090909091
6410	Gorgier	51.4124293785
6411	Montalchez	8.3333333333
6412	Peseux	66.7427267541
6413	Rochefort	36.6863905325
6414	Saint-Aubin-Sauges	49.6368038741
6415	Vaumarcus	71.3286713287
6421	La Chaux-de-Fonds	33.3379661802
6422	Les Planchettes	17.8571428571
6423	La Sagne	38.7186629526
6431	Les Brenets	68.6629526462
6432	La Brévine	20.7692307692
6433	Brot-Plamboz	24.3243243243
6434	Le Cerneux-Péquignot	17.1717171717
6435	La Chaux-du-Milieu	21.8181818182
6436	Le Locle	51.1803278689
6437	Les Ponts-de-Martel	38.8671875
6451	Cornaux	68.2795698925
6452	Cressier (NE)	64.0037593985
6453	Enges	28
6454	Hauterive	68.9119170984
6455	Le Landeron	41.8346774194
6456	Lignières	24.5098039216
6457	Marin-Epagnier	80.8516129032
6458	Neuchâtel	59.9135749601
6459	Saint-Blaise	75.0766871166
6460	Thielle-Wavre	37.7049180328
6471	Boudevilliers	71.0112359551
6472	Cernier	69.1516709512
6473	Chézard-Saint-Martin	37.3831775701
6474	Coffrane	29.702970297
6475	Dombresson	36.2204724409
6476	Engollon	36.3636363636
6477	Fenin-Vilars-Saules	44.2424242424
6478	Fontainemelon	73.0670103093
6479	Fontaines (NE)	68.4210526316
6480	Les Geneveys-sur-Coffrane	63.7844611529
6481	Les Hauts-Geneveys	62.5441696113
6482	Montmollin	46.25
6483	Le Pâquier (NE)	24
6484	Savagnier	33.5365853659
6485	Valangin	43.9655172414
6486	Villiers	51.4851485149
6501	Les Bayards	29.1262135922
6502	Boveresse	25
6503	Buttes	40.6417112299
6504	La Côte-aux-Fées	54.954954955
6505	Couvet	53.5021097046
6506	Fleurier	48.2485128883
6507	Môtiers (NE)	68.3982683983
6508	Noiraigue	41.2844036697
6509	Saint-Sulpice (NE)	45.4545454545
6510	Travers	35.6466876972
6511	Les Verrières	33.7301587302
6601	Aire-la-Ville	78.3898305085
6602	Anières	52.5974025974
6603	Avully	30.2469135802
6604	Avusy	32.0895522388
6605	Bardonnex	56.2358276644
6606	Bellevue	74.0680713128
6607	Bernex	67.5343114056
6608	Carouge (GE)	86.2820512821
6609	Cartigny	59.7989949749
6610	Céligny	46.0317460317
6611	Chancy	35.8024691358
6612	Chêne-Bougeries	76.7759562842
6613	Chêne-Bourg	80.9935205184
6614	Choulex	53.9473684211
6615	Collex-Bossy	38.3233532934
6616	Collonge-Bellerive	74.280493376
6617	Cologny	67.7530017153
6618	Confignon	68.9530685921
6619	Corsier (GE)	51.4644351464
6620	Dardagny	68.4418145957
6621	Genève	55.4276137961
6622	Genthod	68.0365296804
6623	Le Grand-Saconnex	86.4397905759
6624	Gy	51.1904761905
6625	Hermance	45.652173913
6626	Jussy	54.7692307692
6627	Laconnex	37.8378378378
6628	Lancy	79.7061603231
6629	Meinier	45.2229299363
6630	Meyrin	82.5801793128
6631	Onex	56.018957346
6632	Perly-Certoux	73.257287706
6633	Plan-les-Ouates	90.0551562761
6634	Pregny-Chambésy	81.5047021944
6635	Presinge	70.2247191011
6636	Puplinge	64.4251626898
6637	Russin	38.6554621849
6638	Satigny	92.9102447869
6639	Soral	69.7674418605
6640	Thônex	75.5257684308
6641	Troinex	52.8776978417
6642	Vandoeuvres	57.3085846868
6643	Vernier	75.9498956159
6644	Versoix	53.4113060429
6645	Veyrier	61.8238993711
6701	Bassecourt	52.4893314367
6702	Boécourt	61.7866004963
6703	Bourrignon	9.3333333333
6704	Châtillon (JU)	30
6705	Corban	18.5185185185
6706	Courchapoix	54.9019607843
6707	Courfaivre	50
6708	Courrendlin	60.4700854701
6709	Courroux	46.1769115442
6710	Courtételle	54.2134831461
6711	Delémont	59.8607154163
6712	Develier	39.0625
6713	Ederswiler	30.2325581395
6714	Glovelier	73.0864197531
6715	Mervelier	26.3157894737
6716	Mettembert	10
6717	Montsevelier	32.1739130435
6718	Movelier	14.7540983607
6719	Pleigne	27.5229357798
6720	Rebeuvelier	34.328358209
6721	Rossemaison	56.25
6722	Saulcy	41.1764705882
6723	Soulce	11.4285714286
6724	Soyhières	36.9565217391
6725	Undervelier	35
6726	Vermes	12.3287671233
6727	Vicques	48.0898876404
6728	Vellerat	0
6741	Le Bémont (JU)	17.3076923077
6742	Les Bois	38.1088825215
6743	Les Breuleux	52.8947368421
6744	La Chaux-des-Breuleux	11.1111111111
6745	Les Enfers	31.3725490196
6746	Epauvillers	15.2173913043
6747	Epiquerez	5.1282051282
6748	Les Genevez (JU)	47.859922179
6749	Goumois	44.9275362319
6750	Lajoux (JU)	26.455026455
6751	Montfaucon	23.5294117647
6752	Montfavergier	0
6753	Muriaux	33.5329341317
6754	Le Noirmont	55.9322033898
6755	Le Peuchapatte	0
6756	Les Pommerats	31.25
6757	Saignelégier	49.6923076923
6758	Saint-Brais	5.7971014493
6759	Soubey	8.4745762712
6771	Alle	64.1962421712
6772	Asuel	54.4554455446
6773	Beurnevésin	21.9512195122
6774	Boncourt	52.9620853081
6775	Bonfol	41.2213740458
6776	Bressaucourt	19.5652173913
6777	Buix	19.512195122
6778	Bure	43.0622009569
6779	Charmoille	65.445026178
6780	Chevenez	63.3802816901
6781	Coeuve	39.156626506
6782	Cornol	52.6813880126
6783	Courchavon	64.8148148148
6784	Courgenay	52.1854304636
6785	Courtedoux	43.2258064516
6786	Courtemaîche	43.4554973822
6787	Damphreux	42.5
6788	Damvant	28
6789	Fahy	52.7777777778
6790	Fontenais	24.4565217391
6791	Fregiécourt	12.5
6792	Grandfontaine	25
6793	Lugnez	36.3636363636
6794	Miécourt	42.1052631579
6795	Montenol	47.3684210526
6796	Montignez	57.264957265
6797	Montmelon	8.3333333333
6798	Ocourt	5.5555555556
6799	Pleujouse	12.5
6800	Porrentruy	60.0106307583
6801	Réclère	20.5882352941
6802	Roche-d'Or	0
6803	Rocourt	6.4516129032
6804	Saint-Ursanne	68.1003584229
6805	Seleute	20
6806	Vendlincourt	44.9781659389
