Regions-ID	Regionsname	Anteil der wegpendelnden Erwerbstätigen an den in der Gemeinde wohnhaften Erwerbstätigen in %
1	Aeugst am Albis	75.7575757576
2	Affoltern am Albis	62.3587313161
3	Bonstetten	82.860880942
4	Hausen am Albis	70.4678362573
5	Hedingen	75.3499695679
6	Kappel am Albis	69.0573770492
7	Knonau	77.8195488722
8	Maschwanden	73.4426229508
9	Mettmenstetten	72.2712494194
10	Obfelden	77.0287141074
11	Ottenbach	76.442687747
12	Rifferswil	72.4409448819
13	Stallikon	79.2488860598
14	Wettswil am Albis	81.8650421743
21	Adlikon	71.2074303406
22	Benken (ZH)	73.2394366197
23	Berg am Irchel	69.4444444444
24	Buch am Irchel	73.4335839599
25	Dachsen	81.6560509554
26	Dorf	73.0303030303
27	Feuerthalen	75.6002595717
28	Flaach	58.8709677419
29	Flurlingen	81.5249266862
30	Andelfingen	63.7299771167
31	Henggart	81.3137032843
32	Humlikon	66.3636363636
33	Kleinandelfingen	67.3
34	Laufen-Uhwiesen	77.5372124493
35	Marthalen	65.4749744637
36	Oberstammheim	61.6071428571
37	Ossingen	67.3282442748
38	Rheinau	53.1024531025
39	Thalheim an der Thur	73.3870967742
40	Trüllikon	71.237458194
41	Truttikon	70.0854700855
42	Unterstammheim	55.9360730594
43	Volken	75.7763975155
44	Waltalingen	64.1456582633
51	Bachenbülach	84.0431266846
52	Bassersdorf	80.0786672837
53	Bülach	64.200809307
54	Dietlikon	76.0177236223
55	Eglisau	67.3763306199
56	Embrach	69.642048029
57	Freienstein-Teufen	81.1774461028
58	Glattfelden	74.2973939704
59	Hochfelden	83.7486457205
60	Höri	77.8201219512
61	Hüntwangen	83.3723653396
62	Kloten	55.1758004321
63	Lufingen	85
64	Nürensdorf	82.2755417957
65	Oberembrach	75.0877192982
66	Opfikon	74.2253521127
67	Rafz	64.6051905025
68	Rorbas	81.0126582278
69	Wallisellen	68.9278867424
70	Wasterkingen	79.1925465839
71	Wil (ZH)	73.9191073919
72	Winkel	83.4936708861
81	Bachs	65.3495440729
82	Boppelsen	80
83	Buchs (ZH)	83.2547169811
84	Dällikon	75.9960649287
85	Dänikon	80.6666666667
86	Dielsdorf	67.9914833215
87	Hüttikon	74.3827160494
88	Neerach	82.1187584345
89	Niederglatt	82.478438493
90	Niederhasli	82.5863991081
91	Niederweningen	74.6105919003
92	Oberglatt	84.9099099099
93	Oberweningen	83.5820895522
94	Otelfingen	72.6267281106
95	Regensberg	76.5517241379
96	Regensdorf	67.7223719677
97	Rümlang	73.4905660377
98	Schleinikon	81.7934782609
99	Schöfflisdorf	81.3880126183
100	Stadel	74.6177370031
101	Steinmaur	76.7645221736
102	Weiach	77.9439252336
111	Bäretswil	70.6730769231
112	Bubikon	70.2844066688
113	Dürnten	78.5931790499
114	Fischenthal	64.8414985591
115	Gossau (ZH)	75.1830756713
116	Grüningen	67.53894081
117	Hinwil	61.2732615083
118	Rüti (ZH)	68.948189222
119	Seegräben	75.6427604871
120	Wald (ZH)	54.848894903
121	Wetzikon (ZH)	58.6137008512
131	Adliswil	74.663318877
132	Hirzel	70.6457925636
133	Horgen	61.8313502328
134	Hütten	73.0263157895
135	Kilchberg (ZH)	76.6523170423
136	Langnau am Albis	80.0272108844
137	Oberrieden	81.9950331126
138	Richterswil	72.6772073192
139	Rüschlikon	76.338028169
140	Schönenberg (ZH)	72.5590955807
141	Thalwil	75.993227991
142	Wädenswil	61.580711227
151	Erlenbach (ZH)	72.6633581472
152	Herrliberg	76.7118526243
153	Hombrechtikon	67.3052684648
154	Küsnacht (ZH)	68.4393246015
155	Männedorf	69.3222621185
156	Meilen	66.8108974359
157	Oetwil am See	71.3832738803
158	Stäfa	66.4179104478
159	Uetikon am See	75.7074604925
160	Zumikon	74.244966443
161	Zollikon	73.3355920718
171	Bauma	63.8288288288
172	Fehraltorf	73.4895642622
173	Hittnau	75.3101004135
174	Illnau-Effretikon	72.5345402573
175	Kyburg	80.686695279
176	Lindau	73.8501971091
177	Pfäffikon	60.2518323623
178	Russikon	74.7211895911
179	Sternenberg	48.8888888889
180	Weisslingen	74.6212121212
181	Wila	69.8857736241
182	Wildberg	70.1581027668
191	Dübendorf	70.9719156709
192	Egg	74.9812734082
193	Fällanden	80.1401239558
194	Greifensee	83.2264596693
195	Maur	78.9452166803
196	Mönchaltorf	78.5423037717
197	Schwerzenbach	83.8028169014
198	Uster	64.7124511446
199	Volketswil	73.569578526
200	Wangen-Brüttisellen	78.8985670132
211	Altikon	68.9349112426
212	Bertschikon	72.6126126126
213	Brütten	81.5068493151
214	Dägerlen	76.4705882353
215	Dättlikon	77.7777777778
216	Dinhard	77.3333333333
217	Elgg	64.1935483871
218	Ellikon an der Thur	72.5352112676
219	Elsau	74.8855461086
220	Hagenbuch	75.5
221	Hettlingen	80.7538091419
222	Hofstetten bei Elgg	70.7762557078
223	Neftenbach	77.5820656525
224	Pfungen	78.3783783784
225	Rickenbach (ZH)	78.0209324453
226	Schlatt (ZH)	66.6666666667
227	Seuzach	78.1066741134
228	Turbenthal	62.5
229	Wiesendangen	80.9433063364
230	Winterthur	39.5801598397
231	Zell (ZH)	71.464330413
241	Aesch bei Birmensdorf	77.9599271403
242	Birmensdorf (ZH)	76.447044335
243	Dietikon	71.1541744921
244	Geroldswil	82.7901867448
245	Oberengstringen	82.6032540676
246	Oetwil an der Limmat	85.3769992384
247	Schlieren	71.9333602042
248	Uitikon	76.4863417247
249	Unterengstringen	84.1752891053
250	Urdorf	77.0011489851
251	Weiningen (ZH)	81.6811329374
261	Zürich	21.5386537404
301	Aarberg	55.4981203008
302	Bargen (BE)	74.7863247863
303	Grossaffoltern	74.0888005302
304	Kallnach	61.3434727503
305	Kappelen	68.7279151943
306	Lyss	54.3917254966
307	Meikirch	76.7857142857
308	Niederried bei Kallnach	77.7070063694
309	Radelfingen	69.8890649762
310	Rapperswil (BE)	66.4233576642
311	Schüpfen	70.5786911844
312	Seedorf (BE)	66.3347853143
321	Aarwangen	71.961722488
322	Auswil	63.3962264151
323	Bannwil	70.5705705706
324	Bleienbach	63
325	Busswil bei Melchnau	62.2641509434
326	Gondiswil	63.8069705094
327	Gutenburg	78.4810126582
328	Kleindietwil	63.4615384615
329	Langenthal	42.2479564033
330	Leimiswil	59.8360655738
331	Lotzwil	70.5211726384
332	Madiswil	61.0902255639
333	Melchnau	57.2139303483
334	Obersteckholz	70.8333333333
335	Oeschenbach	56.462585034
336	Reisiswil	49.4845360825
337	Roggwil (BE)	65.7338663621
338	Rohrbach	69.2528735632
339	Rohrbachgraben	56.3981042654
340	Rütschelen	67.5572519084
341	Schwarzhäusern	75.2100840336
342	Thunstetten	67.7813504823
343	Untersteckholz	63.6363636364
344	Ursenbach	58
345	Wynau	73.125
351	Bern	23.2621381225
352	Bolligen	79.4812105088
353	Bremgarten bei Bern	83.746835443
354	Kirchlindach	78.3895388851
355	Köniz	70.2009320038
356	Muri bei Bern	71.9493593655
357	Oberbalm	61.4432989691
358	Stettlen	81.4698492462
359	Vechigen	70.744225834
360	Wohlen bei Bern	77.8693591593
361	Zollikofen	74.6882028215
362	Ittigen	78.6531335589
363	Ostermundigen	78.2339181287
371	Biel (BE)	32.9009676755
372	Evilard	77.0095073466
381	Arch	68.911335578
382	Büetigen	76.1038961039
383	Büren an der Aare	58.4117647059
384	Busswil bei Büren	82.8263002944
385	Diessbach bei Büren	69.5931477516
386	Dotzigen	74.9672346003
387	Lengnau (BE)	67.2581326574
388	Leuzigen	71.0743801653
389	Meienried	69.4444444444
390	Meinisberg	79.086892489
391	Oberwil bei Büren	70.5128205128
392	Pieterlen	67.4748669426
393	Rüti bei Büren	70.2991452991
394	Wengi	65
401	Aefligen	80.5996472663
402	Alchenstorf	72.2929936306
403	Bäriswil	82.793867121
404	Burgdorf	42.8609062171
405	Ersigen	66.6666666667
406	Hasle bei Burgdorf	68.954248366
407	Heimiswil	62.3188405797
408	Hellsau	64.9484536082
409	Hindelbank	67.8851174935
410	Höchstetten	63.0136986301
411	Kernenried	74.5098039216
412	Kirchberg (BE)	68.5353889278
413	Koppigen	60.8695652174
414	Krauchthal	73.3561643836
415	Lyssach	74.2819843342
416	Mötschwil	72.602739726
417	Niederösch	49.1525423729
418	Oberburg	68.5148514851
419	Oberösch	67.1428571429
420	Rüdtligen-Alchenflüh	85.3448275862
421	Rumendingen	25.2631578947
422	Rüti bei Lyssach	72.5274725275
423	Willadingen	73.786407767
424	Wynigen	57.8947368421
431	Corgémont	61.4343707713
432	Cormoret	70.4641350211
433	Cortébert	72.5333333333
434	Courtelary	55.8983666062
435	La Ferrière	57.1428571429
436	La Heutte	83.2713754647
437	Mont-Tramelan	34.375
438	Orvin	58.6387434555
439	Péry	72.792022792
440	Plagne	76.1658031088
441	Renan (BE)	60.4904632153
442	Romont (BE)	72.8070175439
443	Saint-Imier	36.9875633349
444	Sonceboz-Sombeval	66.0756501182
445	Sonvilier	64.552238806
446	Tramelan	38.8917659244
447	Vauffelin	80.0925925926
448	Villeret	71.7832957111
491	Brüttelen	63.2835820896
492	Erlach	57.560137457
493	Finsterhennen	65.9663865546
494	Gals	58.6294416244
495	Gampelen	56.9651741294
496	Ins	54.5216251638
497	Lüscherz	68.7969924812
498	Müntschemier	47.04
499	Siselen	58.2278481013
500	Treiten	52.6785714286
501	Tschugg	56.0344827586
502	Vinelz	70.7616707617
531	Ballmoos	45.8333333333
532	Bangerten	64.9484536082
533	Bätterkinden	72.4393530997
534	Büren zum Hof	78.4232365145
535	Deisswil bei Münchenbuchsee	72
536	Diemerswil	60.824742268
537	Etzelkofen	63.4408602151
538	Fraubrunnen	75.3409090909
539	Grafenried	81.8737270876
540	Jegenstorf	74.8532731377
541	Iffwil	69.6721311475
542	Limpach	52.7027027027
543	Mattstetten	78.5256410256
544	Moosseedorf	76.5221626887
545	Mülchi	71.1111111111
546	Münchenbuchsee	73.2703213611
547	Münchringen	84.7896440129
548	Ruppoldsried	82.03125
549	Schalunen	85.8585858586
550	Scheunen	65.7142857143
551	Urtenen	77.2799491579
552	Utzenstorf	59.7376387487
553	Wiggiswil	50
554	Wiler bei Utzenstorf	71.1111111111
555	Zauggenried	69.6428571429
556	Zielebach	83.0601092896
557	Zuzwil (BE)	76.9547325103
561	Adelboden	11.5111838516
562	Aeschi bei Spiez	51.2371134021
563	Frutigen	34.2996643271
564	Kandergrund	37.9549393414
565	Kandersteg	28.2009724473
566	Krattigen	64.898989899
567	Reichenbach im Kandertal	52.9234478602
571	Beatenberg	33.4384858044
572	Bönigen	68.9944134078
573	Brienz (BE)	33.9333333333
574	Brienzwiler	62.1993127148
575	Därligen	83.2460732984
576	Grindelwald	11.0278818144
577	Gsteigwiler	75.4716981132
578	Gündlischwand	63.309352518
579	Habkern	48.7654320988
580	Hofstetten bei Brienz	61.6161616162
581	Interlaken	39.3864598025
582	Iseltwald	48.0952380952
584	Lauterbrunnen	15.5884165126
585	Leissigen	68.119266055
586	Lütschental	62.2807017544
587	Matten bei Interlaken	78.112244898
588	Niederried bei Interlaken	75.4491017964
589	Oberried am Brienzersee	69.8689956332
590	Ringgenberg (BE)	65.0321543408
591	Saxeten	67.2413793103
592	Schwanden bei Brienz	81.5286624204
593	Unterseen	64.623853211
594	Wilderswil	69.4944301628
601	Aeschlen	61.4942528736
602	Arni (BE)	58.2061068702
603	Biglen	69.578622816
604	Bleiken bei Oberdiessbach	72.3958333333
605	Bowil	65.5223880597
606	Brenzikofen	75.6653992395
607	Freimettigen	75.1196172249
608	Grosshöchstetten	63.3473305339
609	Häutligen	64.347826087
610	Herbligen	74.2307692308
611	Kiesen	76.6584766585
612	Konolfingen	60.1156069364
613	Landiswil	47.6780185759
614	Linden	50.0765696784
615	Mirchel	73.3108108108
616	Münsingen	60.4643044161
617	Niederhünigen	83.1325301205
618	Niederwichtrach	82.3680823681
619	Oberdiessbach	60.0803750837
620	Oberthal	56.0640732265
621	Oberwichtrach	77.7112939417
622	Oppligen	76
623	Rubigen	77.5412087912
624	Schlosswil	74.6153846154
625	Tägertschi	65.3465346535
626	Walkringen	58.3912611718
627	Worb	70.2909393184
628	Zäziwil	72.3933649289
629	Oberhünigen	60.4651162791
630	Allmendingen	73.1147540984
631	Trimstein	67.037037037
661	Clavaleyres	51.6129032258
662	Ferenbalm	69.9720670391
663	Frauenkappelen	78.8381742739
664	Golaten	54.5454545455
665	Gurbrü	66.4335664336
666	Kriechenwil	66.6666666667
667	Laupen	67.2985781991
668	Mühleberg	60.5721393035
669	Münchenwiler	71.615720524
670	Neuenegg	69.7174188106
671	Wileroltigen	63.2183908046
681	Belprahon	79.7687861272
682	Bévilard	63.371356147
683	Champoz	52.3076923077
684	Châtelat	27.9411764706
687	Corcelles (BE)	70.7547169811
690	Court	42.3703703704
691	Crémines	65.3992395437
692	Eschert	61.3636363636
694	Grandval	64.8936170213
696	Loveresse	68.7116564417
697	Malleray	59.6153846154
699	Monible	52
700	Moutier	32.3016905072
701	Perrefitte	74.2489270386
702	Pontenet	76.8421052632
703	Reconvilier	50.3514938489
704	Roches (BE)	70.4918032787
706	Saicourt	52.0249221184
707	Saules (BE)	69.2307692308
708	Schelten	7.6923076923
709	Seehof	29.4117647059
710	Sornetan	36.7647058824
711	Sorvilier	66.2162162162
712	Souboz	55.8823529412
713	Tavannes	59.7864768683
715	Rebévelier	25
721	Diesse	69.0821256039
722	Lamboing	73.4328358209
723	La Neuveville	56.2424242424
724	Nods	65.6804733728
725	Prêles	68.6746987952
731	Aegerten	82.2580645161
732	Bellmund	85.8243451464
733	Brügg	73.0430754979
734	Bühl	74.8917748918
735	Epsach	74.1935483871
736	Hagneck	85
737	Hermrigen	70.8333333333
738	Jens	74.4680851064
739	Ipsach	85.3829557713
740	Ligerz	66.5399239544
741	Merzligen	81.7757009346
742	Mörigen	80.9264305177
743	Nidau	79.5864880606
744	Orpund	78.5925925926
745	Port	83.4482758621
746	Safnern	74.8194014448
747	Scheuren	85.8407079646
748	Schwadernau	79.4285714286
749	Studen	76.193870278
750	Sutz-Lattrigen	79.6774193548
751	Täuffelen	62.6479289941
752	Tüscherz-Alfermée	77.027027027
753	Twann	63.9344262295
754	Walperswil	68.7074829932
755	Worben	76.1994355597
761	Därstetten	51.4874141876
762	Diemtigen	39.6455223881
763	Erlenbach im Simmental	50.1750291715
764	Niederstocken	70.7792207792
765	Oberstocken	78.102189781
766	Oberwil im Simmental	36.0406091371
767	Reutigen	68.8453159041
768	Spiez	57.3380566802
769	Wimmis	63.9011473963
781	Gadmen	43.9252336449
782	Guttannen	54.6511627907
783	Hasliberg	27.3570324575
784	Innertkirchen	44.3037974684
785	Meiringen	23.0927835052
786	Schattenhalb	71.8181818182
791	Boltigen	40.4651162791
792	Lenk	16.0220994475
793	St. Stephan	51.3081395349
794	Zweisimmen	27.4509803922
841	Gsteig	53.4412955466
842	Lauenen	37.8896882494
843	Saanen	6.6218313502
851	Albligen	68.5258964143
852	Guggisberg	48.3061480552
853	Rüschegg	66.0606060606
854	Wahlern	45.8396830235
861	Belp	64.888801417
862	Belpberg	59.2760180995
863	Burgistein	72.0703125
864	Englisberg	47.0085470085
865	Gelterfingen	62.7737226277
866	Gerzensee	61.3821138211
867	Gurzelen	68.5185185185
868	Jaberg	81.1475409836
869	Kaufdorf	75.632183908
870	Kehrsatz	81.449569184
871	Kienersrüti	62.5
872	Kirchdorf (BE)	68.1395348837
873	Kirchenthurnen	76.3636363636
874	Lohnstorf	58.5106382979
875	Mühledorf (BE)	68.1818181818
876	Mühlethurnen	77.7126099707
877	Niedermuhlern	59.1078066915
878	Noflen	60.4316546763
879	Riggisberg	48.5139022052
880	Rüeggisberg	56.0276679842
881	Rümligen	65.6108597285
882	Rüti bei Riggisberg	45.5399061033
883	Seftigen	76.7793594306
884	Toffen	79.6962430056
885	Uttigen	77.5555555556
886	Wattenwil	58.749069248
887	Zimmerwald	62.6050420168
901	Eggiwil	43.8219493477
902	Langnau im Emmental	36.5598430347
903	Lauperswil	61.9345859429
904	Röthenbach im Emmental	48.4848484848
905	Rüderswil	67.3605328893
906	Schangnau	25.4237288136
907	Signau	61.2010796221
908	Trub	41.7004048583
909	Trubschachen	47.137637028
921	Amsoldingen	73.8341968912
922	Blumenstein	63.9741518578
923	Buchholterberg	60.5479452055
924	Eriz	49.8023715415
925	Fahrni	66.847826087
926	Forst	73.381294964
927	Heiligenschwendi	46.218487395
928	Heimberg	72.9836065574
929	Hilterfingen	77.4779735683
930	Höfen	70.5607476636
931	Homberg	57.1428571429
932	Horrenbach-Buchen	59.0476190476
933	Längenbühl	60.9375
934	Oberhofen am Thunersee	73.532068654
935	Oberlangenegg	61.3733905579
936	Pohlern	72.2627737226
937	Schwendibach	75
938	Sigriswil	53.2384014699
939	Steffisburg	72.3791417708
940	Teuffenthal (BE)	42.5531914894
941	Thierachern	79.9019607843
942	Thun	44.8208627833
943	Uebeschi	70.9302325581
944	Uetendorf	70.5593719333
945	Unterlangenegg	54.6218487395
946	Wachseldorn	60.6666666667
947	Zwieselberg	71.2121212121
951	Affoltern im Emmental	50.5392912173
952	Dürrenroth	51.871657754
953	Eriswil	60.6141522029
954	Huttwil	39.0996248437
955	Lützelflüh	60.9555984556
956	Rüegsau	62.72845953
957	Sumiswald	32.5846833579
958	Trachselwald	56.4831261101
959	Walterswil (BE)	52.3489932886
960	Wyssachen	49.5636998255
971	Attiswil	71.4893617021
972	Berken	46.1538461538
973	Bettenhausen	79.7570850202
974	Bollodingen	67.5438596491
975	Farnern	72.5806451613
976	Graben	72.619047619
977	Heimenhausen	75.3138075314
978	Hermiswil	66.1016949153
979	Herzogenbuchsee	54.6613255645
980	Inkwil	77.5449101796
981	Niederbipp	62.6459143969
982	Niederönz	78.3180026281
983	Oberbipp	72.9333333333
984	Oberönz	86.2212943633
985	Ochlenberg	57.3099415205
986	Röthenbach bei Herzogenbuchsee	64.2857142857
987	Rumisberg	75.1054852321
988	Seeberg	64.5118733509
989	Thörigen	69.685767098
990	Walliswil bei Niederbipp	79.5620437956
991	Walliswil bei Wangen	76.8729641694
992	Wangen an der Aare	63.8748738648
993	Wangenried	75.7847533632
994	Wanzwil	65.5844155844
995	Wiedlisbach	62.9915188897
996	Wolfisberg	83.6956521739
1001	Doppleschwand	67.1732522796
1002	Entlebuch	39.7216951297
1003	Escholzmatt	38.379814077
1004	Flühli	30.0751879699
1005	Hasle (LU)	48.7485101311
1006	Marbach (LU)	45.704467354
1007	Romoos	40.4191616766
1008	Schüpfheim	37.0208105148
1009	Werthenstein	63.2337796087
1021	Aesch (LU)	62.2950819672
1022	Altwis	62.3188405797
1023	Ballwil	68.9598689599
1024	Emmen	61.4370135486
1025	Ermensee	72.7040816327
1026	Eschenbach (LU)	65.4084158416
1027	Gelfingen	76.1904761905
1028	Hämikon	65.3333333333
1029	Herlisberg	65.2892561983
1030	Hitzkirch	44.7735191638
1031	Hochdorf	44.8932926829
1032	Hohenrain	61.3369467028
1033	Inwil	70.2891326022
1034	Lieli	70
1035	Mosen	71.4285714286
1036	Müswangen	68.3257918552
1037	Rain	67.7486910995
1038	Retschwil	63.6363636364
1039	Römerswil	67.8195488722
1040	Rothenburg	72.7164887307
1041	Schongau	57.6923076923
1042	Sulz (LU)	64.5161290323
1051	Adligenswil	76.4102564103
1052	Buchrain	80.8607021518
1053	Dierikon	73.7517831669
1054	Ebikon	69.7968697969
1055	Gisikon	83.3671399594
1056	Greppen	69.5961995249
1057	Honau	84.6153846154
1058	Horw	73.8165450877
1059	Kriens	68.6705110988
1060	Littau	74.9825378347
1061	Luzern	37.1791117618
1062	Malters	53.1353135314
1063	Meggen	69.2409678489
1064	Meierskappel	74.0932642487
1065	Root	68.7852383393
1066	Schwarzenberg	65.3113087675
1067	Udligenswil	74.8768472906
1068	Vitznau	50.9328358209
1069	Weggis	45.7727517501
1081	Beromünster	59.4687232219
1082	Büron	69.9195171026
1083	Buttisholz	57.5391180654
1084	Eich	73.0769230769
1085	Geuensee	74.2337164751
1086	Grosswangen	56.1466570812
1087	Gunzwil	66.0896130346
1088	Hildisrieden	68.6868686869
1089	Knutwil	69.7729988053
1090	Kulmerau	71.1340206186
1091	Mauensee	74.1509433962
1092	Neudorf	59.7426470588
1093	Neuenkirch	63.3907463695
1094	Nottwil	62.5654450262
1095	Oberkirch	79.1245791246
1096	Pfeffikon	76.0655737705
1097	Rickenbach (LU)	57.2380952381
1098	Ruswil	56.3004345127
1099	Schenkon	76.3709677419
1100	Schlierbach	66.99669967
1101	Schwarzenbach	64.2857142857
1102	Sempach	69.28721174
1103	Sursee	44.0223463687
1104	Triengen	50.2295081967
1105	Wilihof	62.2047244094
1106	Winikon	66.1691542289
1107	Wolhusen	52.049382716
1121	Alberswil	76.4705882353
1122	Altbüron	53.3190578158
1123	Altishofen	60.4379562044
1124	Buchs (LU)	73.1182795699
1125	Dagmersellen	60.87949743
1126	Ebersecken	54.9763033175
1127	Egolzwil	75.799086758
1128	Ettiswil	65.1991614256
1129	Fischbach	69.3641618497
1130	Gettnau	69.8656429942
1131	Grossdietwil	51.7587939698
1132	Hergiswil bei Willisau	51.6816143498
1133	Kottwil	65.1515151515
1134	Langnau bei Reiden	69.8289269051
1135	Luthern	36.6847826087
1136	Menznau	50.7523939808
1137	Nebikon	64.8214285714
1138	Ohmstal	62.2754491018
1139	Pfaffnau	50.4704875962
1140	Reiden	64.049382716
1141	Richenthal	71.5151515152
1142	Roggliswil	58.4192439863
1143	Schötz	58.0666231221
1144	Uffikon	72.8613569322
1145	Ufhusen	57.5308641975
1146	Wauwil	68.3090705487
1147	Wikon	70.3976435935
1148	Willisau Land	60.4484732824
1149	Willisau Stadt	58.4140435835
1150	Zell (LU)	44.2786069652
1201	Altdorf (UR)	38.4868421053
1202	Andermatt	15.1515151515
1203	Attinghausen	76.2416107383
1204	Bauen	58.4905660377
1205	Bürglen (UR)	60.7822410148
1206	Erstfeld	57.1017826337
1207	Flüelen	67.7667766777
1208	Göschenen	46.6417910448
1209	Gurtnellen	50.3472222222
1210	Hospental	63.2653061224
1211	Isenthal	49.173553719
1212	Realp	50.7462686567
1213	Schattdorf	68.5569026203
1214	Seedorf (UR)	76.6431924883
1215	Seelisberg	50.4854368932
1216	Silenen	66.3201663202
1217	Sisikon	63.5359116022
1218	Spiringen	59.1836734694
1219	Unterschächen	67.115902965
1220	Wassen	40.6542056075
1301	Einsiedeln	37.8763161797
1311	Gersau	50.496031746
1321	Feusisberg	67.978042086
1322	Freienbach	59.968144412
1323	Wollerau	75.3972758229
1331	Küssnacht am Rigi	47.489539749
1341	Altendorf	67.4222051479
1342	Galgenen	75.7308584687
1343	Innerthal	52.4390243902
1344	Lachen	62.4784853701
1345	Reichenburg	67.5582990398
1346	Schübelbach	72.522875817
1347	Tuggen	64.6860229575
1348	Vorderthal	66.0531697342
1349	Wangen (SZ)	75.0102417042
1361	Alpthal	58.8235294118
1362	Arth	57.4196207749
1363	Illgau	61.8918918919
1364	Ingenbohl	57.9578778992
1365	Lauerz	68.75
1366	Morschach	49.7872340426
1367	Muotathal	44.8911222781
1368	Oberiberg	54.854368932
1369	Riemenstalden	28
1370	Rothenthurm	58.7967183227
1371	Sattel	58.8072122053
1372	Schwyz	29.7367699479
1373	Steinen	66.2125340599
1374	Steinerberg	68.1093394077
1375	Unteriberg	49.2390331244
1401	Alpnach	63.238024508
1402	Engelberg	16.2553648069
1403	Giswil	54.1545613016
1404	Kerns	56.3298066399
1405	Lungern	39.2197125257
1406	Sachseln	51.8926056338
1407	Sarnen	40.4868154158
1501	Beckenried	63.7384412153
1502	Buochs	67.6969468526
1503	Dallenwil	65.935334873
1504	Emmetten	63.1415241058
1505	Ennetbürgen	72.945521699
1506	Ennetmoos	74.6895893028
1507	Hergiswil (NW)	64.5974416855
1508	Oberdorf (NW)	78.4952978056
1509	Stans	45.5114822547
1510	Stansstad	72.9918509895
1511	Wolfenschiessen	63.1931166348
1601	Betschwanden	76.3888888889
1602	Bilten	71.0344827586
1603	Braunwald	15.811965812
1604	Diesbach (GL)	64.2276422764
1605	Elm	31.7258883249
1606	Engi	60.2305475504
1607	Ennenda	64.2756680731
1608	Filzbach	54.2586750789
1609	Glarus	47.3009446694
1610	Haslen	68.1818181818
1611	Hätzingen	77.245508982
1612	Leuggelbach	78.8235294118
1613	Linthal	45.6869009585
1614	Luchsingen	72.4832214765
1615	Matt	44.7916666667
1616	Mitlödi	65.988909427
1617	Mollis	65.865680838
1618	Mühlehorn	58.4033613445
1619	Näfels	50.3624939584
1620	Netstal	58.8559614059
1621	Nidfurn	81.6666666667
1622	Niederurnen	53.3641499743
1623	Oberurnen	79.9366420275
1624	Obstalden	70.9251101322
1625	Riedern	76.9230769231
1626	Rüti (GL)	58.8516746411
1627	Schwanden (GL)	46.5828750982
1628	Schwändi	80.1104972376
1629	Sool	83.0065359477
1701	Baar	62.4809673086
1702	Cham	69.2524493357
1703	Hünenberg	76.7413241447
1704	Menzingen	55.8896210873
1705	Neuheim	70.347826087
1706	Oberägeri	63.961038961
1707	Risch	68.6904761905
1708	Steinhausen	75.7171314741
1709	Unterägeri	60.9987195903
1710	Walchwil	68.2613768961
1711	Zug	47.2237493128
2001	Aumont	72.3502304147
2002	Autavaux	70.8860759494
2003	Bollion	76.8115942029
2004	Bussy (FR)	64.1791044776
2005	Châbles	74.5901639344
2007	Chapelle (Broye)	28.5714285714
2008	Châtillon (FR)	82.9787234043
2009	Cheiry	69.6
2010	Cheyres	72.4928366762
2011	Cugy (FR)	64.3518518519
2012	Delley	72.5118483412
2013	Domdidier	58.2524271845
2014	Dompierre (FR)	70.4467353952
2015	Estavayer-le-Lac	39.3514036786
2016	Fétigny	77.0491803279
2017	Font	78.9855072464
2018	Forel (FR)	76.5060240964
2020	Frasses	83.908045977
2022	Gletterens	71.09375
2023	Granges-de-Vesin	65.7894736842
2024	Léchelles	78
2025	Lully (FR)	77.6595744681
2026	Mannens-Grandsivaz	70.5394190871
2027	Ménières	75
2029	Montagny (FR)	73.1669266771
2031	Montbrelloz	78.4615384615
2032	Montet (Broye)	38.202247191
2033	Morens (FR)	66.6666666667
2034	Murist	62.9807692308
2035	Nuvilly	74.8251748252
2036	Portalban	79.0697674419
2037	Praratoud	69.2307692308
2038	Prévondavaux	59.4594594595
2039	Rueyres-les-Prés	76.0330578512
2040	Russy	75
2041	Saint-Aubin (FR)	72.0820189274
2042	Seiry	80.4347826087
2043	Sévaz	65.3846153846
2044	Surpierre	67.5925925926
2045	Vallon	70.3703703704
2046	Vesin	74.1666666667
2047	Villeneuve (FR)	68.8524590164
2049	Vuissens	72
2061	Auboranges	76.3440860215
2062	Berlens	71.6814159292
2063	Billens-Hennens	63.1578947368
2064	Bionnens	58.3333333333
2066	Chapelle (Glâne)	78.3505154639
2067	Le Châtelard	52.2580645161
2068	Châtonnaye	68.8259109312
2069	Chavannes-les-Forts	60.2649006623
2070	Chavannes-sous-Orsonnens	75.1879699248
2071	Les Ecasseys	44.4444444444
2072	Ecublens (FR)	57.6923076923
2074	Esmonts	69.3548387097
2075	Estévenens	57.5757575758
2077	Gillarens	70.7865168539
2079	Grangettes	62.962962963
2081	La Joux (FR)	48
2082	Lieffrens	64.2857142857
2083	Lussy (FR)	75.5681818182
2085	La Magne	40.9090909091
2086	Massonnens	64.3243243243
2087	Mézières (FR)	70.8737864078
2088	Middes	70.9677419355
2089	Montet (Glâne)	84.7826086957
2091	Mossel	57.5757575758
2092	La Neirigue	44.4444444444
2093	Orsonnens	59.8684210526
2094	Prez-vers-Siviriez	57.1428571429
2095	Promasens	74.21875
2096	Romont (FR)	46.5960665658
2097	Rue	68.1818181818
2099	Siviriez	63.6363636364
2100	Sommentier	65.4205607477
2101	Torny-le-Grand	76.5714285714
2102	Ursy	59.8187311178
2103	Vauderens	73.8938053097
2105	Villaraboud	66.6666666667
2107	Villargiroud	74.6913580247
2108	Villariaz	74.4186046512
2109	Villarimboud	72.2222222222
2110	Villarsiviriaux	69.5652173913
2111	Villaz-Saint-Pierre	72.1962616822
2112	Vuarmarens	77.4566473988
2113	Vuisternens-devant-Romont	72.5631768953
2121	Albeuve	56.1594202899
2122	Avry-devant-Pont	75.2066115702
2123	Botterens	77.5510204082
2124	Broc	61.0309278351
2125	Bulle	40.7299270073
2126	Cerniat (FR)	67.2619047619
2127	Charmey	46.5659340659
2128	Châtel-sur-Montsalvens	84.6153846154
2129	Corbières	77.2486772487
2130	Crésuz	79.6116504854
2131	Echarlens	78.2608695652
2132	Enney	72.0833333333
2133	Estavannens	75.3246753247
2134	Grandvillard	60.3448275862
2135	Gruyères	63.143989432
2136	Gumefens	75.652173913
2137	Hauteville	75.1111111111
2138	Jaun	41.1149825784
2139	Lessoc	67.0886075949
2140	Marsens	59.631147541
2141	Maules	60.9756097561
2142	Montbovon	56.4356435644
2143	Morlon	74.6031746032
2144	Neirivue	65.4545454545
2145	Le Pâquier (FR)	78.0373831776
2146	Le Bry	74.025974026
2147	Pont-la-Ville	68.487394958
2148	Riaz	77.7651083238
2149	La Roche	59.0625
2150	Romanens	67.7685950413
2151	Rueyres-Treyfayes	50.9803921569
2152	Sâles (Gruyère)	57.0895522388
2153	Sorens	68.6868686869
2154	La Tour-de-Trême	79.5823665893
2155	Vaulruz	68.8888888889
2156	Villarbeney	75
2158	Villars-sous-Mont	69.6629213483
2159	Villarvolard	72.7272727273
2160	Vuadens	74.2966751918
2161	Vuippens	81.3953488372
2171	Arconciel	81.9875776398
2172	Autafond	52.380952381
2173	Autigny	71.9242902208
2174	Avry-sur-Matran	76.011994003
2175	Belfaux	78.5335689046
2176	Bonnefontaine	80.1587301587
2177	Chénens	79.8586572438
2179	Chésopelloz	46.5517241379
2180	La Corbaz	85.5072463768
2181	Corjolens	81.1320754717
2182	Cormagens	74.1379310345
2183	Corminboeuf	83.8150289017
2184	Corpataux-Magnedens	83.9622641509
2185	Corserey	65.9090909091
2186	Cottens (FR)	76.9722814499
2188	Ecuvillens	81.8443804035
2189	Ependes (FR)	77.1153846154
2190	Essert (FR)	73.3333333333
2191	Estavayer-le-Gibloux	67.1641791045
2192	Farvagny	73.1762065095
2194	Ferpicloz	66.3265306122
2196	Fribourg	37.8043819376
2197	Givisiez	74.5098039216
2198	Granges-Paccot	79.3367346939
2200	Grolley	75.4270696452
2202	Lentigny	85.100286533
2203	Lossy-Formangueires	79.1469194313
2204	Lovens	71.4285714286
2206	Marly	72.7297972785
2208	Matran	82.5471698113
2210	Montévraz	86.2962962963
2211	Neyruz (FR)	83.1395348837
2213	Noréaz	69.5167286245
2214	Oberried (FR)	67.5675675676
2215	Onnens (FR)	83.9357429719
2216	Pierrafortscha	64.1025641026
2217	Ponthaux	77.2200772201
2219	Posieux	70.8910891089
2220	Praroman	77.2329246935
2221	Prez-vers-Noréaz	79.0754257908
2222	Rossens (FR)	80.198019802
2223	Rueyres-Saint-Laurent	76.7605633803
2225	Senèdes	76.1194029851
2226	Treyvaux	61.8657937807
2227	Villarlod	80.9160305344
2228	Villars-sur-Glâne	73.5516372796
2229	Villarsel-le-Gibloux	76.1061946903
2230	Villarsel-sur-Marly	75.7575757576
2231	Vuisternens-en-Ogoz	75.2659574468
2232	Zénauva	71.875
2241	Agriswil	72
2243	Barberêche	64.4599303136
2244	Büchslen	67.7777777778
2247	Cordast	80.8612440191
2250	Courgevaux	79.1497975709
2251	Courlevon	69.4444444444
2253	Courtaman	85.5148342059
2254	Courtepin	53.1531531532
2257	Cressier (FR)	75.1256281407
2258	Fräschels	65.4411764706
2259	Galmiz	69.7530864198
2260	Gempenach	65.3333333333
2261	Greng	69.8924731183
2262	Gurmels	68.2382133995
2263	Guschelmuth	71.724137931
2264	Jeuss	73.9361702128
2265	Kerzers	59.1448931116
2266	Kleinbösingen	81.5699658703
2269	Liebistorf	82.2033898305
2270	Lurtigen	70
2271	Meyriez	84.5864661654
2272	Misery-Courtion	74.6774193548
2274	Muntelier	82.1596244131
2275	Murten	55.4249244206
2276	Ried bei Kerzers	56.204379562
2277	Salvenach	69.8630136986
2278	Ulmiz	55.8011049724
2279	Villarepos	73.275862069
2280	Bas-Vully	62.090813094
2281	Haut-Vully	68.6956521739
2282	Wallenbuch	89.4736842105
2283	Wallenried	76.7857142857
2291	Alterswil	70.4752275025
2292	Brünisried	81.0169491525
2293	Düdingen	60.6802721088
2294	Giffers	74.2281879195
2295	Bösingen	74.3113772455
2296	Heitenried	70.7037643208
2298	Oberschrot	78.4274193548
2299	Plaffeien	50.6707946336
2300	Plasselb	80
2301	Rechthalten	78.6941580756
2302	St. Antoni	69.8984302862
2303	St. Silvester	77.0137524558
2304	St. Ursen	70.8904109589
2305	Schmitten (FR)	68.2210708117
2306	Tafers	63.4110787172
2307	Tentlingen	79.2869269949
2308	Ueberstorf	75.1459549625
2309	Wünnewil-Flamatt	73.6642667677
2310	Zumholz	81.9383259912
2321	Attalens	71.7763751127
2322	Besencens	60.8108108108
2323	Bossonnens	76.320582878
2324	Bouloz	65.8914728682
2325	Châtel-Saint-Denis	50.6413091552
2326	Le Crêt	57.2164948454
2327	Fiaugères	63.2911392405
2328	Granges (Veveyse)	79.9373040752
2329	Grattavache	79.3103448276
2330	Pont (Veveyse)	66.2337662338
2331	Porsel	71.2918660287
2332	Progens	71.7557251908
2333	Remaufens	78.1914893617
2335	Saint-Martin (FR)	73.417721519
2336	Semsales	69.741697417
2401	Egerkingen	64.2901813634
2402	Härkingen	72.600619195
2403	Kestenholz	72.9234088457
2404	Neuendorf	69.6463654224
2405	Niederbuchsiten	75.6916996047
2406	Oberbuchsiten	80.1015228426
2407	Oensingen	56.4368274213
2408	Wolfwil	67.8431372549
2421	Aedermannsdorf	67.680608365
2422	Balsthal	58.4561403509
2423	Gänsbrunnen	49.0196078431
2424	Herbetswil	66.4335664336
2425	Holderbank (SO)	67.868852459
2426	Laupersdorf	73.4055354994
2427	Matzendorf	69.6682464455
2428	Mümliswil-Ramiswil	60.4948124501
2429	Welschenrohr	48.4098939929
2441	Aetigkofen	61.6822429907
2442	Aetingen	69.6296296296
2443	Balm bei Messen	61.8181818182
2444	Bibern (SO)	70.4918032787
2445	Biezwil	74.4444444444
2446	Brügglen	75.4901960784
2447	Brunnenthal	78.3505154639
2449	Gossliwil	79.381443299
2450	Hessigkofen	67.6691729323
2452	Küttigkofen	74.6153846154
2453	Kyburg-Buchegg	73.9884393064
2454	Lüsslingen	71.6814159292
2455	Lüterkofen-Ichertswil	74.5358090186
2456	Lüterswil-Gächliwil	65
2457	Messen	63.0885122411
2458	Mühledorf (SO)	61.8497109827
2459	Nennigkofen	67.8571428571
2460	Oberramsern	50
2461	Schnottwil	74.8201438849
2462	Tscheppach	75.4385964912
2463	Unterramsern	66.0194174757
2471	Bättwil	79.497098646
2472	Büren (SO)	77.8523489933
2473	Dornach	69.4161575017
2474	Gempen	62.7551020408
2475	Hochwald	76.8551236749
2476	Hofstetten-Flüh	80.4775280899
2477	Metzerlen	70.5357142857
2478	Nuglar-St. Pantaleon	83.2861189802
2479	Rodersdorf	81.2982998454
2480	Seewen	70.8582834331
2481	Witterswil	84.2185128983
2491	Hauenstein-Ifenthal	69.5652173913
2492	Kienberg	65
2493	Lostorf	74.580854516
2494	Niedererlinsbach	79.3650793651
2495	Niedergösgen	75.6246812851
2496	Obererlinsbach	75.0636132316
2497	Obergösgen	82.0636451302
2498	Rohr (SO)	62.2641509434
2499	Stüsslingen	75.4189944134
2500	Trimbach	75.7367387033
2501	Winznau	85.1933701657
2502	Wisen (SO)	70.5627705628
2511	Aeschi (SO)	74.4565217391
2513	Biberist	67.3232323232
2514	Bolken	86.0294117647
2516	Deitingen	68.6255924171
2517	Derendingen	74.8468236053
2518	Etziken	70.5463182898
2519	Gerlafingen	71.9572001783
2520	Halten	85.7461024499
2521	Heinrichswil-Winistorf	79.4964028777
2522	Hersiwil	76.7441860465
2523	Horriwil	76.3285024155
2524	Hüniken	65.9090909091
2525	Kriegstetten	79.2890262751
2526	Lohn-Ammannsegg	78.0327868852
2527	Luterbach	77.8368794326
2528	Obergerlafingen	80.7228915663
2529	Oekingen	86.6477272727
2530	Recherswil	80.5970149254
2531	Steinhof	74.2424242424
2532	Subingen	74.7397640527
2534	Zuchwil	72.2713864307
2541	Balm bei Günsberg	76.6666666667
2542	Bellach	74.4009128946
2543	Bettlach	70.7762557078
2544	Feldbrunnen-St. Niklaus	85.5329949239
2545	Flumenthal	85.9829059829
2546	Grenchen	40.9739609414
2547	Günsberg	76.9485903814
2548	Hubersdorf	86.0655737705
2549	Kammersrohr	65
2550	Langendorf	80.7736720554
2551	Lommiswil	82.3303457106
2552	Niederwil (SO)	77.6041666667
2553	Oberdorf (SO)	77.8834720571
2554	Riedholz	77.7085927771
2555	Rüttenen	80.2564102564
2556	Selzach	68.8285903375
2571	Boningen	80.3468208092
2572	Däniken	70.2349869452
2573	Dulliken	74.342663274
2574	Eppenberg-Wöschnau	81.2154696133
2575	Fulenbach	72.0534629405
2576	Gretzenbach	82.0613690008
2578	Gunzgen	77.4818401937
2579	Hägendorf	69.7173620458
2580	Kappel (SO)	83.3691756272
2581	Olten	50.090372334
2582	Rickenbach (SO)	82.5910931174
2583	Schönenwerd	72.4887248872
2584	Starrkirch-Wil	88.4955752212
2585	Walterswil (SO)	80.2985074627
2586	Wangen bei Olten	73.8263398421
2601	Solothurn	44.8709958868
2611	Bärschwil	76.4434180139
2612	Beinwil (SO)	49.6732026144
2613	Breitenbach	59.1898428053
2614	Büsserach	75.2284263959
2615	Erschwil	73.0512249443
2616	Fehren	84.8920863309
2617	Grindel	87.8661087866
2618	Himmelried	84.456928839
2619	Kleinlützel	62.938230384
2620	Meltingen	84.3537414966
2621	Nunningen	63.7787056367
2622	Zullwil	82.3728813559
2701	Basel	23.3635338209
2702	Bettingen	62.9948364888
2703	Riehen	74.725643897
2761	Aesch (BL)	76.2832883057
2762	Allschwil	75.7543219156
2763	Arlesheim	71.2947787403
2764	Biel-Benken	78.2041998552
2765	Binningen	79.1910818922
2766	Birsfelden	80.0926819849
2767	Bottmingen	86.2964298594
2768	Ettingen	80.6831566549
2769	Münchenstein	76.3833129691
2770	Muttenz	68.272606222
2771	Oberwil (BL)	78.7840136054
2772	Pfeffingen	86.7888138862
2773	Reinach (BL)	73.5947986577
2774	Schönenbuch	82.1100917431
2775	Therwil	82.2691777676
2781	Blauen	80.5714285714
2782	Brislach	78.5326086957
2783	Burg im Leimental	73.6
2784	Dittingen	73.5537190083
2785	Duggingen	81.8965517241
2786	Grellingen	78.0023781213
2787	Laufen	56.2181247548
2788	Liesberg	62.6970227671
2789	Nenzlingen	75.6476683938
2790	Roggenburg	71.875
2791	Röschenz	83.5748792271
2792	Wahlen	84.5181674566
2793	Zwingen	76.320582878
2821	Arisdorf	72.7146814404
2822	Augst	75.5859375
2823	Bubendorf	73.9534883721
2824	Frenkendorf	82.2622107969
2825	Füllinsdorf	82.4150596878
2826	Giebenach	84.7916666667
2827	Hersberg	84.4720496894
2828	Lausen	78.9892558695
2829	Liestal	57.2704641968
2830	Lupsingen	85.2359208524
2831	Pratteln	66.632070576
2832	Ramlinsburg	81.0055865922
2833	Seltisberg	81.3036020583
2834	Ziefen	69.8340874811
2841	Anwil	78.0269058296
2842	Böckten	79.2613636364
2843	Buckten	78.386167147
2844	Buus	68.0497925311
2845	Diepflingen	81.7857142857
2846	Gelterkinden	68.4892086331
2847	Häfelfingen	60
2848	Hemmiken	77.0186335404
2849	Itingen	77.5109170306
2850	Känerkinden	83.6653386454
2851	Kilchberg (BL)	71.9298245614
2852	Läufelfingen	67.1451355662
2853	Maisprach	74.2358078603
2854	Nusshof	80.3418803419
2855	Oltingen	67.7130044843
2856	Ormalingen	73.7373737374
2857	Rickenbach (BL)	81.881533101
2858	Rothenfluh	70.796460177
2859	Rümlingen	70.4819277108
2860	Rünenberg	77.5773195876
2861	Sissach	65.0930392833
2862	Tecknau	84.9015317287
2863	Tenniken	79.3499043977
2864	Thürnen	80.9148264984
2865	Wenslingen	71.2250712251
2866	Wintersingen	78.7096774194
2867	Wittinsburg	73.4104046243
2868	Zeglingen	64.7058823529
2869	Zunzgen	81.2596006144
2881	Arboldswil	78.1609195402
2882	Bennwil	73.413897281
2883	Bretzwil	68.0327868852
2884	Diegten	71.6180371353
2885	Eptingen	59.9315068493
2886	Hölstein	75
2887	Lampenberg	76.9230769231
2888	Langenbruck	58.6776859504
2889	Lauwil	70.2702702703
2890	Liedertswil	69.5238095238
2891	Niederdorf	68.040201005
2892	Oberdorf (BL)	66.5831244779
2893	Reigoldswil	66.5753424658
2894	Titterten	68
2895	Waldenburg	68
2901	Gächlingen	68.3215130024
2902	Guntmadingen	68.4210526316
2903	Löhningen	77.2070626003
2904	Neunkirch	67.8774120318
2905	Osterfingen	61.6580310881
2911	Altdorf (SH)	63
2912	Barzheim	64.5833333333
2913	Bibern (SH)	59.5238095238
2914	Büttenhardt	79.5698924731
2915	Dörflingen	79.6338672769
2916	Hofen	81.6666666667
2917	Lohn (SH)	75.975975976
2918	Opfertshofen (SH)	72.0588235294
2919	Stetten (SH)	83.698296837
2920	Thayngen	54.0674603175
2931	Bargen (SH)	66.1764705882
2932	Beringen	72.1712538226
2933	Buchberg	74.0046838407
2934	Hemmental	76.5625
2936	Merishausen	78.4660766962
2937	Neuhausen am Rheinfall	68.2784911718
2938	Rüdlingen	68.3615819209
2939	Schaffhausen	35.6036246711
2951	Beggingen	62.4505928854
2952	Schleitheim	49.9421965318
2953	Siblingen	69.3121693122
2961	Buch (SH)	65.9090909091
2962	Hemishofen	65.4639175258
2963	Ramsen	48.9795918367
2964	Stein am Rhein	52.4699599466
2971	Hallau	44.1176470588
2972	Oberhallau	60.4545454545
2973	Trasadingen	66.1654135338
2974	Wilchingen	54.9483013294
3001	Herisau	39.4814727122
3002	Hundwil	52.6946107784
3003	Schönengrund	59.4017094017
3004	Schwellbrunn	60.1078167116
3005	Stein (AR)	60.1131541726
3006	Urnäsch	42.3243712056
3007	Waldstatt	64.0320733104
3021	Bühler	53.6384976526
3022	Gais	50.1086169442
3023	Speicher	66.1937377691
3024	Teufen (AR)	57.9190340909
3025	Trogen	54
3031	Grub (AR)	73.4615384615
3032	Heiden	42.6906265177
3033	Lutzenberg	70.8898944193
3034	Rehetobel	60.396039604
3035	Reute (AR)	71.676300578
3036	Wald (AR)	59.0804597701
3037	Walzenhausen	52.9302325581
3038	Wolfhalden	66.0674157303
3101	Appenzell	34.7994370162
3102	Gonten	46.2222222222
3103	Rüte	66.5976535542
3104	Schlatt-Haslen	53.0329289428
3105	Schwende	67.7948717949
3111	Oberegg	58.904109589
3201	Häggenschwil	61.5101289134
3202	Muolen	61.7495711835
3203	St. Gallen	23.9002304024
3204	Wittenbach	73.0709705947
3211	Berg (SG)	74.0909090909
3212	Eggersriet	74.2986425339
3213	Goldach	73.1651376147
3214	Mörschwil	74.1837968561
3215	Rorschach	56.9202566453
3216	Rorschacherberg	80.1724137931
3217	Steinach	70.4325371207
3218	Tübach	72.1951219512
3219	Untereggen	70.96069869
3231	Au (SG)	62.9103815439
3232	Balgach	60.3151157065
3233	Berneck	63.0047505938
3234	Diepoldsau	55.1243406179
3235	Rheineck	63.0778588808
3236	St. Margrethen	49.6495758023
3237	Thal	63.7607381483
3238	Widnau	66.3335895465
3251	Altstätten	38.0138914962
3252	Eichberg	73.2198142415
3253	Marbach (SG)	64.9379932356
3254	Oberriet (SG)	51.0246433204
3255	Rebstein	70.528356762
3256	Rüthi (SG)	56.2893081761
3271	Buchs (SG)	51.0543011756
3272	Gams	59.9288256228
3273	Grabs	55.5966697502
3274	Sennwald	52.3789991797
3275	Sevelen	61.8323925315
3276	Wartau	58.9933993399
3291	Bad Ragaz	44.8111477814
3292	Flums	40.5025553663
3293	Mels	57.7800304105
3294	Pfäfers	37.6213592233
3295	Quarten	53.5221496006
3296	Sargans	60.5146763168
3297	Vilters-Wangs	67.0093000489
3298	Walenstadt	47.0230334637
3311	Amden	51.724137931
3312	Benken (SG)	58.9455488332
3313	Kaltbrunn	59.778597786
3314	Rieden	70.7246376812
3315	Schänis	61.1171366594
3316	Weesen	63.7015781923
3331	Ernetschwil	72.5111441308
3332	Eschenbach (SG)	61.7101778282
3333	Goldingen	58.9788732394
3334	Gommiswald	66.5658093797
3335	Jona	68.5625867037
3336	Rapperswil (SG)	63.4529147982
3337	St. Gallenkappel	63.4285714286
3338	Schmerikon	66.8555240793
3339	Uznach	48.4095063985
3351	Alt St. Johann	34.3342036554
3352	Ebnat-Kappel	43.9511201629
3354	Krummenau	42.3173803526
3355	Nesslau	47.9692645445
3356	Stein (SG)	40.3225806452
3357	Wildhaus	29.3939393939
3371	Brunnadern	60.6818181818
3372	Hemberg	43.4782608696
3373	Krinau	49.6350364964
3374	Lichtensteig	66.6982922201
3375	Oberhelfenschwil	55.3225806452
3376	St. Peterzell	60.9348914858
3377	Wattwil	39.0968365129
3391	Bütschwil	54.7703180212
3392	Kirchberg (SG)	45.8675564682
3393	Lütisburg	60.9898107715
3394	Mosnang	50.2161383285
3401	Degersheim	49.1770573566
3402	Flawil	53.8364779874
3403	Ganterschwil	61.690647482
3405	Jonschwil	70.4761904762
3406	Mogelsberg	52.9305680794
3407	Oberuzwil	72.5
3408	Uzwil	53.32015159
3421	Bronschhofen	73.559460564
3422	Niederbüren	59.5918367347
3423	Niederhelfenschwil	62.0341614907
3424	Oberbüren	66.5384615385
3425	Wil (SG)	54.7035480859
3426	Zuzwil (SG)	69.7870232789
3441	Andwil (SG)	70.625
3442	Gaiserwald	74.8575675006
3443	Gossau (SG)	50.077656978
3444	Waldkirch	54.1450777202
3501	Alvaschein	60.5633802817
3502	Mon	52.6315789474
3503	Mutten	46.1538461538
3504	Stierva	39.6825396825
3505	Tiefencastel	37.6068376068
3506	Vaz/Obervaz	17.3884938591
3511	Alvaneu	46.9613259669
3512	Brienz/Brinzauls	51.724137931
3513	Lantsch/Lenz	53.3333333333
3514	Schmitten (GR)	64.8854961832
3515	Surava	55.9322033898
3521	Bergün/Bravuogn	19.1176470588
3522	Filisur	31.9672131148
3523	Wiesen (GR)	48.4662576687
3531	Bivio	12.7272727273
3532	Cunter	72.268907563
3533	Marmorera	58.3333333333
3534	Mulegns	26.6666666667
3536	Riom-Parsonz	58.6666666667
3538	Salouf	40
3539	Savognin	20
3540	Sur	41.6666666667
3541	Tinizong-Rona	50.6172839506
3551	Brusio	35.3383458647
3561	Poschiavo	15.0409530901
3571	Castrisch	78.7878787879
3572	Falera	50.1945525292
3573	Flond	66.2337662338
3574	Ilanz	26.3449367089
3575	Laax	41.512125535
3576	Ladir	54.9019607843
3577	Luven	57.6923076923
3578	Pitasch	61.8181818182
3579	Riein	56.6666666667
3580	Ruschein	65.306122449
3581	Sagogn	74.2946708464
3582	Schluein	71.2933753943
3583	Schnaus	59.0909090909
3584	Sevgein	61.320754717
3586	Valendas	43.0463576159
3587	Versam	25.9259259259
3591	Camuns	57.1428571429
3592	Cumbel	46.4646464646
3593	Duvin	53.1914893617
3594	Degen	57.0247933884
3595	Lumbrein	48.8636363636
3596	Morissen	69.2307692308
3598	St. Martin	27.2727272727
3599	Surcasti	65.7894736842
3600	Surcuolm	30.8823529412
3601	Tersnaus	53.3333333333
3602	Uors-Peiden	66.6666666667
3603	Vals	9.1722595078
3604	Vignogn	67
3605	Vella	44.1314553991
3606	Vrin	31.1926605505
3611	Andiast	46.9387755102
3612	Obersaxen	25.6281407035
3613	Pigniu	47.0588235294
3614	Rueun	60.5
3615	Siat	50
3616	Waltensburg/Vuorz	45.7317073171
3631	Almens	77.3109243697
3632	Feldis/Veulden	35.4838709677
3633	Fürstenau	74.8344370861
3634	Paspels	71.2765957447
3635	Pratval	78.9473684211
3636	Rodels	72.0779220779
3637	Rothenbrunnen	58.9743589744
3638	Scharans	61.8131868132
3639	Scheid	25.4237288136
3640	Sils im Domleschg	67.7419354839
3641	Trans	30
3642	Tumegl/Tomils	73.9130434783
3651	Safien	10.4
3652	Tenna	12.8205128205
3661	Cazis	56.6062176166
3662	Flerden	38.961038961
3663	Masein	71.8592964824
3664	Portein	61.5384615385
3665	Präz	47.2527472527
3666	Sarn	47.8873239437
3667	Tartar	57.8947368421
3668	Thusis	38.6799148332
3669	Tschappina	26.1904761905
3670	Urmein	33.3333333333
3681	Avers	2.7027027027
3691	Hinterrhein	11.7647058824
3692	Medels im Rheinwald	36.8421052632
3693	Nufenen	26.1538461538
3694	Splügen	23.0392156863
3695	Sufers	35.0877192982
3701	Andeer	31.2080536913
3702	Ausserferrera	43.75
3703	Casti-Wergenstein	23.0769230769
3704	Clugin	53.8461538462
3705	Donath	31.5789473684
3706	Innerferrera	43.75
3707	Lohn (GR)	12.5
3708	Mathon	15
3709	Patzen-Fardün	46.4285714286
3710	Pignia	67.2131147541
3711	Rongellen	54.5454545455
3712	Zillis-Reischen	45.3333333333
3721	Bonaduz	59.6153846154
3722	Domat/Ems	58.5253456221
3723	Rhäzüns	66.7221297837
3731	Felsberg	75.6262042389
3732	Flims	31.4191419142
3733	Tamins	70.458135861
3734	Trin	68.6868686869
3741	Ardez	46.2765957447
3742	Guarda	15.2777777778
3743	Lavin	27.1604938272
3744	Susch	44
3745	Tarasp	22.2929936306
3746	Zernez	27.1653543307
3751	Ramosch	46.2311557789
3752	Samnaun	1.1709601874
3753	Tschlin	37.3056994819
3761	Ftan	34.2723004695
3762	Scuol	11.1209964413
3763	Sent	44.3946188341
3771	Bondo	51.8518518519
3773	Castasegna	44.0476190476
3774	Soglio	40.4761904762
3775	Stampa	43.8524590164
3776	Vicosoprano	35.1063829787
3781	Bever	56.9892473118
3782	Celerina/Schlarigna	47.7192982456
3783	Madulain	49.0196078431
3784	Pontresina	23.4446627374
3785	La Punt-Chamues-ch	52.6041666667
3786	Samedan	28.3540022548
3787	St. Moritz	10.7984994641
3788	S-chanf	60.650887574
3789	Sils im Engadin/Segl	19.0384615385
3790	Silvaplana	39.3617021277
3791	Zuoz	34
3801	Arvigo	51.1111111111
3803	Braggio	25.9259259259
3804	Buseno	77.4193548387
3805	Castaneda	34.0206185567
3806	Cauco	35.7142857143
3808	Rossa	65.3846153846
3810	Santa Maria in Calanca	73.0769230769
3811	Selma	59.0909090909
3821	Lostallo	63.9072847682
3822	Mesocco	29.9632352941
3823	Soazza	53.3333333333
3831	Cama	71.7391304348
3832	Grono	52.7472527473
3833	Leggia	77.1929824561
3834	Roveredo (GR)	56.1052631579
3835	San Vittore	71.8032786885
3836	Verdabbio	49.3333333333
3841	Fuldera	24.3902439024
3842	Lü	44.8275862069
3843	Müstair	15.2588555858
3844	Sta. Maria Val Müstair	17.9310344828
3845	Tschierv	43.9024390244
3846	Valchava	43
3851	Davos	4.354094579
3861	Fideris	46.3601532567
3862	Furna	28.7234042553
3863	Jenaz	62.2837370242
3871	Klosters-Serneus	20.0384430562
3881	Conters im Prättigau	47.4226804124
3882	Küblis	46.6165413534
3883	Saas	66.1417322835
3891	Luzein	58.6998087954
3892	St. Antönien Ascharina	47.1698113208
3893	St. Antönien	35.1351351351
3901	Chur	16.6796657382
3911	Churwalden	45.4121306376
3912	Malix	71.3432835821
3913	Parpan	50.7246376812
3914	Praden	77.0491803279
3915	Tschiertschen	42.2413793103
3921	Arosa	3.2322227747
3922	Calfreisen	61.9047619048
3923	Castiel	52.6315789474
3924	Langwies	44.9101796407
3925	Lüen	72.972972973
3926	Maladers	72.8260869565
3927	Molinis	64.5161290323
3928	Pagig	69.2307692308
3929	Peist	40.4255319149
3930	St. Peter	67.9487179487
3941	Haldenstein	74.2793791574
3942	Igis	53.8249862411
3943	Mastrils	80.0664451827
3944	Says	75.3086419753
3945	Trimmis	73.6566186107
3946	Untervaz	65.3739612188
3947	Zizers	69.0734824281
3951	Fläsch	65.8703071672
3952	Jenins	64.898989899
3953	Maienfeld	60.0819672131
3954	Malans	67.9591836735
3961	Grüsch	56.8259385666
3962	Schiers	40.1968826907
3971	Fanas	60.621761658
3972	Seewis im Prättigau	57.5471698113
3973	Valzeina	34.2465753425
3981	Breil/Brigels	31.214953271
3982	Disentis/Mustér	19.4780987884
3983	Medel (Lucmagn)	35.8288770053
3984	Schlans	44.4444444444
3985	Sumvitg	44.4247787611
3986	Tujetsch	13.875
3987	Trun	44.3262411348
4001	Aarau	49.7634356424
4002	Biberstein	79.2366412214
4003	Buchs (AG)	74.9470499244
4004	Densbüren	68.2795698925
4005	Erlinsbach	78.6210892236
4006	Gränichen	70.7286821705
4007	Hirschthal	81.1926605505
4008	Küttigen	77.0394979697
4009	Muhen	75.6188118812
4010	Oberentfelden	71.6707683894
4011	Rohr (AG)	85.4235062377
4012	Suhr	75.7326820604
4013	Unterentfelden	79.9388379205
4021	Baden	57.0177289996
4022	Bellikon	75
4023	Bergdietikon	77.7000777001
4024	Birmenstorf (AG)	78.5384615385
4026	Ennetbaden	87.1190339275
4027	Fislisbach	82.4822695035
4028	Freienwil	84.3137254902
4029	Gebenstorf	81.8803418803
4030	Killwangen	86.8938401048
4031	Künten	76.694411415
4032	Mägenwil	75.8254716981
4033	Mellingen	71.793814433
4034	Neuenhof	84.7438243367
4035	Niederrohrdorf	78.2835820896
4036	Oberehrendingen	80.0433839479
4037	Oberrohrdorf	84.3872411863
4038	Obersiggenthal	79.9444304117
4039	Remetschwil	81.6056910569
4040	Spreitenbach	67.9984851354
4041	Stetten (AG)	73.43387471
4042	Turgi	81.4510097233
4043	Unterehrendingen	85.6972586412
4044	Untersiggenthal	82.8115593016
4045	Wettingen	69.4553146483
4046	Wohlenschwil	77.5248933144
4047	Würenlingen	66.7667667668
4048	Würenlos	75.2202643172
4061	Arni (AG)	80.3664921466
4062	Berikon	79.7050834303
4063	Bremgarten (AG)	64.3216080402
4064	Büttikon	75.6613756614
4065	Dottikon	73.6842105263
4066	Eggenwil	78.5
4067	Fischbach-Göslikon	81.6298342541
4068	Hägglingen	67.3831775701
4069	Hermetschwil-Staffeln	82.5082508251
4070	Hilfikon	69.4915254237
4071	Jonen	77.1428571429
4072	Niederwil (AG)	73.581973582
4073	Oberlunkhofen	78.5714285714
4074	Oberwil-Lieli	76.0675273088
4075	Rudolfstetten-Friedlisberg	81.805745554
4076	Sarmenstorf	72.8138528139
4077	Tägerig	78.1341107872
4078	Uezwil	76.213592233
4079	Unterlunkhofen	82.7004219409
4080	Villmergen	69.9393073902
4081	Widen	83.2574607992
4082	Wohlen (AG)	57.4978577549
4083	Zufikon	82.9085457271
4084	Islisberg	80.6167400881
4091	Auenstein	81.8424566088
4092	Birr	73.698053656
4093	Birrhard	85.0393700787
4094	Bözen	71.884057971
4095	Brugg	63.3841592546
4096	Effingen	70.2614379085
4097	Elfingen	75.3968253968
4098	Gallenkirch	71.0144927536
4099	Habsburg	82.1256038647
4100	Hausen bei Brugg	84.2465753425
4101	Hottwil	62.676056338
4103	Linn	66.1971830986
4104	Lupfig	75.3187613843
4105	Mandach	67.816091954
4106	Mönthal	83.4821428571
4107	Mülligen	82.1656050955
4108	Oberbözberg	80.7692307692
4109	Oberflachs	73.9316239316
4110	Remigen	78.2986111111
4111	Riniken	83.724137931
4112	Rüfenach	73.0478589421
4113	Scherz	77.7419354839
4114	Schinznach Bad	72.3279648609
4115	Schinznach Dorf	65.1162790698
4116	Stilli	85.5721393035
4117	Thalheim (AG)	70.3431372549
4118	Umiken	88.503649635
4119	Unterbözberg	79.7953964194
4120	Veltheim (AG)	79.7858099063
4121	Villigen	72.8167281673
4122	Villnachern	81.6666666667
4123	Windisch	73.4312825222
4131	Beinwil am See	68.691588785
4132	Birrwil	74.8571428571
4133	Burg (AG)	82.4
4134	Dürrenäsch	66.059602649
4135	Gontenschwil	66.5034280118
4136	Holziken	82.5581395349
4137	Leimbach (AG)	73.8317757009
4138	Leutwil	77.1341463415
4139	Menziken	63.535317318
4140	Oberkulm	71.2793733681
4141	Reinach (AG)	60.7516778523
4142	Schlossrued	72.186836518
4143	Schmiedrued	66.8333333333
4144	Schöftland	67.1274038462
4145	Teufenthal (AG)	71.3457076566
4146	Unterkulm	68.7190375088
4147	Zetzwil	73.2352941176
4161	Eiken	80.0650054171
4162	Etzgen	69.9421965318
4163	Frick	59.7138901707
4164	Gansingen	71.8106995885
4165	Gipf-Oberfrick	78.7012987013
4166	Herznach	71.2177121771
4167	Hornussen	81.4317673378
4168	Ittenthal	84.9557522124
4169	Kaisten	68.6311787072
4170	Laufenburg	59.4700686948
4171	Mettau	72.6666666667
4172	Münchwilen (AG)	82.332155477
4173	Oberhof	75
4174	Oberhofen (AG)	77.7777777778
4175	Oeschgen	78.7878787879
4176	Schwaderloch	73.1927710843
4177	Sisseln	71.2871287129
4178	Sulz (AG)	71.0659898477
4179	Ueken	82.1608040201
4180	Wil (AG)	67.1511627907
4181	Wittnau	74.2808798646
4182	Wölflinswil	64.0798226164
4183	Zeihen	70.709382151
4191	Ammerswil	82.6865671642
4192	Boniswil	78.0898876404
4193	Brunegg	75.8122743682
4194	Dintikon	73.3423545332
4195	Egliswil	78.9237668161
4196	Fahrwangen	68.8221709007
4197	Hallwil	73.2057416268
4198	Hendschiken	79.7244094488
4199	Holderbank (AG)	76.9047619048
4200	Hunzenschwil	75
4201	Lenzburg	59.8080236279
4202	Meisterschwanden	73.6135957066
4203	Möriken-Wildegg	71.1711711712
4204	Niederlenz	79.9414348463
4205	Othmarsingen	76.4495985727
4206	Rupperswil	70.8761625061
4207	Schafisheim	75.6097560976
4208	Seengen	65.2654867257
4209	Seon	67.1665351223
4210	Staufen	82.6342281879
4221	Abtwil	75.4054054054
4222	Aristau	78.6786786787
4223	Auw	72.6361031519
4224	Beinwil (Freiamt)	66.5413533835
4225	Benzenschwil	80.7407407407
4226	Besenbüren	75.9124087591
4227	Bettwil	75.0809061489
4228	Boswil	65.8442559753
4229	Bünzen	67.5105485232
4230	Buttwil	76.8971332209
4231	Dietwil	77.0175438596
4232	Geltwil	61.038961039
4233	Kallern	64.3835616438
4234	Merenschwand	65.7804459691
4235	Mühlau	72.7619047619
4236	Muri (AG)	50.4818594104
4237	Oberrüti	75.5033557047
4238	Rottenschwil	75.854214123
4239	Sins	58.4980237154
4240	Waltenschwil	78.7381158168
4251	Hellikon	70.7774798928
4252	Kaiseraugst	76.5937202664
4253	Magden	76.862745098
4254	Möhlin	65.4992040027
4255	Mumpf	80.7958477509
4256	Obermumpf	78.7644787645
4257	Olsberg	72.9468599034
4258	Rheinfelden	61.0792398709
4259	Schupfart	79.5454545455
4260	Stein (AG)	66.252909232
4261	Wallbach	71.5496368039
4262	Wegenstetten	74.5833333333
4263	Zeiningen	75.9183673469
4264	Zuzgen	70.509383378
4271	Aarburg	71.912168344
4272	Attelwil	68.3870967742
4273	Bottenwil	72.4669603524
4274	Brittnau	77.3983739837
4275	Kirchleerau	73.4597156398
4276	Kölliken	73.656927427
4277	Moosleerau	71.3615023474
4278	Mühlethal	83.6559139785
4279	Murgenthal	67.8995115143
4280	Oftringen	73.6633663366
4281	Reitnau	70.7920792079
4282	Rothrist	58.9285714286
4283	Safenwil	64.7647058824
4284	Staffelbach	73.0983302412
4285	Strengelbach	76.5306122449
4286	Uerkheim	72.8813559322
4287	Vordemwald	75.9023354565
4288	Wiliberg	55.6818181818
4289	Zofingen	51.6547406082
4301	Baldingen	73.3333333333
4302	Böbikon	58.8235294118
4303	Böttstein	75.1334044824
4304	Döttingen	69.3160813309
4305	Endingen	70.9314227226
4306	Fisibach	68.691588785
4307	Full-Reuenthal	75.7575757576
4308	Kaiserstuhl	74
4309	Klingnau	77.880512091
4310	Koblenz	72.705601907
4311	Leibstadt	62.134502924
4312	Lengnau (AG)	72.3584108199
4313	Leuggern	69.3508627773
4314	Mellikon	68.1034482759
4315	Rekingen (AG)	84.6464646465
4316	Rietheim	83.5714285714
4317	Rümikon	79.674796748
4318	Schneisingen	77.6967930029
4319	Siglistorf	75.5700325733
4320	Tegerfelden	72.7443609023
4321	Unterendingen	78.9215686275
4322	Wislikofen	65.7608695652
4323	Zurzach	51.7158047366
4401	Arbon	51.2575219873
4406	Dozwil	68.6192468619
4411	Egnach	56.8352059925
4416	Hefenhofen	74.0740740741
4421	Horn	67.8178963893
4426	Kesswil	62.1749408983
4431	Roggwil (TG)	72.4528301887
4436	Romanshorn	45.7661290323
4441	Salmsach	80.056980057
4446	Sommeri	52.4429967427
4451	Uttwil	78.4676354029
4461	Amriswil	53.3275563258
4471	Bischofszell	45.794725588
4476	Erlen	61.9375
4486	Hauptwil-Gottshaus	66.6337611056
4495	Hohentannen	54.2553191489
4501	Kradolf-Schönenberg	65.2201659221
4506	Sulgen	62.9310344828
4511	Zihlschlacht-Sitterdorf	63.2277834525
4536	Basadingen-Schlattingen	67.7655677656
4545	Diessenhofen	54.4175576815
4546	Schlatt (TG)	68.0203045685
4551	Aadorf	60.5355355355
4561	Felben-Wellhausen	76.3727121464
4566	Frauenfeld	39.5460969324
4571	Gachnang	76.539408867
4590	Hüttlingen	75
4591	Matzingen	67.3701298701
4601	Neunforn	64.8221343874
4606	Stettfurt	76.7924528302
4611	Thundorf	63.4036144578
4616	Uesslingen-Buch	62.8774422735
4621	Warth-Weiningen	68.8188976378
4641	Altnau	65.612244898
4643	Bottighofen	81.4122533749
4646	Ermatingen	58.4304584305
4651	Gottlieben	65.4255319149
4656	Güttingen	60.7489597781
4666	Kemmental	60.7142857143
4671	Kreuzlingen	41.5738003184
4681	Langrickenbach	64.1762452107
4683	Lengwil	62.8358208955
4691	Münsterlingen	59.0704647676
4696	Tägerwilen	60.4513064133
4701	Wäldi	57.6344086022
4711	Affeltrangen	59.2
4716	Bettwiesen	72.9124236253
4721	Bichelsee-Balterswil	63.1921824104
4723	Braunau	62.3906705539
4724	Eschlikon	67.0855774985
4726	Fischingen	53.9647577093
4741	Lommis	64.8421052632
4746	Münchwilen (TG)	62.064624423
4751	Rickenbach (TG)	75.9970993474
4756	Schönholzerswilen	57.8082191781
4761	Sirnach	67.2590361446
4776	Tobel-Tägerschen	63.436123348
4781	Wängi	62.660944206
4786	Wilen (TG)	85.3606027987
4791	Wuppenau	61.5678776291
4801	Berlingen	55.4707379135
4806	Eschenz	62.7425614489
4811	Herdern	63.6559139785
4816	Homburg	58.9095744681
4821	Hüttwilen	57.421875
4826	Mammern	48.0519480519
4831	Müllheim	72.5291828794
4841	Pfyn	68.5222672065
4846	Raperswilen	55.2036199095
4851	Salenstein	62.6446280992
4864	Steckborn	49.6291718171
4871	Wagenhausen	71.5012722646
4881	Amlikon-Bissegg	61.7647058824
4891	Berg (TG)	64.2553191489
4901	Birwinken	66.7716535433
4911	Bürglen (TG)	68.2285714286
4921	Bussnang	62.1776504298
4941	Märstetten	71.3572023314
4946	Weinfelden	44.6687054027
4951	Wigoltingen	62.0952380952
5001	Arbedo-Castione	76.4006791171
5002	Bellinzona	35.6794141579
5003	Cadenazzo	66.889632107
5004	Camorino	77.8586278586
5005	Giubiasco	68.8136608748
5006	Gnosca	76.0683760684
5007	Gorduno	87.676056338
5008	Gudo	75.5700325733
5009	Isone	60.3773584906
5010	Lumino	78.2608695652
5011	Medeglia	77.3333333333
5012	Moleno	70.7317073171
5013	Monte Carasso	79.1029561672
5014	Pianezzo	81.5165876777
5015	Preonzo	81.3953488372
5016	Robasacco	60
5017	Sant'Antonino	68.6770428016
5018	Sant'Antonio	77.0491803279
5019	Sementina	76.2052877138
5031	Aquila	55.9585492228
5032	Campo (Blenio)	35
5033	Castro	42.3076923077
5034	Corzoneso	50.7772020725
5035	Dongio	68.6746987952
5036	Ghirone	63.1578947368
5037	Largario	37.5
5038	Leontica	59.6330275229
5039	Lottigna	70.9677419355
5040	Ludiano	69.6
5041	Malvaglia	62.2489959839
5042	Marolta	57.1428571429
5043	Olivone	37.2093023256
5044	Ponto Valentino	58.75
5045	Prugiasco	67.7966101695
5046	Semione	70.5882352941
5047	Torre	44.1441441441
5061	Airolo	20.8010335917
5062	Anzonico	62.5
5063	Bedretto	51.6129032258
5064	Bodio	61.6883116883
5065	Calonico	68.75
5066	Calpiogna	60
5067	Campello	45
5068	Cavagnago	38.2352941176
5069	Chiggiogna	63.8888888889
5070	Chironico	59.756097561
5071	Dalpe	42.3076923077
5072	Faido	36.9843527738
5073	Giornico	67.5392670157
5074	Mairengo	86.0869565217
5075	Osco	83.4782608696
5076	Personico	78.5714285714
5077	Pollegio	74.1046831956
5078	Prato (Leventina)	56.4356435644
5079	Quinto	39.2703862661
5080	Rossura	47.8260869565
5081	Sobrio	50
5091	Ascona	51.4554411106
5092	Auressio	82.6086956522
5093	Berzona	60
5094	Borgnone	58
5095	Brione (Verzasca)	60.4938271605
5096	Brione sopra Minusio	69.6682464455
5097	Brissago	36.5508365508
5098	Caviano	45
5099	Cavigliano	74.5644599303
5101	Contone	72.8531855956
5102	Corippo	77.7777777778
5104	Cugnasco	76.9980506823
5105	Frasco	64.8648648649
5106	Gerra (Gambarogno)	66.0377358491
5107	Gerra (Verzasca)	74.5019920319
5108	Gordola	67.9288582903
5109	Gresso	66.6666666667
5110	Indemini	16.6666666667
5111	Intragna	69.1729323308
5112	Lavertezzo	73.4225621415
5113	Locarno	42.8229665072
5114	Loco	43.9655172414
5115	Losone	60.6961811423
5116	Magadino	66.4244186047
5117	Mergoscia	59.7222222222
5118	Minusio	72.0799719397
5119	Mosogno	36
5120	Muralto	65.7168299199
5121	Orselina	61.4754098361
5122	Palagnedra	57.5
5123	Piazzogna	62.8205128205
5125	Ronco sopra Ascona	62.4561403509
5127	San Nazzaro	50.9881422925
5128	Sant'Abbondio	64.2857142857
5129	Sonogno	34.7826086957
5130	Tegna	71.5719063545
5131	Tenero-Contra	64.9155722326
5132	Vergeletto	55.5555555556
5133	Verscio	73.3167082294
5134	Vira (Gambarogno)	58.4837545126
5135	Vogorno	71.4285714286
5136	Onsernone	35.4838709677
5141	Agno	67.9784366577
5142	Agra	73.8461538462
5143	Aranno	83.064516129
5144	Arogno	72.1674876847
5145	Arosio	79.6116504854
5146	Astano	65.7894736842
5147	Barbengo	71.6339869281
5148	Bedano	78.3876500858
5149	Bedigliora	72.3140495868
5150	Bidogno	84.0277777778
5151	Bioggio	72.7642276423
5153	Bironico	77.6422764228
5154	Bissone	79.8270893372
5155	Bogno	59.4594594595
5156	Bosco Luganese	85.6164383562
5158	Breganzona	80.6855025475
5159	Breno	84.6153846154
5160	Brusino Arsizio	71.9806763285
5161	Cademario	68.045112782
5162	Cadempino	79.1489361702
5163	Cadro	75.884244373
5164	Cagiallo	85.4961832061
5165	Camignolo	73.7037037037
5167	Canobbio	78.0652418448
5168	Carabbia	86.69527897
5169	Carabietta	81.5789473684
5170	Carona	73.4219269103
5171	Caslano	74.0384615385
5173	Certara	73.9130434783
5174	Cimadera	76.3157894737
5175	Cimo	82.0754716981
5176	Comano	75.208913649
5177	Corticiasca	80.7692307692
5178	Croglio	64.5539906103
5179	Cureggia	88.4615384615
5180	Cureglia	83.3043478261
5181	Curio	70.0819672131
5182	Davesco-Soragno	86.4566929134
5183	Fescoggia	83.7837837838
5184	Gandria	65.4545454545
5185	Gentilino	84.602917342
5186	Grancia	75.1295336788
5187	Gravesano	81.5261044177
5188	Iseo	72.7272727273
5189	Lamone	74.9347258486
5190	Lopagno	79.4642857143
5191	Lugaggia	88.8217522659
5192	Lugano	32.7618735132
5193	Magliaso	77.5747508306
5194	Manno	73.5741444867
5195	Maroggia	73.835125448
5196	Massagno	82.1755725191
5197	Melano	75.2873563218
5198	Melide	71.9230769231
5199	Mezzovico-Vira	68.9342403628
5200	Miglieglia	72.5274725275
5201	Montagnola	73.31002331
5202	Monteggio	68.7165775401
5203	Morcote	61.8768328446
5204	Mugena	82.7586206897
5205	Muzzano	74.5901639344
5206	Neggio	71.4285714286
5207	Novaggio	67.5409836066
5208	Origlio	82.1428571429
5209	Pambio-Noranco	82.1548821549
5210	Paradiso	71.3407821229
5211	Pazzallo	84.4827586207
5212	Ponte Capriasca	79.4078061911
5213	Ponte Tresa	75.3012048193
5214	Porza	85.0746268657
5215	Pregassona	81.7819527469
5216	Pura	76.6595289079
5217	Rivera	65.2554744526
5218	Roveredo-Capriasca	81.1320754717
5219	Rovio	76.9005847953
5220	Sala Capriasca	80.1056338028
5221	Savosa	83.3667334669
5222	Sessa	68.9516129032
5223	Sigirino	80.7106598985
5224	Sonvico	80.0853485064
5225	Sorengo	77.4932614555
5226	Tesserete	74.9152542373
5227	Torricella-Taverne	78.3888458559
5228	Vaglio	83.6
5229	Valcolla	75.8474576271
5230	Vernate	79.4285714286
5231	Vezia	81.3712807245
5232	Vezio	80.4347826087
5233	Vico Morcote	66.9491525424
5234	Viganello	81.7993079585
5235	Villa Luganese	79.5744680851
5241	Arzo	78.800856531
5242	Balerna	69.5852534562
5243	Besazio	84.649122807
5244	Bruzella	89.7727272727
5245	Cabbio	74.6478873239
5246	Caneggio	85.9154929577
5247	Capolago	78.3699059561
5248	Casima	77.1428571429
5249	Castel San Pietro	77.0833333333
5250	Chiasso	48.8856304985
5251	Coldrerio	85.7641921397
5252	Genestrerio	79.3838862559
5253	Ligornetto	80.5429864253
5254	Mendrisio	52.3076923077
5255	Meride	71.4285714286
5256	Monte	76.9230769231
5257	Morbio Inferiore	78.8158609451
5258	Morbio Superiore	84.7826086957
5259	Muggio	76.4705882353
5260	Novazzano	77.8618732261
5262	Rancate	79.6147672552
5263	Riva San Vitale	74.3403093722
5264	Sagno	80.5084745763
5265	Salorino	80.1762114537
5266	Stabio	64.3095768374
5267	Tremona	83.8888888889
5268	Vacallo	84.135753749
5281	Biasca	44.1558441558
5282	Claro	72.0618556701
5283	Cresciano	74.0425531915
5284	Iragna	74.8953974895
5285	Lodrino	62.2356495468
5286	Osogna	69.6682464455
5301	Aurigeno	74.1758241758
5302	Avegno	77.7251184834
5303	Bignasco	58.6956521739
5304	Bosco/Gurin	7.6923076923
5305	Broglio	82.0512820513
5306	Brontallo	61.5384615385
5307	Campo (Vallemaggia)	29.6296296296
5308	Cavergno	67.5977653631
5309	Cerentino	37.5
5310	Cevio	42.5837320574
5311	Coglio	72.5
5312	Fusio	25
5313	Giumaglio	79
5314	Gordevio	71.0691823899
5315	Linescio	61.5384615385
5316	Lodano	79.1666666667
5317	Maggia	64.2276422764
5318	Menzonio	81.25
5319	Moghegno	71.8120805369
5320	Peccia	46.875
5321	Prato-Sornico	48
5322	Someo	55.7522123894
5401	Aigle	50.3316749585
5402	Bex	49.6165644172
5403	Chessel	67.3611111111
5404	Corbeyrier	52.7027027027
5405	Gryon	53.8947368421
5406	Lavey-Morcles	70.7182320442
5407	Leysin	20.1724137931
5408	Noville	65.5072463768
5409	Ollon	47.3889875666
5410	Ormont-Dessous	49.7863247863
5411	Ormont-Dessus	27.2300469484
5412	Rennaz	75.1533742331
5413	Roche (VD)	70.7792207792
5414	Villeneuve (VD)	59.0476190476
5415	Yvorne	67.9764243615
5421	Apples	68.0701754386
5422	Aubonne	59.8501872659
5423	Ballens	58.2474226804
5424	Berolle	70.796460177
5425	Bière	55.2083333333
5426	Bougy-Villars	71.9101123596
5427	Féchy	66.7647058824
5428	Gimel	57.2230014025
5429	Longirod	63.6363636364
5430	Marchissy	65.1428571429
5431	Mollens (VD)	67.1232876712
5432	Montherod	77.5784753363
5433	Pizy	55.2631578947
5434	Saint-George	66.8852459016
5435	Saint-Livres	69.25795053
5436	Saint-Oyens	73.3870967742
5437	Saubraz	73.3944954128
5451	Avenches	53.6964980545
5452	Bellerive (VD)	66.7910447761
5453	Chabrey	58.3333333333
5454	Champmartin	33.3333333333
5455	Constantine	59.2857142857
5456	Cudrefin	61.7777777778
5457	Donatyre	79.6875
5458	Faoug	73.6486486486
5459	Montmagny	60.2739726027
5460	Mur (VD)	57.9545454545
5461	Oleyres	64
5462	Vallamand	69.1891891892
5463	Villars-le-Grand	66.6666666667
5471	Bettens	72.8813559322
5472	Bournens	78.9473684211
5473	Boussens	81.5656565657
5474	La Chaux (Cossonay)	72.2826086957
5475	Chavannes-le-Veyron	62.5
5476	Chevilly	76.1467889908
5477	Cossonay	73.0547550432
5478	Cottens (VD)	74.0740740741
5479	Cuarnens	68.9473684211
5480	Daillens	72.641509434
5481	Dizy	71.0526315789
5482	Eclépens	66.0215053763
5483	Ferreyres	73.1092436975
5484	Gollion	73.3333333333
5485	Grancy	76.4331210191
5486	L'Isle	61.4718614719
5487	Lussery-Villars	85.4651162791
5488	Mauraz	60
5489	Mex (VD)	82.4451410658
5490	Moiry	68.2242990654
5491	Mont-la-Ville	74.4525547445
5492	Montricher	63.4715025907
5493	Orny	69.4117647059
5494	Pampigny	66.7525773196
5495	Penthalaz	75.7057313944
5496	Penthaz	81.2672176309
5497	Pompaples	66.1111111111
5498	La Sarraz	69.6369636964
5499	Senarclens	70
5500	Sévery	64.5454545455
5501	Sullens	78.9855072464
5503	Vufflens-la-Ville	82.8877005348
5511	Assens	79.1079812207
5512	Bercher	72.5352112676
5513	Bioley-Orjulaz	80.2816901408
5514	Bottens	75.1445086705
5515	Bretigny-sur-Morrens	87.2670807453
5516	Cugy (VD)	82.2263797942
5517	Dommartin	70.1492537313
5518	Echallens	69.5829555757
5519	Eclagnens	74.2857142857
5520	Essertines-sur-Yverdon	67.1826625387
5521	Etagnières	74.3181818182
5522	Fey	74.2857142857
5523	Froideville	80.3363518758
5524	Goumoens-la-Ville	70.8074534161
5525	Goumoens-le-Jux	71.4285714286
5526	Malapalud	50
5527	Morrens (VD)	81.5618221258
5528	Naz	81.3953488372
5529	Oulens-sous-Echallens	69.298245614
5530	Pailly	60.0877192982
5531	Penthéréaz	67.955801105
5532	Poliez-le-Grand	77.7777777778
5533	Poliez-Pittet	77.4509803922
5534	Rueyres	66.6666666667
5535	Saint-Barthélemy (VD)	77.5577557756
5536	Sugnens	72.65625
5537	Villars-le-Terroir	72.6443768997
5538	Villars-Tiercelin	81.7204301075
5539	Vuarrens	70.0704225352
5551	Bonvillars	66.0606060606
5552	Bullet	56.9672131148
5553	Champagne	65.8536585366
5554	Concise	64.9851632047
5555	Corcelles-près-Concise	73.0769230769
5556	Fiez	86.7724867725
5557	Fontaines-sur-Grandson	71.0144927536
5558	Fontanezier	71.875
5559	Giez	77.4193548387
5560	Grandevent	84.8101265823
5561	Grandson	69.185619956
5562	Mauborget	54.347826087
5563	Mutrux	55.5555555556
5564	Novalles	75
5565	Onnens (VD)	66
5566	Provence	49.0797546012
5567	Romairon	37.5
5568	Sainte-Croix	34.3896713615
5569	Vaugondry	64.7058823529
5570	Villars-Burquin	74.672489083
5581	Belmont-sur-Lausanne	84.7178683386
5582	Cheseaux-sur-Lausanne	80.5724725944
5583	Crissier	77.5179856115
5584	Epalinges	80.8516265538
5585	Jouxtens-Mézery	84.4484629295
5586	Lausanne	32.0173157268
5587	Le Mont-sur-Lausanne	75.6289308176
5588	Paudex	85.6944444444
5589	Prilly	78.7149355572
5590	Pully	77.6016364101
5591	Renens (VD)	76.2724631443
5592	Romanel-sur-Lausanne	82.3906705539
5601	Chexbres	74.3215031315
5602	Cully	65.4506437768
5603	Epesses	55.9523809524
5604	Forel (Lavaux)	73.7020316027
5605	Grandvaux	78.6806883365
5606	Lutry	77.0869457518
5607	Puidoux	65.453137103
5608	Riex	69.4805194805
5609	Rivaz	63.9053254438
5610	Saint-Saphorin (Lavaux)	72.6829268293
5611	Savigny	72.6826273788
5612	Villette (Lavaux)	76.5957446809
5621	Aclens	66.8367346939
5622	Bremblens	74.2105263158
5623	Buchillon	76.6666666667
5624	Bussigny-près-Lausanne	75.0922055569
5625	Bussy-Chardonney	78.1914893617
5627	Chavannes-près-Renens	86.3311688312
5628	Chigny	81.512605042
5629	Clarmont	83.75
5630	Colombier (VD)	73.5537190083
5631	Denens	77.7397260274
5632	Denges	79.5417348609
5633	Echandens	80.0181653043
5634	Echichens	67.1003717472
5635	Ecublens (VD)	74.4657126928
5636	Etoy	75.8241758242
5637	Lavigny	70.1863354037
5638	Lonay	77.6344086022
5639	Lully (VD)	76.7371601208
5640	Lussy-sur-Morges	76.5799256506
5641	Monnaz	78.0141843972
5642	Morges	62.6781020888
5643	Préverenges	84.4012372956
5644	Reverolle	76.2430939227
5645	Romanel-sur-Morges	78.9915966387
5646	Saint-Prex	73.1150366221
5647	Saint-Saphorin-sur-Morges	84.0236686391
5648	Saint-Sulpice (VD)	81.8062827225
5649	Tolochenaz	81.3137032843
5650	Vaux-sur-Morges	75
5651	Villars-Sainte-Croix	81.73374613
5652	Villars-sous-Yens	77.3648648649
5653	Vufflens-le-Château	80.9375
5654	Vullierens	69.1891891892
5655	Yens	67.6528599606
5661	Boulens	67.6767676768
5662	Brenles	64.9350649351
5663	Bussy-sur-Moudon	66
5664	Chapelle-sur-Moudon	63.7583892617
5665	Chavannes-sur-Moudon	53.8461538462
5666	Chesalles-sur-Moudon	69.014084507
5667	Correvon	72.8813559322
5668	Cremin	52.380952381
5669	Curtilles	63.7096774194
5670	Denezy	58.9285714286
5671	Dompierre (VD)	57.4074074074
5672	Forel-sur-Lucens	45.8333333333
5673	Hermenches	72.2627737226
5674	Lovatens	67.7419354839
5675	Lucens	57.7251184834
5676	Martherenges	61.1111111111
5677	Montaubion-Chardonney	62.7906976744
5678	Moudon	42.599805258
5679	Neyruz-sur-Moudon	66.6666666667
5680	Ogens	75.4385964912
5681	Oulens-sur-Lucens	43.4782608696
5682	Peyres-Possens	68.5185185185
5683	Prévonloup	56.25
5684	Rossenges	44
5685	Saint-Cierges	66.1971830986
5686	Sarzens	61.2903225806
5687	Sottens	68.0672268908
5688	Syens	72.3076923077
5689	Thierrens	61.2377850163
5690	Villars-le-Comte	58.6206896552
5691	Villars-Mendraz	73.9495798319
5692	Vucherens	70.3539823009
5701	Arnex-sur-Nyon	62.1621621622
5702	Arzier	81.4364640884
5703	Bassins	75.8064516129
5704	Begnins	73.9788199697
5705	Bogis-Bossey	87.5912408759
5706	Borex	80.0464037123
5707	Chavannes-de-Bogis	81.4814814815
5708	Chavannes-des-Bois	92.8270042194
5709	Chéserex	83.6879432624
5710	Coinsins	75.3488372093
5711	Commugny	84.7040737894
5712	Coppet	77.6838546069
5713	Crans-près-Céligny	81.8938605619
5714	Crassier	82.4120603015
5715	Duillier	82.3144104803
5716	Eysins	81.0869565217
5717	Founex	81.9400630915
5718	Genolier	82.7109266943
5719	Gingins	77.4134790528
5720	Givrins	78.1725888325
5721	Gland	73.0290456432
5722	Grens	70.7006369427
5723	Mies	80.5555555556
5724	Nyon	60.6418723207
5725	Prangins	80.540208717
5726	La Rippe	81.5551537071
5727	Saint-Cergue	72.5490196078
5728	Signy-Avenex	78.2222222222
5729	Tannay	89.396411093
5730	Trélex	82.2463768116
5731	Le Vaud	79.6943231441
5732	Vich	81.7694369973
5741	L'Abergement	77.1929824561
5742	Agiez	60.3773584906
5743	Arnex-sur-Orbe	74.3772241993
5744	Ballaigues	48.8095238095
5745	Baulmes	63.4920634921
5746	Bavois	77.2845953003
5747	Bofflens	63.9534883721
5748	Bretonnières	74.2268041237
5749	Chavornay	74.0370898716
5750	Les Clées	72.3684210526
5751	Corcelles-sur-Chavornay	69.5945945946
5752	Croy	76.5625
5754	Juriens	63.1067961165
5755	Lignerolle	68.0272108844
5756	Montcherand	78.640776699
5757	Orbe	56.7454268293
5758	La Praz	62.7118644068
5759	Premier	64.5833333333
5760	Rances	76
5761	Romainmôtier-Envy	68.5714285714
5762	Sergey	72.5490196078
5763	Valeyres-sous-Rances	72.131147541
5764	Vallorbe	46.2290502793
5765	Vaulion	55.4545454545
5766	Vuiteboeuf	66.8292682927
5781	Bussigny-sur-Oron	70
5782	Carrouge (VD)	76.6584766585
5783	Châtillens	75
5784	Chesalles-sur-Oron	68.6746987952
5785	Corcelles-le-Jorat	60.8294930876
5786	Les Cullayes	79.3313069909
5787	Ecoteaux	70.0598802395
5788	Essertes	77.2151898734
5789	Ferlens (VD)	71.8309859155
5790	Maracon	69.2307692308
5791	Mézières (VD)	73.4151329243
5792	Montpreveyres	77.5510204082
5793	Oron-la-Ville	58.0985915493
5794	Oron-le-Châtel	75.4385964912
5795	Palézieux	73.2472324723
5796	Peney-le-Jorat	60.5263157895
5797	La Rogivue	69.4444444444
5798	Ropraz	64.4171779141
5799	Servion	80.3773584906
5800	Les Tavernes	51.724137931
5801	Les Thioleyres	63.2183908046
5802	Vuibroye	88.679245283
5803	Vulliens	65.2582159624
5811	Cerniaz (VD)	63.6363636364
5812	Champtauroz	56.25
5813	Chevroux	56.4245810056
5814	Combremont-le-Grand	44.966442953
5815	Combremont-le-Petit	57.7380952381
5816	Corcelles-près-Payerne	70.7602339181
5817	Grandcour	63.1853785901
5818	Granges-près-Marnand	49.6376811594
5819	Henniez	45.4545454545
5820	Marnand	63.0769230769
5821	Missy	43.537414966
5822	Payerne	44.9428571429
5823	Rossens (VD)	68.1818181818
5824	Sassel	50
5825	Sédeilles	59.1549295775
5826	Seigneux	72.8571428571
5827	Trey	55.8823529412
5828	Treytorrens (Payerne)	60
5829	Villars-Bramard	58.6206896552
5830	Villarzel	60.4651162791
5841	Château-d'Oex	19.387755102
5842	Rossinière	53.7444933921
5843	Rougemont	40.9411764706
5851	Allaman	67.619047619
5852	Bursinel	80.1104972376
5853	Bursins	70.6484641638
5854	Burtigny	61.2121212121
5855	Dully	78.9215686275
5856	Essertines-sur-Rolle	69.8581560284
5857	Gilly	71.9794344473
5858	Luins	67.8571428571
5859	Mont-sur-Rolle	81.3233724653
5860	Perroy	77.0700636943
5861	Rolle	59.4987468672
5862	Tartegnin	57.9831932773
5863	Vinzel	70.3225806452
5871	L'Abbaye	61.2440191388
5872	Le Chenit	19.532391622
5873	Le Lieu	50
5881	Blonay	76.5716870194
5882	Chardonne	75.4194630872
5883	Corseaux	83.7108953614
5884	Corsier-sur-Vevey	84.1330774152
5885	Jongny	85.99695586
5886	Montreux	48.6571260537
5888	Saint-Légier-La Chiésaz	78.16210635
5889	La Tour-de-Peilz	78.2444351113
5890	Vevey	52.30590363
5891	Veytaux	86.9369369369
5901	Arrissoules	70
5902	Belmont-sur-Yverdon	59.6330275229
5903	Bioley-Magnoux	67.6056338028
5904	Chamblon	83.5766423358
5905	Champvent	67.0658682635
5906	Chanéaz	72.0930232558
5907	Chavannes-le-Chêne	67.2131147541
5908	Chêne-Pâquier	69.7674418605
5909	Cheseaux-Noréaz	84.8
5910	Cronay	75.8389261745
5911	Cuarny	68.4210526316
5912	Démoret	43.0769230769
5913	Donneloye	70.4819277108
5914	Ependes (VD)	74.3169398907
5915	Essert-Pittet	75.6756756757
5916	Essert-sous-Champvent	33.7662337662
5917	Gossens	75
5918	Gressy	72.4637681159
5919	Mathod	68.5950413223
5920	Mézery-près-Donneloye	78.125
5921	Molondin	50.6024096386
5922	Montagny-près-Yverdon	71.5568862275
5923	Oppens	55.9523809524
5924	Orges	60.9523809524
5925	Orzens	69.1358024691
5926	Pomy	72.6937269373
5927	Prahins	66.6666666667
5928	Rovray	62
5929	Suchy	63.4920634921
5930	Suscévaz	67.7777777778
5931	Treycovagnes	83.8983050847
5932	Ursins	74.7126436782
5933	Valeyres-sous-Montagny	83.4558823529
5934	Valeyres-sous-Ursins	67
5935	Villars-Epeney	66.6666666667
5936	Villars-sous-Champvent	73.9130434783
5937	Vugelles-La Mothe	58.1395348837
5938	Yverdon-les-Bains	43.7315700116
5939	Yvonand	61.954459203
6001	Birgisch	85.7142857143
6002	Brig-Glis	34.8333333333
6004	Eggerberg	82.8125
6006	Mund	81.5498154982
6007	Naters	69.2543982128
6008	Ried-Brig	80.1608579088
6009	Simplon	24.5714285714
6010	Termen	79.4202898551
6011	Zwischbergen	50
6021	Ardon	69.0520446097
6022	Chamoson	58.9270746018
6023	Conthey	64.281108962
6024	Nendaz	50.790513834
6025	Vétroz	73.6126840317
6031	Bagnes	14.475585091
6032	Bourg-Saint-Pierre	18.2795698925
6033	Liddes	54.5787545788
6034	Orsières	39.2260334213
6035	Sembrancher	64.3274853801
6036	Vollèges	68.9463955638
6051	Ausserbinn	71.4285714286
6052	Bellwald	25
6054	Binn	46.4788732394
6055	Blitzingen	48.9795918367
6056	Ernen	46.8571428571
6057	Fiesch	34.3984962406
6058	Fieschertal	64.1791044776
6059	Geschinen	48.1481481481
6060	Gluringen	27.8481012658
6061	Lax	57.6687116564
6062	Mühlebach	81.8181818182
6063	Münster (VS)	30.8755760369
6064	Niederwald	51.4285714286
6065	Obergesteln	32.9896907216
6066	Oberwald	29.7101449275
6067	Reckingen (VS)	48.3870967742
6070	Steinhaus	73.3333333333
6071	Ulrichen	41.1214953271
6073	Grafschaft	55.5555555556
6081	Les Agettes	86.7647058824
6082	Ayent	57.104736491
6083	Evolène	32.650273224
6084	Hérémence	58.6805555556
6085	Mase	73.4939759036
6086	Nax	60.9467455621
6087	Saint-Martin (VS)	71.0327455919
6088	Vernamiège	65.3846153846
6089	Vex	63.0434782609
6101	Agarn	74.4985673352
6102	Albinen	59.649122807
6103	Bratsch	94.6188340807
6104	Ergisch	75.3246753247
6105	Erschmatt	75.1773049645
6107	Gampel	61.7054263566
6109	Inden	71.4285714286
6110	Leuk	55.0470219436
6111	Leukerbad	7.9768786127
6112	Oberems	50
6113	Salgesch	56.4846416382
6114	Turtmann	61.9686800895
6115	Unterems	67.1875
6116	Varen	66.1184210526
6117	Guttet-Feschel	68.2926829268
6131	Bovernier	80.2547770701
6132	Charrat	66.8615984405
6133	Fully	57.4768089054
6134	Isérables	57.7922077922
6135	Leytron	44.8434622468
6136	Martigny	32.6829943268
6137	Martigny-Combe	78.224852071
6139	Riddes	51.0263929619
6140	Saillon	55.7271557272
6141	Saxon	57.385620915
6142	Trient	56.3636363636
6151	Champéry	37.3333333333
6152	Collombey-Muraz	73.0982019364
6153	Monthey	39.790807307
6154	Port-Valais	66.7295004713
6155	Saint-Gingolph	67.4496644295
6156	Troistorrents	67.8925861062
6157	Val-d'Illiez	52.4484536082
6158	Vionnaz	66.2682602922
6159	Vouvry	58.3694083694
6171	Betten	14.6616541353
6172	Bister	56.25
6173	Bitsch	70.821529745
6174	Filet	83.8235294118
6175	Goppisberg	65.5172413793
6176	Greich	44.7368421053
6177	Grengiols	55.980861244
6178	Martisberg	66.6666666667
6179	Mörel	57.4380165289
6180	Ried-Mörel	46.835443038
6191	Ausserberg	74.9103942652
6192	Blatten	63.7795275591
6193	Bürchen	59.7972972973
6194	Eischoll	66.8341708543
6195	Ferden	73.7931034483
6196	Hohtenn	94.6808510638
6197	Kippel	59.1623036649
6198	Niedergesteln	85.0993377483
6199	Raron	62.8395061728
6200	Steg	52.3255813953
6201	Unterbäch	53.9267015707
6202	Wiler (Lötschen)	55.2941176471
6211	Collonges	79.3103448276
6212	Dorénaz	69.3726937269
6213	Evionnaz	67.1328671329
6214	Finhaut	40.7643312102
6215	Massongex	84.076433121
6216	Mex (VS)	64.5833333333
6217	Saint-Maurice	51.2119328776
6218	Salvan	57.5824175824
6219	Vernayaz	73.4246575342
6220	Vérossaz	74.1935483871
6231	Ayer	33.3333333333
6232	Chalais	67.5404780262
6233	Chandolin	29.8245614035
6234	Chermignon	53.0979827089
6235	Chippis	70.8274894811
6237	Grimentz	13.4259259259
6238	Grône	76.8131868132
6239	Icogne	69.3069306931
6240	Lens	61.3256113256
6241	Miège	73.8425925926
6242	Mollens (VS)	76.5625
6243	Montana	43.953294412
6244	Randogne	61.3636363636
6245	Saint-Jean	69.696969697
6246	Saint-Léonard	73.5426008969
6247	Saint-Luc	43.6363636364
6248	Sierre	35.601037763
6249	Venthône	71.875
6250	Veyras	82.9787234043
6251	Vissoie	41.5178571429
6261	Arbaz	73.1988472622
6263	Grimisuat	75
6264	Salins	82.2966507177
6265	Savièse	69.8305084746
6266	Sion	21.807495611
6267	Veysonnaz	48.5106382979
6281	Baltschieder	85.9183673469
6282	Eisten	79.5454545455
6283	Embd	69.4267515924
6285	Grächen	37.5
6286	Lalden	82.5925925926
6287	Randa	73.4042553191
6288	Saas Almagell	41.7142857143
6289	Saas Balen	83.2402234637
6290	Saas Fee	7.3612684032
6291	Saas Grund	45.8544839256
6292	St. Niklaus	41.5370539799
6293	Stalden (VS)	64.6706586826
6294	Staldenried	78.4615384615
6295	Täsch	70.1559020045
6296	Törbel	68.9814814815
6297	Visp	27.7218376337
6298	Visperterminen	73.7388724036
6299	Zeneggen	80.612244898
6300	Zermatt	2.3171049206
6401	Auvernier	78.9124668435
6402	Bevaix	72.4272930649
6403	Bôle	80.7432432432
6404	Boudry	70.5232129698
6405	Brot-Dessous	77.5510204082
6406	Colombier (NE)	75.4023937268
6407	Corcelles-Cormondrèche	80.6485911749
6408	Cortaillod	69.4096601073
6409	Fresens	52.1276595745
6410	Gorgier	70.9786276715
6411	Montalchez	68.2692307692
6412	Peseux	76.9291650178
6413	Rochefort	79.8493408663
6414	Saint-Aubin-Sauges	64.6258503401
6415	Vaumarcus	58.5858585859
6421	La Chaux-de-Fonds	19.4795747062
6422	Les Planchettes	57.4074074074
6423	La Sagne	55.4655870445
6431	Les Brenets	60.8013937282
6432	La Brévine	34.6031746032
6433	Brot-Plamboz	43.6241610738
6434	Le Cerneux-Péquignot	46.0526315789
6435	La Chaux-du-Milieu	57.6354679803
6436	Le Locle	38.6611740474
6437	Les Ponts-de-Martel	47.0389170897
6451	Cornaux	77.9301745636
6452	Cressier (NE)	61.1955420466
6453	Enges	76.9230769231
6454	Hauterive	87.2340425532
6455	Le Landeron	73.1752673175
6456	Lignières	69.921875
6457	Marin-Epagnier	61.3138686131
6458	Neuchâtel	37.0329603131
6459	Saint-Blaise	79.3912492074
6460	Thielle-Wavre	75.7961783439
6471	Boudevilliers	65.3225806452
6472	Cernier	74.6835443038
6473	Chézard-Saint-Martin	75.1545117429
6474	Coffrane	76.5676567657
6475	Dombresson	68.0683311432
6476	Engollon	53.3333333333
6477	Fenin-Vilars-Saules	78.0429594272
6478	Fontainemelon	74.4498777506
6479	Fontaines (NE)	76.8736616702
6480	Les Geneveys-sur-Coffrane	61.3636363636
6481	Les Hauts-Geneveys	78.0082987552
6482	Montmollin	84.3065693431
6483	Le Pâquier (NE)	54.0322580645
6484	Savagnier	76.955602537
6485	Valangin	68.137254902
6486	Villiers	75.9803921569
6501	Les Bayards	54.9382716049
6502	Boveresse	66.6666666667
6503	Buttes	62.8762541806
6504	La Côte-aux-Fées	37.7593360996
6505	Couvet	54.5754328112
6506	Fleurier	52.4012158055
6507	Môtiers (NE)	63.8613861386
6508	Noiraigue	72.2943722944
6509	Saint-Sulpice (NE)	69.1780821918
6510	Travers	62.6373626374
6511	Les Verrières	46.3022508039
6601	Aire-la-Ville	86.327077748
6602	Anières	83.9383938394
6603	Avully	87.7705627706
6604	Avusy	85.3697749196
6605	Bardonnex	82.798573975
6606	Bellevue	82.3788546256
6607	Bernex	84.8998459168
6608	Carouge (GE)	72.8755648628
6609	Cartigny	79.5396419437
6610	Céligny	75.1824817518
6611	Chancy	89.4736842105
6612	Chêne-Bougeries	84.4072460445
6613	Chêne-Bourg	82.9173599556
6614	Choulex	83.3333333333
6615	Collex-Bossy	84.1538461538
6616	Collonge-Bellerive	79.9286987522
6617	Cologny	81.6764132554
6618	Confignon	88.3862255233
6619	Corsier (GE)	85.7318573186
6620	Dardagny	75.6097560976
6621	Genève	28.2107096212
6622	Genthod	86.4077669903
6623	Le Grand-Saconnex	81.3713737713
6624	Gy	75.5952380952
6625	Hermance	79.9465240642
6626	Jussy	71.5667311412
6627	Laconnex	83.2727272727
6628	Lancy	81.4205930937
6629	Meinier	79.7884841363
6630	Meyrin	71.4412548091
6631	Onex	88.1647749012
6632	Perly-Certoux	86.448298009
6633	Plan-les-Ouates	82.4742268041
6634	Pregny-Chambésy	79.1076487252
6635	Presinge	77.4468085106
6636	Puplinge	85.3571428571
6637	Russin	64.2156862745
6638	Satigny	72.9785763649
6639	Soral	80.8823529412
6640	Thônex	81.3392070485
6641	Troinex	86.4107883817
6642	Vandoeuvres	81.3387423935
6643	Vernier	79.1636521487
6644	Versoix	75.4317434211
6645	Veyrier	85.3417049022
6701	Bassecourt	57.6679340938
6702	Boécourt	61.7866004963
6703	Bourrignon	44.262295082
6704	Châtillon (JU)	77.4193548387
6705	Corban	79.9086757991
6706	Courchapoix	77.1144278607
6707	Courfaivre	73.5064935065
6708	Courrendlin	70.2093397746
6709	Courroux	74.2467718795
6710	Courtételle	69.2162417375
6711	Delémont	31.0244786945
6712	Develier	68.6495176849
6713	Ederswiler	53.8461538462
6714	Glovelier	60.9318996416
6715	Mervelier	77.8656126482
6716	Mettembert	68.9655172414
6717	Montsevelier	67.2268907563
6718	Movelier	70.4545454545
6719	Pleigne	63.5944700461
6720	Rebeuvelier	72.6708074534
6721	Rossemaison	77.7777777778
6722	Saulcy	63.6363636364
6723	Soulce	70.1923076923
6724	Soyhières	76.0330578512
6725	Undervelier	59.6899224806
6726	Vermes	56.1643835616
6727	Vicques	71.125
6728	Vellerat	73.1707317073
6741	Le Bémont (JU)	53.0054644809
6742	Les Bois	56.5392354125
6743	Les Breuleux	46.7261904762
6744	La Chaux-des-Breuleux	68
6745	Les Enfers	44.4444444444
6746	Epauvillers	46.5753424658
6747	Epiquerez	13.9534883721
6748	Les Genevez (JU)	49.4339622642
6749	Goumois	39.6825396825
6750	Lajoux (JU)	54.1254125413
6751	Montfaucon	59.6899224806
6752	Montfavergier	47.0588235294
6753	Muriaux	53.9419087137
6754	Le Noirmont	44.472361809
6755	Le Peuchapatte	54.5454545455
6756	Les Pommerats	67.8832116788
6757	Saignelégier	38.009478673
6758	Saint-Brais	33.6734693878
6759	Soubey	12.9032258065
6771	Alle	54.5695364238
6772	Asuel	57.7981651376
6773	Beurnevésin	60.4938271605
6774	Boncourt	33.389261745
6775	Bonfol	49.5081967213
6776	Bressaucourt	78.488372093
6777	Buix	69.4444444444
6778	Bure	62.2222222222
6779	Charmoille	59.2592592593
6780	Chevenez	54.2521994135
6781	Coeuve	64.4366197183
6782	Cornol	62.0253164557
6783	Courchavon	67.7966101695
6784	Courgenay	63.2008154944
6785	Courtedoux	74.7126436782
6786	Courtemaîche	63.7583892617
6787	Damphreux	70.5128205128
6788	Damvant	64
6789	Fahy	46.875
6790	Fontenais	76.5598650927
6791	Fregiécourt	68.1818181818
6792	Grandfontaine	53.2467532468
6793	Lugnez	60.3773584906
6794	Miécourt	64.3518518519
6795	Montenol	72.972972973
6796	Montignez	57.6271186441
6797	Montmelon	32.6530612245
6798	Ocourt	47.6923076923
6799	Pleujouse	68.1818181818
6800	Porrentruy	31.7714631197
6801	Réclère	63.0136986301
6802	Roche-d'Or	13.3333333333
6803	Rocourt	61.8421052632
6804	Saint-Ursanne	49.1428571429
6805	Seleute	33.3333333333
6806	Vendlincourt	55
