Regions-ID	Regionsname	Anzahl Straftaten pro 1 000 Einwohner
1	Aeugst am Albis	38.2352941176
2	Affoltern am Albis	80.1505174036
3	Bonstetten	32.4649298597
4	Hausen am Albis	32.2778973255
5	Hedingen	42.3156038789
6	Kappel am Albis	31.2138728324
7	Knonau	30.0057703405
8	Maschwanden	28.1690140845
9	Mettmenstetten	32.1246045266
10	Obfelden	35.1769911504
11	Ottenbach	38.9441800087
12	Rifferswil	27.2835112693
13	Stallikon	33.1125827815
14	Wettswil am Albis	35.6234096692
21	Adlikon	54.4815465729
22	Benken (ZH)	29.2553191489
23	Berg am Irchel	10.3092783505
24	Buch am Irchel	13.0486358244
25	Dachsen	30.1109350238
26	Dorf	14.3312101911
27	Feuerthalen	38.0643257598
28	Flaach	31.5278900566
29	Flurlingen	66.3716814159
30	Andelfingen	51.9774011299
31	Henggart	39.16827853
32	Humlikon	55.0458715596
33	Kleinandelfingen	30.0196850394
34	Laufen-Uhwiesen	31.746031746
35	Marthalen	64.2591609134
36	Oberstammheim	38.0687093779
37	Ossingen	36.6568914956
38	Rheinau	35.6060606061
39	Thalheim an der Thur	25.0312891114
40	Trüllikon	12.909632572
41	Truttikon	15.2173913043
42	Unterstammheim	42.5531914894
43	Volken	0
44	Waltalingen	15.015015015
51	Bachenbülach	53.7407797682
52	Bassersdorf	53.1845653185
53	Bülach	91.0933587695
54	Dietlikon	109.9573257468
55	Eglisau	40.4451682953
56	Embrach	59.8664517615
57	Freienstein-Teufen	31.1249444197
58	Glattfelden	24.2600679282
59	Hochfelden	11.1940298507
60	Höri	43.0894308943
61	Hüntwangen	39.1349124614
62	Kloten	152.707952468
63	Lufingen	34.1614906832
64	Nürensdorf	30.6884716334
65	Oberembrach	40.5268490375
66	Opfikon	107.0528109029
67	Rafz	39.1315324413
68	Rorbas	60.9159626501
69	Wallisellen	119.2166653663
70	Wasterkingen	1.7953321364
71	Wil (ZH)	23.5294117647
72	Winkel	43.0412371134
81	Bachs	8.8339222615
82	Boppelsen	24.1809672387
83	Buchs (ZH)	49.3991989319
84	Dällikon	66.4627363737
85	Dänikon	30.4182509506
86	Dielsdorf	79.6820114624
87	Hüttikon	14.8148148148
88	Neerach	36.1072902338
89	Niederglatt	57.0852921424
90	Niederhasli	66.3129973475
91	Niederweningen	34.6907993967
92	Oberglatt	55.9985501993
93	Oberweningen	26.6914959652
94	Otelfingen	50.4828797191
95	Regensberg	45.8515283843
96	Regensdorf	89.2144638404
97	Rümlang	90.7942523291
98	Schleinikon	17.1184022825
99	Schöfflisdorf	40.5083399523
100	Stadel	29.6566077003
101	Steinmaur	42.5261821644
102	Weiach	33.6048879837
111	Bäretswil	34.4441959293
112	Bubikon	34.6086680425
113	Dürnten	35.5084877745
114	Fischenthal	23.402340234
115	Gossau (ZH)	33.0956688305
116	Grüningen	26.3614290669
117	Hinwil	46.1865694318
118	Rüti (ZH)	46.5833190615
119	Seegräben	33.8849487786
120	Wald (ZH)	36.1768646717
121	Wetzikon (ZH)	73.933070126
131	Adliswil	67.8420134563
132	Hirzel	31.9253438114
133	Horgen	39.444414302
134	Hütten	7.7433628319
135	Kilchberg (ZH)	66.1101386832
136	Langnau am Albis	43.9283715725
137	Oberrieden	38.9294403893
138	Richterswil	30.9563758389
139	Rüschlikon	55.9796437659
140	Schönenberg (ZH)	19.6179659267
141	Thalwil	51.4100174373
142	Wädenswil	47.958619997
151	Erlenbach (ZH)	55.0299285576
152	Herrliberg	36.9733447979
153	Hombrechtikon	47.6860138072
154	Küsnacht (ZH)	57.8182639464
155	Männedorf	44.6330504244
156	Meilen	36.4933573889
157	Oetwil am See	27.8475233965
158	Stäfa	48.6927144536
159	Uetikon am See	36.9649805447
160	Zumikon	40.0801603206
161	Zollikon	57.1828204706
171	Bauma	48.9560835133
172	Fehraltorf	67.0122887865
173	Hittnau	13.3372851215
174	Illnau-Effretikon	60.046942235
175	Kyburg	7.4626865672
176	Lindau	45.1862405862
177	Pfäffikon	49.3635215237
178	Russikon	17.6633863235
179	Sternenberg	0
180	Weisslingen	25.3448829002
181	Wila	29.4892048447
182	Wildberg	23.4291799787
191	Dübendorf	71.272849237
192	Egg	23.6990595611
193	Fällanden	44.8932338564
194	Greifensee	25.3827558421
195	Maur	33.423180593
196	Mönchaltorf	41.4814814815
197	Schwerzenbach	55.0521069325
198	Uster	62.758708527
199	Volketswil	65.8796183019
200	Wangen-Brüttisellen	49.731367957
211	Altikon	24.3902439024
212	Bertschikon	23.9234449761
213	Brütten	21.6587427364
214	Dägerlen	23.6625514403
215	Dättlikon	24.6533127889
216	Dinhard	30.0859598854
217	Elgg	43.0419857407
218	Ellikon an der Thur	43.0107526882
219	Elsau	38.2614018978
220	Hagenbuch	25.2935862692
221	Hettlingen	17.3292558614
222	Hofstetten (ZH)	11.5207373272
223	Neftenbach	38.0991396968
224	Pfungen	56.015037594
225	Rickenbach (ZH)	48.7012987013
226	Schlatt (ZH)	4.1782729805
227	Seuzach	27.6877761414
228	Turbenthal	39.8445092323
229	Wiesendangen	38.2647385984
230	Winterthur	86.6670738411
231	Zell (ZH)	35.2235339656
241	Aesch (ZH)	44.5795339412
242	Birmensdorf (ZH)	79.5180722892
243	Dietikon	141.064738172
244	Geroldswil	44.0460380699
245	Oberengstringen	63.0848660858
246	Oetwil an der Limmat	52.9595015576
247	Schlieren	126.1065055501
248	Uitikon	56.0333593954
249	Unterengstringen	82.4104234528
250	Urdorf	66.5219750407
251	Weiningen (ZH)	75.3672044305
261	Zürich	158.0414754116
301	Aarberg	64.8498612163
302	Bargen (BE)	33.4685598377
303	Grossaffoltern	13.8150903294
304	Kallnach	28.4203569068
305	Kappelen	27.6381909548
306	Lyss	68.4583734571
307	Meikirch	25.2100840336
308	Niederried bei Kallnach	0
309	Radelfingen	28.013582343
310	Rapperswil (BE)	33.0188679245
311	Schüpfen	56.0165975104
312	Seedorf (BE)	9.7022415524
321	Aarwangen	39.7647058824
322	Auswil	34.5572354212
323	Bannwil	45.5235204856
324	Bleienbach	43.6090225564
325	Busswil bei Melchnau	25.641025641
326	Gondiswil	24.8275862069
328	Kleindietwil	45.2674897119
329	Langenthal	84.2525546457
330	Leimiswil	14.5631067961
331	Lotzwil	30.4401480872
332	Madiswil	35.3488372093
333	Melchnau	27.4330502939
334	Obersteckholz	25.7731958763
335	Oeschenbach	34.2205323194
336	Reisiswil	10.8695652174
337	Roggwil (BE)	55.9957739039
338	Rohrbach	40.2588066139
339	Rohrbachgraben	9.4562647754
340	Rütschelen	8.9445438283
341	Schwarzhäusern	27.4841437632
342	Thunstetten	43.0976430976
343	Untersteckholz	35.9281437126
344	Ursenbach	13.9634801289
345	Wynau	23.7179487179
351	Bern	172.4466137889
352	Bolligen	33.5691953266
353	Bremgarten bei Bern	57.1212883744
354	Kirchlindach	39.8984403337
355	Köniz	61.7264444093
356	Muri bei Bern	59.9121706399
357	Oberbalm	8.0459770115
358	Stettlen	50.1917044266
359	Vechigen	28.3870967742
360	Wohlen bei Bern	33.0514133096
361	Zollikofen	60.2249488753
362	Ittigen	52.4355033995
363	Ostermundigen	69.3899274832
371	Biel/Bienne	171.8753124188
372	Evilard	36.2651104627
381	Arch	30.7692307692
382	Büetigen	6.3211125158
383	Büren an der Aare	42.2360248447
384	Busswil bei Büren	37.8042465044
385	Diessbach bei Büren	12.6002290951
386	Dotzigen	30.4606240713
387	Lengnau (BE)	45.3232614974
388	Leuzigen	11.7845117845
389	Meienried	0
390	Meinisberg	45.0160771704
391	Oberwil bei Büren	18.8205771644
392	Pieterlen	78.8766059157
393	Rüti bei Büren	40.7407407407
394	Wengi	13.0081300813
401	Aefligen	28.8270377734
402	Alchenstorf	14.1592920354
403	Bäriswil	22.1997981837
404	Burgdorf	70.2191888699
405	Ersigen	31.0182063385
406	Hasle bei Burgdorf	46.4135021097
407	Heimiswil	7.3800738007
408	Hellsau	16.5745856354
409	Hindelbank	56.3310069791
410	Höchstetten	58.3657587549
411	Kernenried	16.4319248826
412	Kirchberg (BE)	64.5506419401
413	Koppigen	37.6993716771
414	Krauchthal	14.9582050154
415	Lyssach	102.1582733813
416	Mötschwil	0
417	Niederösch	22.1238938053
418	Oberburg	46.3808854533
419	Oberösch	0
420	Rüdtligen-Alchenflüh	48.8704472107
421	Rumendingen	0
422	Rüti bei Lyssach	0
423	Willadingen	16.5745856354
424	Wynigen	22.2882615156
431	Corgémont	31.3725490196
432	Cormoret	54.3689320388
433	Cortébert	33.8028169014
434	Courtelary	29.9003322259
435	La Ferrière	18.5873605948
436	La Heutte	18.0360721443
437	Mont-Tramelan	23.8095238095
438	Orvin	38.2695507488
439	Péry	58.3025830258
440	Plagne	38.2513661202
441	Renan (BE)	20.5811138015
442	Romont (BE)	20.202020202
443	Saint-Imier	54.3024227235
444	Sonceboz-Sombeval	33.5990888383
445	Sonvilier	26.9799825936
446	Tramelan	29.6610169492
447	Vauffelin	21.686746988
448	Villeret	13.1291028446
491	Brüttelen	8.4459459459
492	Erlach	69.8080279232
493	Finsterhennen	44.6808510638
494	Gals	48.0225988701
495	Gampelen	121.7616580311
496	Ins	55.5378231727
497	Lüscherz	39.6226415094
498	Müntschemier	42.3197492163
499	Siselen	10.3626943005
500	Treiten	9.7087378641
501	Tschugg	16.393442623
502	Vinelz	60.8272506083
531	Ballmoos	0
532	Bangerten	0
533	Bätterkinden	53.738317757
534	Büren zum Hof	8.3682008368
535	Deisswil bei Münchenbuchsee	115.7894736842
536	Diemerswil	34.4827586207
537	Etzelkofen	3.1746031746
538	Fraubrunnen	40.5177265053
539	Grafenried	25.3968253968
540	Jegenstorf	33.4773218143
541	Iffwil	0
542	Limpach	38.4615384615
543	Mattstetten	10.1694915254
544	Moosseedorf	60.7594936709
545	Mülchi	20.7468879668
546	Münchenbuchsee	50.8717948718
547	Münchringen	19.5729537367
548	Ruppoldsried	22.7272727273
549	Schalunen	62.015503876
550	Scheunen	0
551	Urtenen-Schönbühl	56.0931899642
552	Utzenstorf	38.7254901961
553	Wiggiswil	84.9056603774
554	Wiler bei Utzenstorf	50.9950248756
555	Zauggenried	0
556	Zielebach	33.3333333333
557	Zuzwil (BE)	7.6335877863
561	Adelboden	48.132780083
562	Aeschi bei Spiez	23.2205956588
563	Frutigen	40.556719545
564	Kandergrund	17.2626387176
565	Kandersteg	43.2252701579
566	Krattigen	28.3315844701
567	Reichenbach im Kandertal	31.4891112419
571	Beatenberg	26.0190806592
572	Bönigen	22.2408728494
573	Brienz (BE)	48.3978638184
574	Brienzwiler	41.2757973734
575	Därligen	34.9127182045
576	Grindelwald	57.7626764245
577	Gsteigwiler	28.2352941176
578	Gündlischwand	17.7304964539
579	Habkern	1.6025641026
580	Hofstetten bei Brienz	15.5440414508
581	Interlaken	207.5578116187
582	Iseltwald	37.7833753149
584	Lauterbrunnen	64.8450244698
585	Leissigen	28.7846481876
586	Lütschental	16.8067226891
587	Matten bei Interlaken	72.633297062
588	Niederried bei Interlaken	2.9850746269
589	Oberried am Brienzersee	30.487804878
590	Ringgenberg (BE)	25.4706533776
591	Saxeten	9.7087378641
592	Schwanden bei Brienz	13.0293159609
593	Unterseen	77.5719787273
594	Wilderswil	33.360455655
601	Aeschlen	9.9667774086
602	Arni (BE)	2.0512820513
603	Biglen	39.6551724138
604	Bleiken bei Oberdiessbach	2.6525198939
605	Bowil	9.4134685011
606	Brenzikofen	10.8108108108
607	Freimettigen	2.4630541872
608	Grosshöchstetten	32.8282828283
609	Häutligen	0
610	Herbligen	5.4945054945
611	Kiesen	77.3130544994
612	Konolfingen	42.8360413589
613	Landiswil	32.7613104524
614	Linden	18.8536953243
615	Mirchel	13.0597014925
616	Münsingen	58.9676131725
617	Niederhünigen	21.6383307573
619	Oberdiessbach	22.2222222222
620	Oberthal	3.7313432836
622	Oppligen	35.8814352574
623	Rubigen	52.8040786599
624	Schlosswil	13.8248847926
625	Tägertschi	25.706940874
626	Walkringen	20.8562019759
627	Worb	44.898318514
628	Zäziwil	13.4099616858
629	Oberhünigen	0
630	Allmendingen	36.1445783133
631	Trimstein	12.5
632	Wichtrach	45.6131605184
661	Clavaleyres	0
662	Ferenbalm	23.3494363929
663	Frauenkappelen	61.320754717
664	Golaten	0
665	Gurbrü	42.8015564202
666	Kriechenwil	29.9251870324
667	Laupen	58.6541921555
668	Mühleberg	32.9545454545
669	Münchenwiler	20.0501253133
670	Neuenegg	30.1697045883
671	Wileroltigen	22.2772277228
681	Belprahon	9.9667774086
682	Bévilard	43.3001755413
683	Champoz	0
684	Châtelat	8.3333333333
687	Corcelles (BE)	21.7391304348
690	Court	43.35047759
691	Crémines	14.652014652
692	Eschert	23.498694517
694	Grandval	30.03003003
696	Loveresse	9.6774193548
697	Malleray	46.3476070529
699	Monible	0
700	Moutier	63.4517766497
701	Perrefitte	8.2474226804
702	Pontenet	43.4782608696
703	Reconvilier	45.2729693742
704	Roches (BE)	27.149321267
706	Saicourt	26.2237762238
707	Saules (BE)	0
708	Schelten	90.9090909091
709	Seehof	13.5135135135
710	Sornetan	33.0578512397
711	Sorvilier	41.0447761194
712	Souboz	7.6335877863
713	Tavannes	45.1149425287
715	Rebévelier	39.2156862745
721	Diesse	89.156626506
722	Lamboing	35.0364963504
723	La Neuveville	108.3956296722
724	Nods	30.0957592339
725	Prêles	56.0640732265
731	Aegerten	60.6606606607
732	Bellmund	42.2535211268
733	Brügg	149.75
734	Bühl	9.3676814988
735	Epsach	34.4827586207
736	Hagneck	16.9902912621
737	Hermrigen	25.2100840336
738	Jens	16.6163141994
739	Ipsach	49.1715660075
740	Ligerz	44.061302682
741	Merzligen	12.4378109453
742	Mörigen	43.7352245863
743	Nidau	125.6863036059
744	Orpund	66.9187145558
745	Port	44.4166406006
746	Safnern	21.9839142091
747	Scheuren	38.2882882883
748	Schwadernau	32.5732899023
749	Studen (BE)	74.6765249538
750	Sutz-Lattrigen	41.6982562547
751	Täuffelen	16.5549862042
752	Tüscherz-Alfermée	136.8078175896
753	Twann	83.5351089588
754	Walperswil	41.0022779043
755	Worben	37.3462214411
761	Därstetten	22.170361727
762	Diemtigen	32.1678321678
763	Erlenbach im Simmental	11.2160566706
764	Niederstocken	11.2359550562
765	Oberstocken	7.0422535211
766	Oberwil im Simmental	6.2189054726
767	Reutigen	9.4142259414
768	Spiez	42.078214085
769	Wimmis	27.2527472527
781	Gadmen	20.1612903226
782	Guttannen	31.9488817891
783	Hasliberg	33.1447049313
784	Innertkirchen	27.4285714286
785	Meiringen	42.1029182446
786	Schattenhalb	41.0509031199
791	Boltigen	19.943019943
792	Lenk	44.7068747364
793	St. Stephan	13.1964809384
794	Zweisimmen	40.5080672846
841	Gsteig	14.598540146
842	Lauenen	3.6945812808
843	Saanen	63.9275966097
851	Albligen	2.1598272138
852	Guggisberg	11.3493064313
853	Rüschegg	11.8764845606
854	Wahlern	29.917966865
861	Belp	46.3452566096
862	Belpberg	15.037593985
863	Burgistein	32.5047801147
865	Gelterfingen	4.1493775934
866	Gerzensee	10.6589147287
867	Gurzelen	36.5699873897
868	Jaberg	24.0963855422
869	Kaufdorf	19.7916666667
870	Kehrsatz	31.5527950311
871	Kienersrüti	0
872	Kirchdorf (BE)	28.6738351254
873	Kirchenthurnen	17.7935943061
874	Lohnstorf	4.2735042735
875	Mühledorf (BE)	29.0456431535
876	Mühlethurnen	12.2605363985
877	Niedermuhlern	12.8913443831
878	Noflen	0
879	Riggisberg	24.5346869712
880	Rüeggisberg	27.8372591006
881	Rümligen	33.9702760085
883	Seftigen	25.6898192198
884	Toffen	21.0016155089
885	Uttigen	37.6068376068
886	Wattenwil	18.6813186813
888	Wald (BE)	11.3141862489
901	Eggiwil	5.2695581678
902	Langnau im Emmental	38.2983474766
903	Lauperswil	4.5248868778
904	Röthenbach im Emmental	4.6838407494
905	Rüderswil	29.9401197605
906	Schangnau	22.4358974359
907	Signau	19.1036002939
908	Trub	2.7359781122
909	Trubschachen	13.2311977716
921	Amsoldingen	17.4781523096
922	Blumenstein	12.03783319
923	Buchholterberg	11.154855643
924	Eriz	11.7647058824
925	Fahrni	8.0971659919
927	Heiligenschwendi	33.2805071315
928	Heimberg	49.2505353319
929	Hilterfingen	44.3942814146
930	Höfen	12.1951219512
931	Homberg	3.9603960396
932	Horrenbach-Buchen	3.9682539683
934	Oberhofen am Thunersee	36.8020304569
935	Oberlangenegg	24.5901639344
936	Pohlern	22.4719101124
937	Schwendibach	0
938	Sigriswil	14.1059027778
939	Steffisburg	41.6802132778
940	Teuffenthal (BE)	23.3918128655
941	Thierachern	14.5124716553
942	Thun	84.0988392794
943	Uebeschi	5.7887120116
944	Uetendorf	47.914223488
945	Unterlangenegg	13.201320132
946	Wachseldorn	21.0084033613
947	Zwieselberg	18.6567164179
948	Forst-Längenbühl	8.4033613445
951	Affoltern im Emmental	24.1171403962
952	Dürrenroth	13.3460438513
953	Eriswil	5.8266569556
954	Huttwil	49.4669509595
955	Lützelflüh	38.0790686393
956	Rüegsau	2.9693170571
957	Sumiswald	26.3571990559
958	Trachselwald	8.6705202312
959	Walterswil (BE)	5.376344086
960	Wyssachen	13.6518771331
971	Attiswil	18.9969604863
972	Berken	81.6326530612
973	Bettenhausen	10.4166666667
974	Bollodingen	22.4215246637
975	Farnern	24.8756218905
976	Graben	33.1125827815
977	Heimenhausen	26.2626262626
978	Hermiswil	0
979	Herzogenbuchsee	68.3524904215
980	Inkwil	7.8492935636
981	Niederbipp	78.3866057839
982	Niederönz	12.6162018592
983	Oberbipp	30.4207119741
985	Ochlenberg	3.3726812816
987	Rumisberg	2.0661157025
988	Seeberg	30.8596620132
989	Thörigen	15.7480314961
990	Walliswil bei Niederbipp	27.9069767442
991	Walliswil bei Wangen	17.4825174825
992	Wangen an der Aare	74.2744712248
993	Wangenried	20.3562340967
995	Wiedlisbach	71.5924736117
996	Wolfisberg	5.1546391753
1001	Doppleschwand	4.2016806723
1002	Entlebuch	21.600243383
1003	Escholzmatt	20.0573065903
1004	Flühli	17.1696149844
1005	Hasle (LU)	15.2135751902
1006	Marbach (LU)	13.4115674769
1007	Romoos	9.8176718093
1008	Schüpfheim	24.8021108179
1009	Werthenstein	24.9734325186
1021	Aesch (LU)	26.2881177708
1022	Altwis	43.2432432432
1023	Ballwil	23.3415233415
1024	Emmen	76.0361144349
1025	Ermensee	26.6666666667
1026	Eschenbach (LU)	26.1703983716
1030	Hitzkirch	32.3694432456
1031	Hochdorf	59.384688767
1032	Hohenrain	39.0920554855
1033	Inwil	25.7009345794
1037	Rain	25.7080610022
1039	Römerswil	10.1458465441
1040	Rothenburg	49.9158721256
1041	Schongau	11.7370892019
1051	Adligenswil	24.6710526316
1052	Buchrain	47.55854057
1053	Dierikon	61.2244897959
1054	Ebikon	75.5744680851
1055	Gisikon	69.2464358452
1056	Greppen	17.0031880978
1057	Honau	42.1348314607
1058	Horw	49.9768981981
1059	Kriens	55.0727995983
1060	Littau	49.7191841561
1061	Luzern	154.8252055165
1062	Malters	41.439476554
1063	Meggen	24.5597775718
1064	Meierskappel	37.037037037
1065	Root	84.5204178538
1066	Schwarzenberg	4.9230769231
1067	Udligenswil	28.7871637565
1068	Vitznau	30.2560124127
1069	Weggis	37.9622826353
1081	Beromünster	28.1721884156
1082	Büron	34.3691148776
1083	Buttisholz	21.5778826703
1084	Eich	14.8791072536
1085	Geuensee	28.7707061901
1086	Grosswangen	17.6104972376
1088	Hildisrieden	39.1832229581
1089	Knutwil	39.4814378315
1091	Mauensee	9.6153846154
1092	Neudorf	35.8705161855
1093	Neuenkirch	42.1798549013
1094	Nottwil	37.8294573643
1095	Oberkirch	53.4774985389
1096	Pfeffikon	15.2565880721
1097	Rickenbach (LU)	26.1143628996
1098	Ruswil	14.7058823529
1099	Schenkon	25.8620689655
1100	Schlierbach	10.7858243451
1102	Sempach	44.0835266821
1103	Sursee	109.0909090909
1104	Triengen	25.9199259431
1107	Wolhusen	40.0482509047
1121	Alberswil	13.9616055846
1122	Altbüron	11.0619469027
1123	Altishofen	48.9826676714
1125	Dagmersellen	51.7739273927
1126	Ebersecken	14.1176470588
1127	Egolzwil	27.365129007
1128	Ettiswil	41.7766051011
1129	Fischbach	8.3798882682
1130	Gettnau	35.4609929078
1131	Grossdietwil	7.1513706794
1132	Hergiswil bei Willisau	5.5586436909
1135	Luthern	13.1482834186
1136	Menznau	22.7354745579
1137	Nebikon	92.8288605367
1138	Ohmstal	6.2893081761
1139	Pfaffnau	35.3440150801
1140	Reiden	57.6073232323
1142	Roggliswil	7.8125
1143	Schötz	40.9252669039
1145	Ufhusen	50.4103165299
1146	Wauwil	51.9174041298
1147	Wikon	24.4625648629
1150	Zell (LU)	27.5467775468
1151	Willisau	38.4401887316
1201	Altdorf (UR)	45.2278789284
1202	Andermatt	69.2431561997
1203	Attinghausen	9.4280326838
1204	Bauen	21.5053763441
1205	Bürglen (UR)	9.693877551
1206	Erstfeld	28.1615302869
1207	Flüelen	41.3223140496
1208	Göschenen	45.871559633
1209	Gurtnellen	23.1124807396
1210	Hospental	42.328042328
1211	Isenthal	1.8552875696
1212	Realp	45.7516339869
1213	Schattdorf	29.7534134909
1214	Seedorf (UR)	27.380952381
1215	Seelisberg	23.1481481481
1216	Silenen	15.992892048
1217	Sisikon	54.2005420054
1218	Spiringen	14.3964562569
1219	Unterschächen	6.8587105624
1220	Wassen	33.5570469799
1301	Einsiedeln	22.1794323206
1311	Gersau	36.0138135175
1321	Feusisberg	23.4408602151
1322	Freienbach	48.7213825649
1323	Wollerau	33.5772707706
1331	Küssnacht (SZ)	43.7140235255
1341	Altendorf	22.3577235772
1342	Galgenen	26.5193370166
1343	Innerthal	10.3626943005
1344	Lachen	41.1032266702
1345	Reichenburg	50.240880936
1346	Schübelbach	42.0332355816
1347	Tuggen	33.8687150838
1348	Vorderthal	0.9910802775
1349	Wangen (SZ)	43.7636761488
1361	Alpthal	1.9417475728
1362	Arth	52.3854961832
1363	Illgau	6.3051702396
1364	Ingenbohl	55.0724637681
1365	Lauerz	31.0378273521
1366	Morschach	48.9073881374
1367	Muotathal	16.8020162419
1368	Oberiberg	30.4955527319
1369	Riemenstalden	0
1370	Rothenthurm	13.986013986
1371	Sattel	16.2162162162
1372	Schwyz	45.8295142071
1373	Steinen	23.0369889682
1374	Steinerberg	8.120649652
1375	Unteriberg	20.2498922878
1401	Alpnach	46.5471194201
1402	Engelberg	53.7489922064
1403	Giswil	27.8963848562
1404	Kerns	16.77301732
1405	Lungern	30.7467057101
1406	Sachseln	13.4870567762
1407	Sarnen	49.0735084504
1501	Beckenried	30.3311668214
1502	Buochs	32.7992459943
1503	Dallenwil	50.1408450704
1504	Emmetten	15.5865463495
1505	Ennetbürgen	23.8987816307
1506	Ennetmoos	14.2156862745
1507	Hergiswil (NW)	31.5886134068
1508	Oberdorf (NW)	12.8081972462
1509	Stans	43.9080754911
1510	Stansstad	37.627268703
1511	Wolfenschiessen	25.1976284585
1601	Betschwanden	74.4680851064
1602	Bilten	27.1629778672
1603	Braunwald	24.3902439024
1605	Elm	25.787965616
1606	Engi	14.1732283465
1607	Ennenda	21.1213517665
1608	Filzbach	60.7843137255
1609	Glarus	62.9667345553
1610	Haslen	17.6297747307
1613	Linthal	20.1729106628
1614	Luchsingen	13.2508833922
1615	Matt	26.525198939
1616	Mitlödi	40.1174168297
1617	Mollis	25.4533884823
1618	Mühlehorn	18.1818181818
1619	Näfels	60.4604098153
1620	Netstal	33.9398180546
1622	Niederurnen	55.5978674791
1623	Oberurnen	22.2567287785
1624	Obstalden	32.6086956522
1625	Riedern	4.1666666667
1626	Rüti (GL)	38.8059701493
1627	Schwanden (GL)	57.5052854123
1628	Schwändi	16.5975103734
1629	Sool	9.7719869707
1701	Baar	57.0990522208
1702	Cham	76.5130794586
1703	Hünenberg	34.6946151066
1704	Menzingen	32.7306019684
1705	Neuheim	35.0253807107
1706	Oberägeri	25.5787901419
1707	Risch	56.0790622845
1708	Steinhausen	56.2542876744
1709	Unterägeri	43.3240435774
1710	Walchwil	21.5208034433
1711	Zug	112.8869578711
2004	Bussy (FR)	33.9943342776
2005	Châbles	27.4193548387
2008	Châtillon (FR)	18.2926829268
2009	Cheiry	26.1627906977
2010	Cheyres	90.4572564612
2011	Cugy (FR)	64.9635036496
2013	Domdidier	50.3194888179
2014	Dompierre (FR)	62.2347949081
2015	Estavayer-le-Lac	130.6231943871
2016	Fétigny	36.1596009975
2017	Font	52.4781341108
2022	Gletterens	27.4725274725
2024	Léchelles	41.5973377704
2025	Lully (FR)	42.203985932
2027	Ménières	87.5
2029	Montagny (FR)	27.7227722772
2033	Morens (FR)	0
2034	Murist	22.5140712946
2035	Nuvilly	15.015015015
2038	Prévondavaux	0
2039	Rueyres-les-Prés	12.8205128205
2040	Russy	28.4360189573
2041	Saint-Aubin (FR)	34.2565597668
2043	Sévaz	77.5510204082
2044	Surpierre	30.4054054054
2045	Vallon	21.472392638
2047	Villeneuve (FR)	32.7868852459
2049	Vuissens	17.5438596491
2050	Les Montets	35.5078447564
2051	Delley-Portalban	57.7830188679
2052	Vernay	25.354969574
2061	Auboranges	11.3636363636
2063	Billens-Hennens	18.6335403727
2066	Chapelle (Glâne)	20.2429149798
2067	Le Châtelard	11.7994100295
2068	Châtonnaye	18.2370820669
2072	Ecublens (FR)	18.0505415162
2079	Grangettes	6.1728395062
2086	Massonnens	23.4192037471
2087	Mézières (FR)	9.1001011122
2089	Montet (Glâne)	8.2872928177
2096	Romont (FR)	83.0992509363
2097	Rue	20.6440957886
2099	Siviriez	13.5406218656
2102	Ursy	29.0360046458
2111	Villaz-Saint-Pierre	11.6648992577
2112	Vuarmarens	10.101010101
2113	Vuisternens-devant-Romont	12.6315789474
2114	Villorsonnens	10.6382978723
2115	Torny	2.5906735751
2116	La Folliaz	24.9716231555
2121	Haut-Intyamon	32.0557491289
2122	Pont-en-Ogoz	28.0612244898
2123	Botterens	8.5836909871
2124	Broc	54.9001814882
2125	Bulle	86.5439579284
2126	Cerniat (FR)	27.6073619632
2127	Charmey	37.2460496614
2128	Châtel-sur-Montsalvens	12.8205128205
2129	Corbières	61.6966580977
2130	Crésuz	18.2481751825
2131	Echarlens	25.6797583082
2134	Grandvillard	23.3918128655
2135	Gruyères	44.4951511694
2137	Hauteville	40.2193784278
2138	Jaun	22.6628895184
2140	Marsens	27.2020725389
2143	Morlon	14.8760330579
2145	Le Pâquier (FR)	40.2245088868
2147	Pont-la-Ville	12.4113475177
2148	Riaz	27.3088381331
2149	La Roche	31.541218638
2152	Sâles	24.5718540581
2153	Sorens	30.0751879699
2155	Vaulruz	47.5687103594
2159	Villarvolard	19.1570881226
2160	Vuadens	26.2076053443
2162	Bas-Intyamon	5.5299539171
2171	Arconciel	10.6809078772
2172	Autafond	0
2173	Autigny	23.4260614934
2174	Avry	69.2124105012
2175	Belfaux	35.5225113589
2177	Chénens	49.766718507
2179	Chésopelloz	25
2183	Corminboeuf	13.5324311713
2184	Corpataux-Magnedens	28.0036133695
2185	Corserey	12.46105919
2186	Cottens (FR)	27.3178807947
2189	Ependes (FR)	11.3528855251
2192	Farvagny	24.1855873643
2194	Ferpicloz	71.7299578059
2196	Fribourg	124.9559910809
2197	Givisiez	60.1018675722
2198	Granges-Paccot	97.1813209928
2200	Grolley	44.7482908639
2206	Marly	53.7808329964
2208	Matran	62.1584699454
2211	Neyruz (FR)	19.2492781521
2213	Noréaz	34.5489443378
2216	Pierrafortscha	26.3157894737
2217	Ponthaux	9.7719869707
2220	Le Mouret	25.6766134629
2221	Prez-vers-Noréaz	29.3772032902
2222	Rossens (FR)	39.768019884
2223	Le Glèbe	17.3515981735
2225	Senèdes	25.2100840336
2226	Treyvaux	12.7659574468
2228	Villars-sur-Glâne	63.8218578217
2230	Villarsel-sur-Marly	11.2359550562
2231	Vuisternens-en-Ogoz	16.25
2233	Hauterive (FR)	34.3529411765
2234	La Brillaz	14.3540669856
2235	La Sonnaz	26.7765190525
2243	Barberêche	64.0301318267
2244	Büchslen	63.9534883721
2250	Courgevaux	34.7334410339
2251	Courlevon	14.0350877193
2254	Courtepin	44.6964643095
2257	Cressier (FR)	33.6538461538
2258	Fräschels	34.9794238683
2259	Galmiz	90.0321543408
2260	Gempenach	0
2261	Greng	47.619047619
2262	Gurmels	28.5941223193
2264	Jeuss	11.961722488
2265	Kerzers	55.4565701559
2266	Kleinbösingen	12.0689655172
2270	Lurtigen	5.376344086
2271	Meyriez	55.7432432432
2272	Misery-Courtion	23.8267148014
2274	Muntelier	80.4347826087
2275	Murten	75.1992031873
2276	Ried bei Kerzers	34.5188284519
2277	Salvenach	19.9600798403
2278	Ulmiz	2.5125628141
2279	Villarepos	9.765625
2280	Bas-Vully	54.9626467449
2281	Haut-Vully	26.9645608629
2283	Wallenried	0
2291	Alterswil	8.8495575221
2292	Brünisried	5.0420168067
2293	Düdingen	75.8293838863
2294	Giffers	13.6789056875
2295	Bösingen	23.2558139535
2296	Heitenried	22.8166797797
2298	Oberschrot	6.5481758653
2299	Plaffeien	36.496350365
2300	Plasselb	19.0954773869
2301	Rechthalten	10.1946246525
2302	St. Antoni	15.5118924509
2303	St. Silvester	12.0350109409
2304	St. Ursen	22.239872915
2305	Schmitten (FR)	28.3824745109
2306	Tafers	33.0732069863
2307	Tentlingen	22.0588235294
2308	Ueberstorf	13.5996600085
2309	Wünnewil-Flamatt	48.1488586227
2310	Zumholz	4.6189376443
2321	Attalens	9.6256684492
2323	Bossonnens	19.0476190476
2325	Châtel-Saint-Denis	36.7687013222
2328	Granges (Veveyse)	22.9007633588
2333	Remaufens	18.8679245283
2335	Saint-Martin (FR)	16.5745856354
2336	Semsales	29.5698924731
2337	Le Flon	9.9502487562
2338	La Verrerie	17.3076923077
2401	Egerkingen	131.9120586276
2402	Härkingen	101.0180109632
2403	Kestenholz	38.7643852211
2404	Neuendorf	58.0380071906
2405	Niederbuchsiten	22.9405630865
2406	Oberbuchsiten	61.0605249063
2407	Oensingen	98.3844241922
2408	Wolfwil	37.2393247269
2421	Aedermannsdorf	42.4778761062
2422	Balsthal	86.94897605
2423	Gänsbrunnen	0
2424	Herbetswil	27.8810408922
2425	Holderbank (SO)	35.3846153846
2426	Laupersdorf	37.3493975904
2427	Matzendorf	14.7286821705
2428	Mümliswil-Ramiswil	22.7361818895
2429	Welschenrohr	20.6648697215
2441	Aetigkofen	5.5555555556
2442	Aetingen	36.0655737705
2443	Balm bei Messen	0
2444	Bibern (SO)	8.1967213115
2445	Biezwil	6.1162079511
2446	Brügglen	5.0251256281
2447	Brunnenthal	4.9261083744
2449	Gossliwil	0
2450	Hessigkofen	11.6279069767
2452	Küttigkofen	11.320754717
2453	Kyburg-Buchegg	21.0843373494
2454	Lüsslingen	21.6535433071
2455	Lüterkofen-Ichertswil	31.5934065934
2456	Lüterswil-Gächliwil	14.6627565982
2457	Messen	25.5402750491
2458	Mühledorf (SO)	14.4927536232
2459	Nennigkofen	49.3096646943
2460	Oberramsern	11.4942528736
2461	Schnottwil	31.914893617
2462	Tscheppach	15
2463	Unterramsern	14.6341463415
2471	Bättwil	30.5410122164
2472	Büren (SO)	16.1987041037
2473	Dornach	52.5624178712
2474	Gempen	36.6972477064
2475	Hochwald	20.7468879668
2476	Hofstetten-Flüh	63.122923588
2477	Metzerlen-Mariastein	40.5701754386
2478	Nuglar-St. Pantaleon	20.1109570042
2479	Rodersdorf	34.6184107002
2480	Seewen	15.6097560976
2481	Witterswil	41.4814814815
2491	Hauenstein-Ifenthal	108.6261980831
2492	Kienberg	31.4341846758
2493	Lostorf	23.7196765499
2495	Niedergösgen	39.9684459637
2497	Obergösgen	44.8780487805
2498	Rohr (SO)	53.7634408602
2499	Stüsslingen	35.4969574037
2500	Trimbach	78.1920158364
2501	Winznau	38.8821385176
2502	Wisen (SO)	27.027027027
2503	Erlinsbach (SO)	30.5985205111
2511	Aeschi (SO)	23.9520958084
2513	Biberist	53.0012771392
2514	Bolken	3.7105751391
2516	Deitingen	50.4281636537
2517	Derendingen	53.2910123622
2518	Etziken	31.9693094629
2519	Gerlafingen	68.4536082474
2520	Halten	15.8150851582
2521	Heinrichswil-Winistorf	10.5448154657
2522	Hersiwil	16.5745856354
2523	Horriwil	15.9509202454
2524	Hüniken	22.9885057471
2525	Kriegstetten	107.8838174274
2526	Lohn-Ammannsegg	34.3364197531
2527	Luterbach	39.82576229
2528	Obergerlafingen	44.6511627907
2529	Oekingen	10.1449275362
2530	Recherswil	29.2014302741
2531	Steinhof	0
2532	Subingen	55.6131260794
2534	Zuchwil	80.5114029026
2541	Balm bei Günsberg	26.1780104712
2542	Bellach	67.3801030519
2543	Bettlach	40.0674820751
2544	Feldbrunnen-St. Niklaus	17.3347778982
2545	Flumenthal	26.1569416499
2546	Grenchen	74.4299981157
2547	Günsberg	21.9298245614
2548	Hubersdorf	17.9910044978
2549	Kammersrohr	0
2550	Langendorf	55.7451649602
2551	Lommiswil	14.3540669856
2552	Niederwil (SO)	50.3778337531
2553	Oberdorf (SO)	15.3755174453
2554	Riedholz	32.4909747292
2555	Rüttenen	12.0226308345
2556	Selzach	59.686888454
2571	Boningen	79.2079207921
2572	Däniken	32.6046683957
2573	Dulliken	42.3360833695
2574	Eppenberg-Wöschnau	64.7249190939
2575	Fulenbach	37.3088685015
2576	Gretzenbach	31.8757662444
2578	Gunzgen	111.7318435754
2579	Hägendorf	71.6806352007
2580	Kappel (SO)	41.9762258544
2581	Olten	137.2525779305
2582	Rickenbach (SO)	32.6797385621
2583	Schönenwerd	81.8974686237
2584	Starrkirch-Wil	20.4460966543
2585	Walterswil (SO)	20.3784570597
2586	Wangen bei Olten	50.5430242272
2601	Solothurn	165.3331626448
2611	Bärschwil	27.2835112693
2612	Beinwil (SO)	23.178807947
2613	Breitenbach	61.0866372981
2614	Büsserach	41.2317327766
2615	Erschwil	14.1612200436
2616	Fehren	13.5363790186
2617	Grindel	20.7039337474
2618	Himmelried	17.2972972973
2619	Kleinlützel	28.0448717949
2620	Meltingen	24.1935483871
2621	Nunningen	23.3297985154
2622	Zullwil	27.7777777778
2701	Basel	114.4982629731
2702	Bettingen	9.2748735245
2703	Riehen	45.4036692783
2761	Aesch (BL)	46.599621627
2762	Allschwil	55.5935412612
2763	Arlesheim	49.8372432372
2764	Biel-Benken	22.2079176054
2765	Binningen	59.3512767426
2766	Birsfelden	60.9092675345
2767	Bottmingen	53.5654502846
2768	Ettingen	30.5867665418
2769	Münchenstein	81.203135651
2770	Muttenz	71.9084058648
2771	Oberwil (BL)	58.7038651555
2772	Pfeffingen	30.260707635
2773	Reinach (BL)	51.4053649674
2774	Schönenbuch	14.6955913226
2775	Therwil	48.3853890948
2781	Blauen	4.3668122271
2782	Brislach	11.320754717
2783	Burg im Leimental	21.9298245614
2784	Dittingen	18.6513629842
2785	Duggingen	45.652173913
2786	Grellingen	32.7868852459
2787	Laufen	76.2695501062
2788	Liesberg	43.8079191238
2789	Nenzlingen	16.7064439141
2790	Roggenburg	7.0671378092
2791	Röschenz	17.6211453744
2792	Wahlen	30.8823529412
2793	Zwingen	49.509574965
2821	Arisdorf	35.4796320631
2822	Augst	101.3667425968
2823	Bubendorf	47.0779220779
2824	Frenkendorf	38.1342062193
2825	Füllinsdorf	39.5532805956
2826	Giebenach	25.641025641
2827	Hersberg	13.0718954248
2828	Lausen	24.7349823322
2829	Liestal	80.8939724584
2830	Lupsingen	12.8398791541
2831	Pratteln	76.8160127253
2832	Ramlinsburg	19.801980198
2833	Seltisberg	6.0514372163
2834	Ziefen	18.7096774194
2841	Anwil	17.4825174825
2842	Böckten	28.5714285714
2843	Buckten	39.3586005831
2844	Buus	11.7521367521
2845	Diepflingen	30.6306306306
2846	Gelterkinden	54.593639576
2847	Häfelfingen	55.7620817844
2848	Hemmiken	3.6764705882
2849	Itingen	35.1262349067
2850	Känerkinden	18.3673469388
2851	Kilchberg (BL)	7.6335877863
2852	Läufelfingen	27.2435897436
2853	Maisprach	20.652173913
2854	Nusshof	23.9234449761
2855	Oltingen	33.4128878282
2856	Ormalingen	19.9684708355
2857	Rickenbach (BL)	7.3394495413
2858	Rothenfluh	17.3564753004
2859	Rümlingen	57.5342465753
2860	Rünenberg	6.3613231552
2861	Sissach	72.0631786772
2862	Tecknau	22.9191797346
2863	Tenniken	32.2952710496
2864	Thürnen	21.3577421815
2865	Wenslingen	11.5273775216
2866	Wintersingen	3.2786885246
2867	Wittinsburg	0
2868	Zeglingen	4.329004329
2869	Zunzgen	34.6091205212
2881	Arboldswil	11.4722753346
2882	Bennwil	9.8199672668
2883	Bretzwil	14.0664961637
2884	Diegten	42.6908150065
2885	Eptingen	83.3333333333
2886	Hölstein	31.8690783807
2887	Lampenberg	3.9761431412
2888	Langenbruck	37.9487179487
2889	Lauwil	0
2890	Liedertswil	25.974025974
2891	Niederdorf	31.2322544009
2892	Oberdorf (BL)	29.4635004398
2893	Reigoldswil	14.6276595745
2894	Titterten	11.961722488
2895	Waldenburg	28.3860502839
2901	Gächlingen	18.2767624021
2902	Guntmadingen	16.1290322581
2903	Löhningen	13.2780082988
2904	Neunkirch	31.8574514039
2914	Büttenhardt	25.7142857143
2915	Dörflingen	6.4102564103
2917	Lohn (SH)	13.9751552795
2919	Stetten (SH)	4.5913682277
2920	Thayngen	38.313399554
2931	Bargen (SH)	19.7628458498
2932	Beringen	31.416716064
2933	Buchberg	13.5467980296
2936	Merishausen	6.5359477124
2937	Neuhausen am Rheinfall	63.0817983759
2938	Rüdlingen	39.039039039
2939	Schaffhausen	78.6889979786
2951	Beggingen	23.166023166
2952	Schleitheim	25.2100840336
2953	Siblingen	27.027027027
2961	Buch (SH)	23.6486486486
2962	Hemishofen	2.4154589372
2963	Ramsen	22.9357798165
2964	Stein am Rhein	59.0823381521
2971	Hallau	42.2255340288
2972	Oberhallau	9.4117647059
2973	Trasadingen	80.204778157
2974	Wilchingen	20.7100591716
3001	Herisau	78.7702265372
3002	Hundwil	23.3977619532
3003	Schönengrund	41.8410041841
3004	Schwellbrunn	17.0532060027
3005	Stein (AR)	23.0312035661
3006	Urnäsch	19.4776449757
3007	Waldstatt	34.8571428571
3021	Bühler	20.1219512195
3022	Gais	21.5997300034
3023	Speicher	13.5542168675
3024	Teufen (AR)	61.664061143
3025	Trogen	38.0952380952
3031	Grub (AR)	21.7606330366
3032	Heiden	42.8921568627
3033	Lutzenberg	28.2942603072
3034	Rehetobel	20.9580838323
3035	Reute (AR)	10.3244837758
3036	Wald (AR)	10.5386416862
3037	Walzenhausen	12.6767430522
3038	Wolfhalden	32.6150262085
3101	Appenzell	57.5427682737
3102	Gonten	6.8917987595
3103	Rüte	10.9375
3104	Schlatt-Haslen	2.6315789474
3105	Schwende	0.4814636495
3111	Oberegg	19.535374868
3201	Häggenschwil	25.3592561285
3202	Muolen	34.3580470163
3203	St. Gallen	101.0272071072
3204	Wittenbach	40.173603383
3211	Berg (SG)	8.0552359033
3212	Eggersriet	20.9567198178
3213	Goldach	37.0002208968
3214	Mörschwil	17.2716627635
3215	Rorschach	80.4071828892
3216	Rorschacherberg	23.0905861456
3217	Steinach	35.8118361153
3218	Tübach	35.2644836272
3219	Untereggen	13.8476755687
3231	Au (SG)	52.0941246115
3232	Balgach	34.3772074405
3233	Berneck	16.3472378805
3234	Diepoldsau	23.5375562478
3235	Rheineck	56.6727605119
3236	St. Margrethen	104.8682284041
3237	Thal	49.3544696846
3238	Widnau	37.0195708559
3251	Altstätten	54.8390090007
3252	Eichberg	11.6194625999
3253	Marbach (SG)	35.2260778128
3254	Oberriet (SG)	34.7317316071
3255	Rebstein	27.2876970125
3256	Rüthi (SG)	22.0994475138
3271	Buchs (SG)	78.7840058426
3272	Gams	25.1059667427
3273	Grabs	24.9626307922
3274	Sennwald	46.8164794007
3275	Sevelen	40.2078156765
3276	Wartau	37.3061064206
3291	Bad Ragaz	61.6714697406
3292	Flums	52.7280130293
3293	Mels	36.7119901112
3294	Pfäfers	19.3992490613
3295	Quarten	55.7813077207
3296	Sargans	59.2719649323
3297	Vilters-Wangs	23.6486486486
3298	Walenstadt	47.5045099218
3311	Amden	12.987012987
3312	Benken (SG)	27.7098614507
3313	Kaltbrunn	36.8355995056
3314	Rieden	4.2492917847
3315	Schänis	45.6621004566
3316	Weesen	42.5249169435
3331	Ernetschwil	22.2541277818
3332	Eschenbach (SG)	25.8383727323
3333	Goldingen	0.9107468124
3334	Gommiswald	16.8519182503
3337	St. Gallenkappel	14.7727272727
3338	Schmerikon	33.6374002281
3339	Uznach	43.3321542271
3340	Rapperswil-Jona	70.8688637935
3351	Alt St. Johann	21.023125438
3352	Ebnat-Kappel	20.4708290686
3356	Stein (SG)	10.498687664
3357	Wildhaus	46.3192721257
3358	Nesslau-Krummenau	19.201920192
3372	Hemberg	16.0256410256
3373	Krinau	0
3374	Lichtensteig	22.8013029316
3375	Oberhelfenschwil	2.2140221402
3377	Wattwil	35.1113286029
3378	Neckertal	14.9361599615
3391	Bütschwil	25.0074426913
3392	Kirchberg (SG)	24.9167386209
3393	Lütisburg	33.5521517141
3394	Mosnang	12.1008403361
3401	Degersheim	37.4551051821
3402	Flawil	37.5457875458
3403	Ganterschwil	5.0547598989
3405	Jonschwil	20.0471698113
3407	Oberuzwil	24.6296934206
3408	Uzwil	49.3956486704
3421	Bronschhofen	27.6671093404
3422	Niederbüren	15.5477031802
3423	Niederhelfenschwil	12.0824449183
3424	Oberbüren	35.553329995
3425	Wil (SG)	80.6652336237
3426	Zuzwil (SG)	28.5150252248
3441	Andwil (SG)	13.1147540984
3442	Gaiserwald	19.5670783906
3443	Gossau (SG)	52.7318932656
3444	Waldkirch	17.452541335
3501	Alvaschein	83.9160839161
3502	Mon	0
3503	Mutten	50
3504	Stierva	0
3505	Tiefencastel	62.5
3506	Vaz/Obervaz	63.8707195075
3511	Alvaneu	45.5696202532
3512	Brienz/Brinzauls	0
3513	Lantsch/Lenz	16.9491525424
3514	Schmitten (GR)	15.873015873
3515	Surava	24.2718446602
3521	Bergün/Bravuogn	68.8935281837
3522	Filisur	6.4794816415
3531	Bivio	47.8468899522
3532	Cunter	59.5744680851
3533	Marmorera	0
3534	Mulegns	35.7142857143
3536	Riom-Parsonz	63.2911392405
3538	Salouf	46.7289719626
3539	Savognin	89.0985324948
3540	Sur	31.5789473684
3541	Tinizong-Rona	17.2910662824
3551	Brusio	5.1903114187
3561	Poschiavo	8.0114449213
3571	Castrisch	7.371007371
3572	Falera	60.6585788562
3574	Ilanz	39.0557939914
3575	Laax	105.7098765432
3576	Ladir	0
3577	Luven	0
3578	Pitasch	0
3579	Riein	0
3580	Ruschein	16.4383561644
3581	Sagogn	8.9552238806
3582	Schluein	30.0601202405
3583	Schnaus	0
3584	Sevgein	0
3586	Valendas	0
3587	Versam	0
3592	Cumbel	3.937007874
3593	Duvin	0
3594	Degen	48.9795918367
3595	Lumbrein	0
3596	Morissen	4.1841004184
3598	St. Martin	0
3599	Suraua	14.8698884758
3603	Vals	30.5052430887
3604	Vignogn	16.6666666667
3605	Vella	11.2107623318
3606	Vrin	4.016064257
3611	Andiast	4.3668122271
3612	Obersaxen	17.3482032218
3613	Pigniu	0
3614	Rueun	32.7868852459
3615	Siat	0
3616	Waltensburg/Vuorz	13.1578947368
3617	Mundaun	22.6537216828
3631	Almens	16.9491525424
3633	Fürstenau	8.9285714286
3634	Paspels	25.7510729614
3635	Pratval	33.1950207469
3636	Rodels	54.7445255474
3637	Rothenbrunnen	29.4117647059
3638	Scharans	7.3349633252
3640	Sils im Domleschg	7.1856287425
3651	Safien	28.6624203822
3652	Tenna	0
3661	Cazis	36.3516192994
3662	Flerden	4.6511627907
3663	Masein	7.7319587629
3664	Portein	0
3665	Präz	0
3666	Sarn	0
3667	Tartar	0
3668	Thusis	70.0564971751
3669	Tschappina	0
3670	Urmein	8.4745762712
3671	Tomils	5.6100981767
3681	Avers	33.8983050847
3691	Hinterrhein	38.4615384615
3693	Nufenen	32.8947368421
3694	Splügen	55.023923445
3695	Sufers	7.874015748
3701	Andeer	37.6282782212
3703	Casti-Wergenstein	0
3705	Donat	4.5871559633
3707	Lohn (GR)	0
3708	Mathon	18.1818181818
3711	Rongellen	0
3712	Zillis-Reischen	19.9004975124
3713	Ferrera	23.2558139535
3721	Bonaduz	25.2100840336
3722	Domat/Ems	36.2694300518
3723	Rhäzüns	24.8995983936
3731	Felsberg	33.5720680394
3732	Flims	51.5384615385
3733	Tamins	10.4438642298
3734	Trin	29.975020816
3741	Ardez	16.2790697674
3742	Guarda	5.8823529412
3743	Lavin	9.3896713615
3744	Susch	27.397260274
3745	Tarasp	53.8922155689
3746	Zernez	17.2727272727
3751	Ramosch	4.1067761807
3752	Samnaun	92.039800995
3753	Tschlin	34.7071583514
3761	Ftan	7.96812749
3762	Scuol	69.4877505568
3763	Sent	13.2596685083
3771	Bondo	4.9019607843
3773	Castasegna	26.1780104712
3774	Soglio	17.9640718563
3775	Stampa	43.6974789916
3776	Vicosoprano	2.2471910112
3781	Bever	13.6778115502
3782	Celerina/Schlarigna	55.3278688525
3783	Madulain	29.702970297
3784	Pontresina	32.1769733534
3785	La Punt-Chamues-ch	18.9959294437
3786	Samedan	23.4725578184
3787	St. Moritz	88.7723387723
3788	S-chanf	32.5443786982
3789	Sils im Engadin/Segl	44
3790	Silvaplana	72.3014256619
3791	Zuoz	27.365129007
3801	Arvigo	0
3803	Braggio	0
3804	Buseno	0
3805	Castaneda	0
3806	Cauco	55.5555555556
3808	Rossa	65.5737704918
3810	Santa Maria in Calanca	17.5438596491
3811	Selma	27.7777777778
3821	Lostallo	25.459688826
3822	Mesocco	68.1265206813
3823	Soazza	33.1491712707
3831	Cama	14.4628099174
3832	Grono	21.0409745293
3833	Leggia	33.6134453782
3834	Roveredo (GR)	30.7627475769
3835	San Vittore	32.1229050279
3836	Verdabbio	39.2156862745
3847	Val Müstair	21.3284582572
3851	Davos	57.4403159217
3861	Fideris	3.3500837521
3862	Furna	0
3863	Jenaz	13.7221269297
3871	Klosters-Serneus	36.4152892562
3881	Conters im Prättigau	8.5106382979
3882	Küblis	28.3251231527
3883	Saas	32.9531051965
3891	Luzein	3.4602076125
3893	St. Antönien	22.5352112676
3901	Chur	74.7944291046
3911	Churwalden	29.3132328308
3912	Malix	16.9252468265
3913	Parpan	4.0816326531
3921	Arosa	98.3678870754
3922	Calfreisen	0
3923	Castiel	24.1935483871
3924	Langwies	23.7288135593
3925	Lüen	35.2941176471
3926	Maladers	69.0376569038
3927	Molinis	0
3929	Peist	10.101010101
3931	St. Peter-Pagig	24.8962655602
3932	Tschiertschen-Praden	25.2365930599
3941	Haldenstein	18.5567010309
3942	Igis	47.4166555984
3943	Mastrils	11.0701107011
3945	Trimmis	18.2542316628
3946	Untervaz	22.7372103192
3947	Zizers	28.4641851736
3951	Fläsch	49.2359932088
3952	Jenins	3.5587188612
3953	Maienfeld	47.1327572663
3954	Malans	24.5120290513
3961	Grüsch	48.1452249408
3962	Schiers	27.2326792151
3971	Fanas	10.2301790281
3972	Seewis im Prättigau	6.4194008559
3973	Valzeina	39.0625
3981	Breil/Brigels	7.77000777
3982	Disentis/Mustér	29.6650717703
3983	Medel (Lucmagn)	9.0293453725
3984	Schlans	0
3985	Sumvitg	4.4910179641
3986	Tujetsch	42.4374319913
3987	Trun	24.3902439024
4001	Aarau	149.8127340824
4002	Biberstein	9.7965335343
4003	Buchs (AG)	73.1707317073
4004	Densbüren	22.5352112676
4005	Erlinsbach (AG)	23.6175115207
4006	Gränichen	21.5490318551
4007	Hirschthal	24.805102764
4008	Küttigen	14.863593603
4009	Muhen	37.6920846622
4010	Oberentfelden	36.3963465264
4011	Rohr (AG)	25.2493765586
4012	Suhr	45.5698879256
4013	Unterentfelden	25.2123142251
4021	Baden	142.4968474149
4022	Bellikon	8.6264100863
4023	Bergdietikon	60.5520926091
4024	Birmenstorf (AG)	35.3514831369
4026	Ennetbaden	27.1433300232
4027	Fislisbach	36.8232484076
4028	Freienwil	8.0091533181
4029	Gebenstorf	28.364116095
4030	Killwangen	53.3108866442
4031	Künten	16.8961201502
4032	Mägenwil	71.6630196937
4033	Mellingen	44.2049703101
4034	Neuenhof	38.6803185438
4035	Niederrohrdorf	45.63675609
4037	Oberrohrdorf	17.3535791757
4038	Obersiggenthal	27.6400594943
4039	Remetschwil	22.6453937211
4040	Spreitenbach	89.6321070234
4041	Stetten (AG)	14.9350649351
4042	Turgi	41.0910379029
4044	Untersiggenthal	19.4968553459
4045	Wettingen	50.9006690685
4046	Wohlenschwil	22.539444027
4047	Würenlingen	27.1211744215
4048	Würenlos	51.3311626125
4049	Ehrendingen	31.3447927199
4061	Arni (AG)	20.4207920792
4062	Berikon	25.7098144422
4063	Bremgarten (AG)	64.334991176
4064	Büttikon	22.7817745803
4065	Dottikon	21.978021978
4066	Eggenwil	11.2079701121
4067	Fischbach-Göslikon	15.1624548736
4068	Hägglingen	26.303645593
4069	Hermetschwil-Staffeln	14.598540146
4070	Hilfikon	19.9203187251
4071	Jonen	11.5194733955
4072	Niederwil (AG)	8.0033698399
4073	Oberlunkhofen	17.0517051705
4074	Oberwil-Lieli	18.75
4075	Rudolfstetten-Friedlisberg	36.3904597984
4076	Sarmenstorf	18.4075342466
4077	Tägerig	12.4633431085
4078	Uezwil	31.5533980583
4079	Unterlunkhofen	29.5763389289
4080	Villmergen	25.1653196179
4081	Widen	19.1226096738
4082	Wohlen (AG)	67.4220963173
4083	Zufikon	16.974917659
4084	Islisberg	11.9047619048
4091	Auenstein	11.7484450587
4092	Birr	30.6551297899
4093	Birrhard	45.1713395639
4094	Bözen	33.0459770115
4095	Brugg	91.2276859052
4096	Effingen	42.6229508197
4097	Elfingen	15.1515151515
4098	Gallenkirch	14.0845070423
4099	Habsburg	16.0183066362
4100	Hausen (AG)	28.511821975
4101	Hottwil	7.722007722
4103	Linn	14.4927536232
4104	Lupfig	70.9082078679
4105	Mandach	55.0161812298
4106	Mönthal	0
4107	Mülligen	31.6248636859
4108	Oberbözberg	2.0920502092
4109	Oberflachs	14.3149284254
4110	Remigen	20.6489675516
4111	Riniken	9.9431818182
4112	Rüfenach	11.641443539
4113	Scherz	36.4842454395
4114	Schinznach-Bad	40.4203718674
4115	Schinznach-Dorf	18.337408313
4117	Thalheim (AG)	24.4897959184
4118	Umiken	23.5849056604
4119	Unterbözberg	11.2201963534
4120	Veltheim (AG)	15.9535895577
4121	Villigen	19.0918472652
4122	Villnachern	21.5778826703
4123	Windisch	35.9939759036
4131	Beinwil am See	21.5643274854
4132	Birrwil	12.8893662728
4133	Burg (AG)	31.8091451292
4134	Dürrenäsch	13.2860938884
4135	Gontenschwil	12.3986647592
4136	Holziken	39.1304347826
4137	Leimbach (AG)	11.6822429907
4138	Leutwil	8.275862069
4139	Menziken	47.8372434018
4140	Oberkulm	17.6322418136
4141	Reinach (AG)	61.5877080666
4142	Schlossrued	8.111239861
4143	Schmiedrued	13.3111480865
4144	Schöftland	31.0507346826
4145	Teufenthal (AG)	23.6907730673
4146	Unterkulm	54.231433506
4147	Zetzwil	25.6
4161	Eiken	36.1264425489
4162	Etzgen	25.462962963
4163	Frick	52.7777777778
4164	Gansingen	14.5228215768
4165	Gipf-Oberfrick	20.5047318612
4166	Herznach	6.99844479
4167	Hornussen	39.8179749716
4168	Ittenthal	0
4169	Kaisten	21.4442013129
4170	Laufenburg	66.4081434804
4171	Mettau	0
4172	Münchwilen (AG)	43.661971831
4173	Oberhof	10.6761565836
4174	Oberhofen (AG)	3.663003663
4175	Oeschgen	35.5160932297
4176	Schwaderloch	22.5225225225
4177	Sisseln	19.8928844682
4178	Sulz (AG)	8.0285459411
4179	Ueken	11.7508813161
4180	Wil (AG)	12.1765601218
4181	Wittnau	31.9715808171
4182	Wölflinswil	5.5126791621
4183	Zeihen	18.6142709411
4191	Ammerswil	19.696969697
4192	Boniswil	18.0115273775
4193	Brunegg	39.5387149918
4194	Dintikon	19.6961170512
4195	Egliswil	29.3890177881
4196	Fahrwangen	30.5510092744
4197	Hallwil	23.2558139535
4198	Hendschiken	37.9198266522
4199	Holderbank (AG)	35.6718192628
4200	Hunzenschwil	42.5390495181
4201	Lenzburg	93.3116232465
4202	Meisterschwanden	26.6502665027
4203	Möriken-Wildegg	30.2247481271
4204	Niederlenz	25.6665836033
4205	Othmarsingen	50.196420777
4206	Rupperswil	37.6784460566
4207	Schafisheim	29.9625468165
4208	Seengen	20.1958384333
4209	Seon	98.2832618026
4210	Staufen	31.007751938
4221	Abtwil	21.3903743316
4222	Aristau	50.7020280811
4223	Auw	20.8860759494
4224	Beinwil (Freiamt)	10.8267716535
4225	Benzenschwil	28.8288288288
4226	Besenbüren	29.2598967298
4227	Bettwil	27.22323049
4228	Boswil	22.5148683093
4229	Bünzen	12.46105919
4230	Buttwil	17.094017094
4231	Dietwil	10.5633802817
4232	Geltwil	10.6951871658
4233	Kallern	18.927444795
4234	Merenschwand	27.2912423625
4235	Mühlau	17.1717171717
4236	Muri (AG)	46.3017751479
4237	Oberrüti	16.4473684211
4238	Rottenschwil	32.0665083135
4239	Sins	30.0429184549
4240	Waltenschwil	26.582278481
4251	Hellikon	5.249343832
4252	Kaiseraugst	34.5101150337
4253	Magden	20.4140310523
4254	Möhlin	22.5053078556
4255	Mumpf	26.3157894737
4256	Obermumpf	46.7661691542
4257	Olsberg	33.426183844
4258	Rheinfelden	56.7553096555
4259	Schupfart	9.2226613966
4260	Stein (AG)	47.5
4261	Wallbach	13.6286201022
4262	Wegenstetten	7.2859744991
4263	Zeiningen	20.1557489693
4264	Zuzgen	10.7142857143
4271	Aarburg	55.4801748832
4272	Attelwil	20.4081632653
4273	Bottenwil	13.8713745271
4274	Brittnau	14.2817907168
4275	Kirchleerau	20.1342281879
4276	Kölliken	28.9245982695
4277	Moosleerau	15.8924205379
4279	Murgenthal	45.2118191527
4280	Oftringen	58.3797685384
4281	Reitnau	6.7969413764
4282	Rothrist	45.3216374269
4283	Safenwil	40.344933785
4284	Staffelbach	14.5067698259
4285	Strengelbach	25.0503243122
4286	Uerkheim	15.0197628459
4287	Vordemwald	16.3265306122
4288	Wiliberg	0
4289	Zofingen	62.0037807183
4301	Baldingen	17.3611111111
4302	Böbikon	0
4303	Böttstein	42.2912205567
4304	Döttingen	45.3786191537
4305	Endingen	26.180698152
4306	Fisibach	10.8695652174
4307	Full-Reuenthal	8.6100861009
4308	Kaiserstuhl	17.7664974619
4309	Klingnau	25.2790544977
4310	Koblenz	41.2960609911
4311	Leibstadt	14.4817073171
4312	Lengnau (AG)	24.6963562753
4313	Leuggern	20.0488997555
4314	Mellikon	0
4315	Rekingen (AG)	15.368852459
4316	Rietheim	12.6227208976
4317	Rümikon	45.4545454545
4318	Schneisingen	16.6402535658
4319	Siglistorf	7.9744816587
4320	Tegerfelden	7.8277886497
4321	Unterendingen	29.8913043478
4322	Wislikofen	24.3902439024
4323	Bad Zurzach	66.7493796526
4401	Arbon	60.6985923885
4406	Dozwil	17.6991150442
4411	Egnach	44.0725901485
4416	Hefenhofen	32.9113924051
4421	Horn	49.3923951392
4426	Kesswil	28.484231943
4431	Roggwil (TG)	23.1593501555
4436	Romanshorn	73.1296101159
4441	Salmsach	28.125
4446	Sommeri	9.7847358121
4451	Uttwil	39.3700787402
4461	Amriswil	56.752629793
4471	Bischofszell	48.7982520029
4476	Erlen	29.2887029289
4486	Hauptwil-Gottshaus	46.332046332
4495	Hohentannen	11.3636363636
4501	Kradolf-Schönenberg	26.084319078
4506	Sulgen	24.0398710056
4511	Zihlschlacht-Sitterdorf	23.8907849829
4536	Basadingen-Schlattingen	27.5614140204
4545	Diessenhofen	54.9079754601
4546	Schlatt (TG)	41.9847328244
4551	Aadorf	33.4525025536
4561	Felben-Wellhausen	29.4494238156
4566	Frauenfeld	77.299801456
4571	Gachnang	50.8021390374
4590	Hüttlingen	7.1174377224
4591	Matzingen	52.5893215576
4601	Neunforn	10.4821802935
4606	Stettfurt	20.5908683975
4611	Thundorf	13.8674884438
4616	Uesslingen-Buch	29.6650717703
4621	Warth-Weiningen	6.734006734
4641	Altnau	24.0902101486
4643	Bottighofen	29.0416263311
4646	Ermatingen	25.3878702398
4651	Gottlieben	28.9389067524
4656	Güttingen	57.6247364722
4666	Kemmental	37.0872908186
4671	Kreuzlingen	75.8393608982
4681	Langrickenbach	21.4861235452
4683	Lengwil	23.3463035019
4691	Münsterlingen	53.9826349566
4696	Tägerwilen	36.670235546
4701	Wäldi	17.1673819742
4711	Affeltrangen	33.6832895888
4716	Bettwiesen	15.0801131008
4721	Bichelsee-Balterswil	25.6612712199
4723	Braunau	5.9171597633
4724	Eschlikon	40.6266595858
4726	Fischingen	23.7912509593
4741	Lommis	20.5607476636
4746	Münchwilen (TG)	51.9008970525
4751	Rickenbach (TG)	46.3443867359
4756	Schönholzerswilen	5.1746442432
4761	Sirnach	47.6050974074
4776	Tobel-Tägerschen	34.8330914369
4781	Wängi	40.6721870434
4786	Wilen (TG)	16.1606268364
4791	Wuppenau	10.9126984127
4801	Berlingen	27.5449101796
4806	Eschenz	36.1519607843
4811	Herdern	13.844515442
4816	Homburg	7.6548364649
4821	Hüttwilen	19.5258019526
4826	Mammern	43.1034482759
4831	Müllheim	40.3570042685
4841	Pfyn	27.5467775468
4846	Raperswilen	22.4438902743
4851	Salenstein	27.4858528698
4864	Steckborn	52.0046484602
4871	Wagenhausen	28.5182889027
4881	Amlikon-Bissegg	23.9616613419
4891	Berg (TG)	30.612244898
4901	Birwinken	23.0061349693
4911	Bürglen (TG)	24.5437382001
4921	Bussnang	19.5704057279
4941	Märstetten	23.8584944467
4946	Weinfelden	71.2572456526
4951	Wigoltingen	41.4483087184
5001	Arbedo-Castione	37.7449794338
5002	Bellinzona	81.4531991207
5003	Cadenazzo	85.5638437911
5004	Camorino	36.0153256705
5005	Giubiasco	52.515876893
5006	Gnosca	13.8036809816
5007	Gorduno	26.4255910987
5008	Gudo	57.4712643678
5009	Isone	13.2625994695
5010	Lumino	25.1177394035
5011	Medeglia	5.698005698
5012	Moleno	35.7142857143
5013	Monte Carasso	32.0616883117
5014	Pianezzo	16.6666666667
5015	Preonzo	58.5106382979
5017	Sant'Antonino	86.5684962071
5018	Sant'Antonio	0
5019	Sementina	29.8804780876
5040	Ludiano	21.5053763441
5041	Malvaglia	31.202435312
5046	Semione	0
5048	Acquarossa	35.9673024523
5049	Blenio	37.2602739726
5061	Airolo	54.6623794212
5062	Anzonico	28.3018867925
5063	Bedretto	108.1081081081
5064	Bodio	96.6767371601
5066	Calpiogna	0
5067	Campello	67.7966101695
5068	Cavagnago	35.7142857143
5070	Chironico	14.9625935162
5071	Dalpe	0
5072	Faido	42.1898543446
5073	Giornico	47.2440944882
5074	Mairengo	9.746588694
5075	Osco	16
5076	Personico	19.4986072423
5077	Pollegio	21.0526315789
5078	Prato (Leventina)	32.967032967
5079	Quinto	33.8983050847
5081	Sobrio	0
5091	Ascona	84.7641424182
5095	Brione (Verzasca)	19.512195122
5096	Brione sopra Minusio	107.1428571429
5097	Brissago	42.8954423592
5098	Caviano	44.6428571429
5099	Cavigliano	46.6392318244
5101	Contone	73.2600732601
5102	Corippo	0
5105	Frasco	25.641025641
5106	Gerra (Gambarogno)	49.5049504951
5108	Gordola	25.6818181818
5109	Gresso	0
5110	Indemini	69.7674418605
5112	Lavertezzo	66.8296658517
5113	Locarno	80.20895325
5115	Losone	44.9120603015
5116	Magadino	111.4494518879
5117	Mergoscia	31.3901345291
5118	Minusio	26.7999420542
5119	Mosogno	51.724137931
5120	Muralto	84.6317280453
5121	Orselina	49.3991989319
5123	Piazzogna	32.9113924051
5125	Ronco sopra Ascona	31.8181818182
5127	San Nazzaro	48.0225988701
5128	Sant'Abbondio	36.7647058824
5129	Sonogno	176.4705882353
5130	Tegna	43.2432432432
5131	Tenero-Contra	103.0279197798
5132	Vergeletto	0
5133	Verscio	61.2612612613
5134	Vira (Gambarogno)	36.0902255639
5135	Vogorno	17.3010380623
5136	Onsernone	30.8219178082
5137	Isorno	40
5138	Cugnasco-Gerra	78.9946140036
5141	Agno	67.3125956145
5143	Aranno	30.6748466258
5144	Arogno	28.3114256825
5146	Astano	25.641025641
5148	Bedano	28.3636363636
5149	Bedigliora	39.8724082935
5151	Bioggio	86.156419908
5153	Bironico	77.9014308426
5154	Bissone	64.3985419198
5155	Bogno	56.4516129032
5160	Brusino Arsizio	66.0792951542
5161	Cademario	33.8983050847
5162	Cadempino	37.6196990424
5163	Cadro	21.0472279261
5165	Camignolo	39.8936170213
5167	Canobbio	91.5380521554
5169	Carabietta	189.6551724138
5170	Carona	29.8701298701
5171	Caslano	37.1029224905
5173	Certara	64.5161290323
5174	Cimadera	33.3333333333
5176	Comano	29.3000542594
5178	Croglio	29.0697674419
5180	Cureglia	24.3531202435
5181	Curio	5.6603773585
5186	Grancia	434.2379958246
5187	Gravesano	80.2005012531
5189	Lamone	71.0754017305
5192	Lugano	89.8837187942
5193	Magliaso	46.1114934618
5194	Manno	106.7961165049
5195	Maroggia	104.4520547945
5196	Massagno	47.913446677
5197	Melano	57.7075098814
5198	Melide	58.8235294118
5199	Mezzovico-Vira	119.8198198198
5200	Miglieglia	70.8955223881
5202	Monteggio	34.0136054422
5203	Morcote	87.7659574468
5205	Muzzano	70.1956271577
5206	Neggio	34.3839541547
5207	Novaggio	29.8685782557
5208	Origlio	43.3807030666
5210	Paradiso	69.8377783888
5212	Ponte Capriasca	35.8662613982
5213	Ponte Tresa	114.1439205955
5214	Porza	51.4018691589
5216	Pura	17.3716012085
5217	Rivera	56.5326633166
5219	Rovio	39.4218134034
5221	Savosa	76.399026764
5222	Sessa	7.4074074074
5223	Sigirino	30.2013422819
5224	Sonvico	17.2692930383
5225	Sorengo	59.2550790068
5226	Capriasca	17.1826876317
5227	Torricella-Taverne	46.6072652502
5229	Valcolla	62.2895622896
5230	Vernate	30.5927342256
5231	Vezia	81.8988002087
5233	Vico Morcote	113.7026239067
5236	Collina d'Oro	55.8307068888
5237	Alto Malcantone	30.3501945525
5242	Balerna	51.3264129181
5243	Besazio	34.4827586207
5249	Castel San Pietro	25.0946969697
5250	Chiasso	80.6061377817
5251	Coldrerio	34.3118566527
5253	Ligornetto	58.8235294118
5254	Mendrisio	70.6248918124
5255	Meride	38.8059701493
5257	Morbio Inferiore	45.9666516449
5260	Novazzano	32.8073089701
5263	Riva San Vitale	48.2121333869
5266	Stabio	56.1345333965
5268	Vacallo	23.3581584292
5269	Breggia	19.3514644351
5281	Biasca	50.3693754197
5282	Claro	26.9734232447
5283	Cresciano	41.935483871
5284	Iragna	39.8550724638
5285	Lodrino	31.1720698254
5286	Osogna	50.5344995141
5304	Bosco/Gurin	169.8113207547
5307	Campo (Vallemaggia)	105.2631578947
5309	Cerentino	0
5310	Cevio	37.7668308703
5315	Linescio	20.4081632653
5317	Maggia	33.153750518
5323	Lavizzara	36.7132867133
5324	Avegno Gordevio	36.454610436
5397	Centovalli	44.6194225722
5401	Aigle	74.2917597273
5402	Bex	59.7712260351
5403	Chessel	34.9854227405
5404	Corbeyrier	7.9787234043
5405	Gryon	35.3143841516
5406	Lavey-Morcles	74.4810744811
5407	Leysin	43.2807908095
5408	Noville	76.4872521246
5409	Ollon	45.00723589
5410	Ormont-Dessous	55.5555555556
5411	Ormont-Dessus	55.7515878617
5412	Rennaz	116.393442623
5413	Roche (VD)	57.0824524313
5414	Villeneuve (VD)	101.5283842795
5415	Yvorne	33.8624338624
5421	Apples	23.751023751
5422	Aubonne	97.8181818182
5423	Ballens	25.462962963
5424	Berolle	0
5425	Bière	38.5714285714
5426	Bougy-Villars	35.4767184035
5427	Féchy	39.0835579515
5428	Gimel	22.2634508349
5429	Longirod	44.6650124069
5430	Marchissy	12.6582278481
5431	Mollens (VD)	6.9204152249
5432	Montherod	26.8714011516
5433	Pizy	13.3333333333
5434	Saint-George	4.7449584816
5435	Saint-Livres	8.6206896552
5436	Saint-Oyens	43.4782608696
5437	Saubraz	43.6137071651
5451	Avenches	84.8646842633
5452	Bellerive (VD)	59.3080724876
5453	Chabrey	15.3256704981
5455	Constantine	62.962962963
5456	Cudrefin	28.4403669725
5458	Faoug	27.4725274725
5459	Montmagny	0
5460	Mur (VD)	0
5461	Oleyres	9.1324200913
5462	Vallamand	30.3797468354
5463	Villars-le-Grand	3.6101083032
5471	Bettens	33.5365853659
5472	Bournens	82.4372759857
5473	Boussens	18.9155107188
5474	La Chaux (Cossonay)	25.641025641
5475	Chavannes-le-Veyron	0
5476	Chevilly	42.0168067227
5477	Cossonay	52.758516732
5478	Cottens (VD)	47.1464019851
5479	Cuarnens	50.1319261214
5480	Daillens	39.312039312
5481	Dizy	27.149321267
5482	Eclépens	30.8008213552
5483	Ferreyres	16.7785234899
5484	Gollion	34.3698854337
5485	Grancy	13.6239782016
5486	L'Isle	32.2580645161
5487	Lussery-Villars	74.6268656716
5488	Mauraz	0
5489	Mex (VD)	56.1797752809
5490	Moiry	19.1570881226
5491	Mont-la-Ville	20.4678362573
5492	Montricher	25.5427841635
5493	Orny	21.5053763441
5494	Pampigny	17.1026156942
5495	Penthalaz	78.5299806576
5496	Penthaz	29.8196948682
5497	Pompaples	43.4782608696
5498	La Sarraz	69.3921463152
5499	Senarclens	41.4364640884
5500	Sévery	13.9534883721
5501	Sullens	74.8218527316
5503	Vufflens-la-Ville	24.5183887916
5511	Assens	44.3298969072
5512	Bercher	12.7853881279
5513	Bioley-Orjulaz	45.5927051672
5514	Bottens	46.332046332
5515	Bretigny-sur-Morrens	12.5523012552
5516	Cugy (VD)	35.7789855072
5517	Dommartin	19.8412698413
5518	Echallens	40.3861308117
5519	Eclagnens	40
5520	Essertines-sur-Yverdon	22.4056603774
5521	Etagnières	37.8197997775
5522	Fey	5.5555555556
5523	Froideville	30.7599517491
5524	Goumoens-la-Ville	41.8604651163
5525	Goumoens-le-Jux	85.7142857143
5527	Morrens (VD)	45.0358239509
5528	Naz	7.0422535211
5529	Oulens-sous-Echallens	52.8634361233
5530	Pailly	18.2232346241
5531	Penthéréaz	49.7237569061
5532	Poliez-le-Grand	26.2008733624
5533	Poliez-Pittet	31.6265060241
5534	Rueyres	8.4033613445
5535	Saint-Barthélemy (VD)	32.3529411765
5536	Sugnens	10.1351351351
5537	Villars-le-Terroir	35.9116022099
5538	Villars-Tiercelin	5.1413881748
5539	Vuarrens	14.14427157
5551	Bonvillars	18.4331797235
5552	Bullet	25.9965337955
5553	Champagne	51.1440107672
5554	Concise	49.53145917
5555	Corcelles-près-Concise	48.951048951
5556	Fiez	10.2301790281
5557	Fontaines-sur-Grandson	22.2222222222
5558	Fontanezier	0
5559	Giez	5.376344086
5560	Grandevent	0
5561	Grandson	74.8071117075
5562	Mauborget	43.0107526882
5563	Mutrux	0
5564	Novalles	10.3092783505
5565	Onnens (VD)	28.4463894967
5566	Provence	8.1300813008
5567	Romairon	24.3902439024
5568	Sainte-Croix	44.7727272727
5569	Vaugondry	0
5570	Villars-Burquin	5.3475935829
5581	Belmont-sur-Lausanne	28.1559405941
5582	Cheseaux-sur-Lausanne	44.1416893733
5583	Crissier	101.7095244936
5584	Epalinges	42.9936305732
5585	Jouxtens-Mézery	50.1872659176
5586	Lausanne	176.212750646
5587	Le Mont-sur-Lausanne	53.3009164017
5588	Paudex	64.7272727273
5589	Prilly	100.1989509857
5590	Pully	57.1394630554
5591	Renens (VD)	89.8219365715
5592	Romanel-sur-Lausanne	91.049382716
5601	Chexbres	33.7674867342
5602	Cully	58.3238958097
5603	Epesses	56.7164179104
5604	Forel (Lavaux)	19.8924731183
5605	Grandvaux	32.3705179283
5606	Lutry	52.7646476861
5607	Puidoux	56.7545963229
5608	Riex	17.7304964539
5609	Rivaz	36.4145658263
5610	Saint-Saphorin (Lavaux)	49.1803278689
5611	Savigny	37.3134328358
5612	Villette (Lavaux)	19.9667221298
5621	Aclens	85.9030837004
5622	Bremblens	58.0046403712
5623	Buchillon	52.0833333333
5624	Bussigny-près-Lausanne	76.0101010101
5625	Bussy-Chardonney	43.5967302452
5627	Chavannes-près-Renens	76.8285187462
5628	Chigny	24.1379310345
5629	Clarmont	28.7769784173
5630	Colombier (VD)	27.027027027
5631	Denens	50.0736377025
5632	Denges	43.2816537468
5633	Echandens	72.5338491296
5634	Echichens	36.8932038835
5635	Ecublens (VD)	65.4136037964
5636	Etoy	80.1815431165
5637	Lavigny	33.6787564767
5638	Lonay	71.4285714286
5639	Lully (VD)	15.2866242038
5640	Lussy-sur-Morges	20.7972270364
5641	Monnaz	5.1413881748
5642	Morges	96.7499144714
5643	Préverenges	48.0404551201
5644	Reverolle	17.6991150442
5645	Romanel-sur-Morges	31.9829424307
5646	Saint-Prex	60.4428485937
5647	Saint-Saphorin-sur-Morges	4.7281323877
5648	Saint-Sulpice (VD)	70.5323838589
5649	Tolochenaz	101.9332161687
5650	Vaux-sur-Morges	23.1213872832
5651	Villars-Sainte-Croix	101.8237082067
5652	Villars-sous-Yens	25.4545454545
5653	Vufflens-le-Château	13.3689839572
5654	Vullierens	36.6748166259
5655	Yens	36.750483559
5661	Boulens	0
5662	Brenles	0
5663	Bussy-sur-Moudon	0
5664	Chapelle-sur-Moudon	5.1282051282
5665	Chavannes-sur-Moudon	0
5666	Chesalles-sur-Moudon	0
5667	Correvon	20.4081632653
5668	Cremin	18.8679245283
5669	Curtilles	38.961038961
5670	Denezy	21.2765957447
5671	Dompierre (VD)	12.5523012552
5672	Forel-sur-Lucens	0
5673	Hermenches	2.9850746269
5674	Lovatens	36.496350365
5675	Lucens	61.2777053455
5676	Martherenges	13.8888888889
5677	Montaubion-Chardonney	0
5678	Moudon	79.5847750865
5679	Neyruz-sur-Moudon	37.3134328358
5680	Ogens	4.048582996
5681	Oulens-sur-Lucens	78.431372549
5682	Peyres-Possens	6.4516129032
5683	Prévonloup	14.2857142857
5684	Rossenges	0
5685	Saint-Cierges	8.8691796009
5686	Sarzens	13.1578947368
5687	Sottens	26.0869565217
5688	Syens	47.2440944882
5689	Thierrens	26.4385692068
5690	Villars-le-Comte	0
5691	Villars-Mendraz	0
5692	Vucherens	11.6279069767
5701	Arnex-sur-Nyon	56.4516129032
5702	Arzier	47.247706422
5703	Bassins	14.2602495544
5704	Begnins	54.1044776119
5705	Bogis-Bossey	41.6221985059
5706	Borex	45.3539823009
5707	Chavannes-de-Bogis	204.6332046332
5708	Chavannes-des-Bois	48.0349344978
5709	Chéserex	29.4599018003
5710	Coinsins	58.0808080808
5711	Commugny	44.5672191529
5712	Coppet	75.2869682647
5713	Crans-près-Céligny	48.4107579462
5714	Crassier	58.4474885845
5715	Duillier	43.6018957346
5716	Eysins	75.4901960784
5717	Founex	58.2988212807
5718	Genolier	53.3256880734
5719	Gingins	31.746031746
5720	Givrins	21.6919739696
5721	Gland	83.8043094313
5722	Grens	51.724137931
5723	Mies	94.1375422773
5724	Nyon	105.2602769719
5725	Prangins	62.3520126283
5726	La Rippe	26.3901979265
5727	Saint-Cergue	59.7402597403
5728	Signy-Avenex	199.5412844037
5729	Tannay	38.961038961
5730	Trélex	21.9458668617
5731	Le Vaud	13.4228187919
5732	Vich	78.9115646259
5741	L'Abergement	11.9047619048
5742	Agiez	3.90625
5743	Arnex-sur-Orbe	51.993067591
5744	Ballaigues	12.1278941566
5745	Baulmes	26.369168357
5746	Bavois	53.4979423868
5747	Bofflens	40.6976744186
5748	Bretonnières	54.1871921182
5749	Chavornay	68.7924416888
5750	Les Clées	36.3636363636
5751	Corcelles-sur-Chavornay	18.6335403727
5752	Croy	48.8599348534
5754	Juriens	11.1111111111
5755	Lignerolle	15.2284263959
5756	Montcherand	12.1654501217
5757	Orbe	57.540364136
5758	La Praz	39.4736842105
5759	Premier	32.0855614973
5760	Rances	31.9634703196
5761	Romainmôtier-Envy	10.752688172
5762	Sergey	15.2671755725
5763	Valeyres-sous-Rances	125.2566735113
5764	Vallorbe	77.7676120769
5765	Vaulion	19.6078431373
5766	Vuiteboeuf	33.1950207469
5781	Bussigny-sur-Oron	0
5782	Carrouge (VD)	28.1690140845
5783	Châtillens	44.0251572327
5784	Chesalles-sur-Oron	54.5454545455
5785	Corcelles-le-Jorat	41.564792176
5786	Les Cullayes	4.3103448276
5787	Ecoteaux	26.7857142857
5788	Essertes	18.1818181818
5789	Ferlens (VD)	0
5790	Maracon	6.976744186
5791	Mézières (VD)	28.1162136832
5792	Montpreveyres	23.0326295585
5793	Oron-la-Ville	43.0656934307
5794	Oron-le-Châtel	59.4405594406
5795	Palézieux	78.721745908
5796	Peney-le-Jorat	32.967032967
5798	Ropraz	38.7811634349
5799	Servion	16.7910447761
5800	Les Tavernes	0
5801	Les Thioleyres	0
5802	Vuibroye	0
5803	Vulliens	11.5473441109
5811	Cerniaz (VD)	0
5812	Champtauroz	0
5813	Chevroux	80.604534005
5814	Combremont-le-Grand	44.9826989619
5815	Combremont-le-Petit	13.2625994695
5816	Corcelles-près-Payerne	45.8666666667
5817	Grandcour	18.3727034121
5818	Granges-près-Marnand	26.7111853088
5819	Henniez	33.8983050847
5820	Marnand	40.5405405405
5821	Missy	31.746031746
5822	Payerne	113.037109375
5824	Sassel	32.8947368421
5826	Seigneux	10.4529616725
5827	Trey	12.1457489879
5828	Treytorrens (Payerne)	35.0877192982
5829	Villars-Bramard	0
5830	Villarzel	24
5841	Château-d'Oex	40.7196969697
5842	Rossinière	17.7514792899
5843	Rougemont	36.2637362637
5851	Allaman	291.1392405063
5852	Bursinel	45.4545454545
5853	Bursins	85.9916782247
5854	Burtigny	32.8358208955
5855	Dully	25.3623188406
5856	Essertines-sur-Rolle	15.455950541
5857	Gilly	31.3174946004
5858	Luins	34.1365461847
5859	Mont-sur-Rolle	71.5524718127
5860	Perroy	51.8053375196
5861	Rolle	76.566555432
5862	Tartegnin	47.619047619
5863	Vinzel	24.6913580247
5871	L'Abbaye	34.965034965
5872	Le Chenit	35.9010936757
5873	Le Lieu	54.1205412054
5881	Blonay	34.7559877544
5882	Chardonne	31.3167259786
5883	Corseaux	64.2201834862
5884	Corsier-sur-Vevey	45.0281425891
5885	Jongny	20.2939118265
5886	Montreux	93.1076672104
5888	Saint-Légier-La Chiésaz	35.7593605385
5889	La Tour-de-Peilz	51.3060574853
5890	Vevey	115.0147092102
5891	Veytaux	91.5934755333
5902	Belmont-sur-Yverdon	25.3623188406
5903	Bioley-Magnoux	18.8679245283
5904	Chamblon	36.5853658537
5905	Champvent	0
5906	Chanéaz	47.619047619
5907	Chavannes-le-Chêne	15.1515151515
5908	Chêne-Pâquier	18.3486238532
5909	Cheseaux-Noréaz	53.1697341513
5910	Cronay	19.3548387097
5911	Cuarny	66.265060241
5912	Démoret	31.4960629921
5913	Donneloye	17.1526586621
5914	Ependes (VD)	49.3827160494
5915	Essert-Pittet	25.4237288136
5916	Essert-sous-Champvent	14.4927536232
5918	Gressy	60.6060606061
5919	Mathod	32.3741007194
5921	Molondin	19.6078431373
5922	Montagny-près-Yverdon	206.6869300912
5923	Oppens	6.0240963855
5924	Orges	8.1632653061
5925	Orzens	14.6341463415
5926	Pomy	14.5867098865
5927	Prahins	7.8125
5928	Rovray	37.3134328358
5929	Suchy	32.4189526185
5930	Suscévaz	29.0697674419
5931	Treycovagnes	14.4927536232
5932	Ursins	25.3807106599
5933	Valeyres-sous-Montagny	23.3644859813
5934	Valeyres-sous-Ursins	21.9298245614
5935	Villars-Epeney	0
5936	Villars-sous-Champvent	280
5937	Vugelles-La Mothe	8.4033613445
5938	Yverdon-les-Bains	123.6877784234
5939	Yvonand	45.2507134121
6001	Birgisch	36.3636363636
6002	Brig-Glis	45.6339417859
6004	Eggerberg	8.6956521739
6006	Mund	3.9138943249
6007	Naters	24.9532127261
6008	Ried-Brig	11.4155251142
6009	Simplon	26.0869565217
6010	Termen	6.9524913094
6011	Zwischbergen	45.045045045
6021	Ardon	39.4685423994
6022	Chamoson	27.3371582855
6023	Conthey	53.27077008
6024	Nendaz	52.3801399079
6025	Vétroz	30.1869790493
6031	Bagnes	89.1924467658
6032	Bourg-Saint-Pierre	33.3333333333
6033	Liddes	46.1741424802
6034	Orsières	28.5326086957
6035	Sembrancher	53.0660377358
6036	Vollèges	21.0526315789
6052	Bellwald	13.4228187919
6054	Binn	13.6054421769
6055	Blitzingen	64.1025641026
6056	Ernen	23.166023166
6057	Fiesch	80.6282722513
6058	Fieschertal	34.8432055749
6061	Lax	16.7224080268
6064	Niederwald	22.7272727273
6073	Grafschaft	10.101010101
6074	Münster-Geschinen	46
6075	Reckingen-Gluringen	19.8412698413
6076	Obergoms	44.5682451253
6081	Les Agettes	47.4777448071
6082	Ayent	37.7035132819
6083	Evolène	16.7564332735
6084	Hérémence	11.329305136
6085	Mase	13.5135135135
6086	Nax	26.5486725664
6087	Saint-Martin (VS)	1.066098081
6088	Vernamiège	5.4347826087
6089	Vex	43.0711610487
6101	Agarn	25.9067357513
6102	Albinen	57.5539568345
6104	Ergisch	31.25
6105	Erschmatt	0
6109	Inden	58.2524271845
6110	Leuk	22.6152507973
6111	Leukerbad	64.1509433962
6112	Oberems	23.0769230769
6113	Salgesch	26.9259536275
6114	Turtmann	47.5708502024
6115	Unterems	0
6116	Varen	22.5080385852
6117	Guttet-Feschel	4.9875311721
6118	Gampel-Bratsch	53.9374325782
6131	Bovernier	19.0114068441
6132	Charrat	27.8404815651
6133	Fully	28.0711506392
6134	Isérables	23.7825594564
6135	Leytron	51.5873015873
6136	Martigny	85.0015989767
6137	Martigny-Combe	17.6904176904
6139	Riddes	68.3397683398
6140	Saillon	47.7849676456
6141	Saxon	45.4328072692
6142	Trient	82.7586206897
6151	Champéry	65.131056394
6152	Collombey-Muraz	47.4702380952
6153	Monthey	48.1536007852
6154	Port-Valais	37.2272143774
6155	Saint-Gingolph	32.4909747292
6156	Troistorrents	25.9393939394
6157	Val-d'Illiez	46.4975845411
6158	Vionnaz	27.6087973795
6159	Vouvry	34.2840679919
6171	Betten	65.4911838791
6172	Bister	0
6173	Bitsch	22.619047619
6177	Grengiols	12.6582278481
6178	Martisberg	0
6181	Riederalp	46.6417910448
6191	Ausserberg	8.9686098655
6192	Blatten	6.309148265
6193	Bürchen	20.6327372765
6194	Eischoll	4.0816326531
6195	Ferden	10.8303249097
6197	Kippel	5.3475935829
6198	Niedergesteln	4.4843049327
6199	Raron	29.9727520436
6201	Unterbäch	19.2771084337
6202	Wiler (Lötschen)	10.9090909091
6203	Mörel-Filet	26.706231454
6204	Steg-Hohtenn	34.620505992
6211	Collonges	13.3079847909
6212	Dorénaz	7.3855243722
6213	Evionnaz	27.7511961722
6214	Finhaut	41.5430267062
6215	Massongex	30.1608579088
6216	Mex (VS)	0
6217	Saint-Maurice	71.7667580364
6218	Salvan	34.7985347985
6219	Vernayaz	49.2638731597
6220	Vérossaz	12.4113475177
6232	Chalais	30.7742144477
6234	Chermignon	38.5674931129
6235	Chippis	29.1508238276
6238	Grône	34.1760299625
6239	Icogne	1.9569471624
6240	Lens	63.67544331
6241	Miège	22.5694444444
6242	Mollens (VS)	35.7967667436
6243	Montana	69.298245614
6244	Randogne	35.2798053528
6246	Saint-Léonard	27.1317829457
6248	Sierre	68.5758315141
6249	Venthône	19.9306759099
6250	Veyras	20.2863961814
6252	Anniviers	66.1023780734
6261	Arbaz	41.8943533698
6263	Grimisuat	47.776552738
6264	Salins	11.2936344969
6265	Savièse	13.9445423946
6266	Sion	93.331968332
6267	Veysonnaz	181.0035842294
6281	Baltschieder	12.3864574732
6282	Eisten	14.4927536232
6283	Embd	3.0211480363
6285	Grächen	35.9820089955
6286	Lalden	10.3092783505
6287	Randa	20.618556701
6288	Saas-Almagell	15.4241645244
6289	Saas-Balen	22.3325062035
6290	Saas-Fee	100.8955223881
6291	Saas-Grund	18.5676392573
6292	St. Niklaus	14.9911816578
6293	Stalden (VS)	13.357079252
6294	Staldenried	6.8493150685
6295	Täsch	64.1509433962
6296	Törbel	0
6297	Visp	65.9583886676
6298	Visperterminen	7.1581961346
6299	Zeneggen	25.5319148936
6300	Zermatt	100.9523809524
6401	Auvernier	45.2517527087
6402	Bevaix	39.2415064525
6403	Bôle	46.7342342342
6404	Boudry	56.0538116592
6405	Brot-Dessous	21.2765957447
6406	Colombier (NE)	54.4536602957
6407	Corcelles-Cormondrèche	31.9664902998
6408	Cortaillod	28.6221433326
6409	Fresens	24.0384615385
6410	Gorgier	46.0385438972
6411	Montalchez	26.5486725664
6412	Peseux	58.3190394511
6413	Rochefort	23.3426704015
6414	Saint-Aubin-Sauges	57.6451349141
6415	Vaumarcus	23.6220472441
6421	La Chaux-de-Fonds	97.7712137487
6422	Les Planchettes	31.8181818182
6423	La Sagne	19.7095435685
6431	Les Brenets	25.8780036969
6432	La Brévine	30.7917888563
6433	Brot-Plamboz	19.0839694656
6434	Le Cerneux-Péquignot	17.5953079179
6435	La Chaux-du-Milieu	4.5248868778
6436	Le Locle	61.2504900039
6437	Les Ponts-de-Martel	51.9276160504
6451	Cornaux	34.8292029471
6452	Cressier (NE)	53.7017726799
6453	Enges	31.914893617
6454	Hauterive (NE)	24.8995983936
6455	Le Landeron	93.9150401837
6456	Lignières	51.9618239661
6458	Neuchâtel	141.323024055
6459	Saint-Blaise	83.9251129761
6461	La Tène	80.8227716601
6471	Boudevilliers	30.7692307692
6472	Cernier	70.8587517597
6473	Chézard-Saint-Martin	17.3913043478
6474	Coffrane	37.8548895899
6475	Dombresson	17.1463563993
6476	Engollon	19.2307692308
6477	Fenin-Vilars-Saules	11.2079701121
6478	Fontainemelon	31.6573556797
6479	Fontaines (NE)	33.8208409506
6480	Les Geneveys-sur-Coffrane	41.2105602061
6481	Les Hauts-Geneveys	50
6482	Montmollin	47.2727272727
6483	Le Pâquier (NE)	18.5185185185
6484	Savagnier	9.7431355182
6485	Valangin	47.1698113208
6486	Villiers	15.0537634409
6504	La Côte-aux-Fées	73.4966592428
6511	Les Verrières	50.822122571
6512	Val-de-Travers	65.5995558845
6601	Aire-la-Ville	31.914893617
6602	Anières	67.1506352087
6603	Avully	53.8065254722
6604	Avusy	35.6882738529
6605	Bardonnex	80.203987019
6606	Bellevue	92.7508705286
6607	Bernex	70.4445835942
6608	Carouge (GE)	171.2387809949
6609	Cartigny	48.3271375465
6610	Céligny	24.5022970904
6611	Chancy	85.7142857143
6612	Chêne-Bougeries	94.9373238752
6613	Chêne-Bourg	140.6708328019
6614	Choulex	58.7618048269
6615	Collex-Bossy	34.225264468
6616	Collonge-Bellerive	83.9532412327
6617	Cologny	75.5176613886
6618	Confignon	76.8850432633
6619	Corsier (GE)	81.6441441441
6620	Dardagny	82.6952526799
6621	Genève	190.7063785211
6622	Genthod	62.5465376024
6623	Le Grand-Saconnex	145.7643161382
6624	Gy	59.5238095238
6625	Hermance	112.5683060109
6626	Jussy	94.9152542373
6627	Laconnex	33.4394904459
6628	Lancy	105.2518526474
6629	Meinier	85.6031128405
6630	Meyrin	129.1258792858
6631	Onex	88.3212532149
6632	Perly-Certoux	73.3357066572
6633	Plan-les-Ouates	92.8659286593
6634	Pregny-Chambésy	107.7184054283
6635	Presinge	52.6315789474
6636	Puplinge	61.6570327553
6637	Russin	77.694235589
6638	Satigny	84.0229153405
6639	Soral	53.7790697674
6640	Thônex	93.7031484258
6641	Troinex	65.0112866817
6642	Vandoeuvres	40.1376146789
6643	Vernier	114.8129487341
6644	Versoix	81.7505539728
6645	Veyrier	64.6914086529
6701	Bassecourt	35.5648535565
6702	Boécourt	14.2348754448
6703	Bourrignon	3.6101083032
6704	Châtillon (JU)	23.3644859813
6705	Corban	19.1082802548
6706	Courchapoix	4.8661800487
6707	Courfaivre	22.378516624
6708	Courrendlin	47.8488138319
6709	Courroux	31.045751634
6710	Courtételle	39.5744680851
6711	Delémont	90.3614457831
6712	Develier	15.0715900528
6713	Ederswiler	0
6714	Glovelier	31.223628692
6715	Mervelier	15.652173913
6716	Mettembert	0
6717	Montsevelier	7.96812749
6718	Movelier	25.5754475703
6719	Pleigne	5.2219321149
6720	Rebeuvelier	10.6382978723
6721	Rossemaison	23.0496453901
6722	Saulcy	3.9682539683
6723	Soulce	3.95256917
6724	Soyhières	90.1467505241
6725	Undervelier	26.2295081967
6726	Vermes	11.9047619048
6727	Vicques	17.7142857143
6728	Vellerat	28.9855072464
6741	Le Bémont (JU)	2.9585798817
6742	Les Bois	16.6666666667
6743	Les Breuleux	20.5731080088
6744	La Chaux-des-Breuleux	20.8333333333
6745	Les Enfers	19.2307692308
6748	Les Genevez (JU)	5.5452865065
6750	Lajoux (JU)	11.9047619048
6751	Montfaucon	8.8495575221
6753	Muriaux	22.1774193548
6754	Le Noirmont	29.0456431535
6757	Saignelégier	47.147385103
6758	Saint-Brais	4.5454545455
6759	Soubey	18.9873417722
6771	Alle	33.4486735871
6773	Beurnevésin	51.6129032258
6774	Boncourt	59.9078341014
6775	Bonfol	61.135371179
6776	Bressaucourt	21.5311004785
6778	Bure	24.8901903368
6781	Coeuve	26.3543191801
6782	Cornol	37.5
6783	Courchavon	10.101010101
6784	Courgenay	30.9671272034
6785	Courtedoux	30.303030303
6787	Damphreux	0
6789	Fahy	48.5175202156
6790	Fontenais	13.6436597111
6792	Grandfontaine	16.9014084507
6793	Lugnez	33.0188679245
6800	Porrentruy	70.3631158656
6803	Rocourt	20.4081632653
6806	Vendlincourt	21.6606498195
6807	Basse-Allaine	23.5383447229
6808	Clos du Doubs	36.6972477064
6809	Haute-Ajoie	22.8174603175
6810	La Baroche	25.1677852349
