Regions-ID	Regionsname	Anteil der Siedlungsflächen* an der Gesamtfläche in %
1	Aeugst am Albis	12.5794155019
2	Affoltern am Albis	30.7547169811
3	Bonstetten	15.5704697987
4	Hausen am Albis	12.6461988304
5	Hedingen	19.9081163859
6	Kappel am Albis	8.3014048531
7	Knonau	17.9723502304
8	Maschwanden	8.9743589744
9	Mettmenstetten	15.938697318
10	Obfelden	24.238410596
11	Ottenbach	20.8835341365
12	Rifferswil	10.3500761035
13	Stallikon	11.0741049126
14	Wettswil am Albis	40.848806366
21	Adlikon	10.9939759036
22	Benken (ZH)	8.1128747795
23	Berg am Irchel	4.9575070822
24	Buch am Irchel	6.8181818182
25	Dachsen	31.5985130112
26	Dorf	12.4548736462
27	Feuerthalen	42.8
28	Flaach	8.431372549
29	Flurlingen	22.9166666667
30	Andelfingen	15.8445440957
31	Henggart	22.8758169935
32	Humlikon	9.5108695652
33	Kleinandelfingen	13.2167152575
34	Laufen-Uhwiesen	12.48
35	Marthalen	11.8021201413
36	Oberstammheim	8.5287846482
37	Ossingen	9.3058733791
38	Rheinau	11.6461366181
39	Thalheim an der Thur	9.0062111801
40	Trüllikon	8.6820083682
41	Truttikon	6.3205417607
42	Unterstammheim	11.2792297111
43	Volken	5.8103975535
44	Waltalingen	7.5549450549
51	Bachenbülach	23.7762237762
52	Bassersdorf	30.7007786429
53	Bülach	29.9378881988
54	Dietlikon	47.3933649289
55	Eglisau	17.4008810573
56	Embrach	20.3296703297
57	Freienstein-Teufen	9.7238895558
58	Glattfelden	19.5775792039
59	Hochfelden	9.593495935
60	Höri	19.0775681342
61	Hüntwangen	23.9350912779
62	Kloten	43.3160621762
63	Lufingen	15.2215799615
64	Nürensdorf	22.0019821606
65	Oberembrach	6.8762278978
66	Opfikon	62.2103386809
67	Rafz	16.697761194
68	Rorbas	15.4708520179
69	Wallisellen	56.6563467492
70	Wasterkingen	7.3604060914
71	Wil (ZH)	15.2731326644
72	Winkel	21.4814814815
81	Bachs	6.0109289617
82	Boppelsen	12.5
83	Buchs (ZH)	26.1904761905
84	Dällikon	23.8839285714
85	Dänikon	19.2857142857
86	Dielsdorf	34.9233390119
87	Hüttikon	15
88	Neerach	19.1666666667
89	Niederglatt	33.0555555556
90	Niederhasli	21.5738284704
91	Niederweningen	14.0988372093
92	Oberglatt	31.227217497
93	Oberweningen	10.6557377049
94	Otelfingen	25.1040221914
95	Regensberg	9.243697479
96	Regensdorf	31.8523581681
97	Rümlang	29.2937399679
98	Schleinikon	6.7256637168
99	Schöfflisdorf	11.5288220551
100	Stadel	11.326609775
101	Steinmaur	13.7275607181
102	Weiach	11.8997912317
111	Bäretswil	8.6074808472
112	Bubikon	21.0481099656
113	Dürnten	22.624877571
114	Fischenthal	4.575596817
115	Gossau (ZH)	18.9824945295
116	Grüningen	16.1363636364
117	Hinwil	19.6324518153
118	Rüti (ZH)	29.5634920635
119	Seegräben	16.1803713528
120	Wald (ZH)	12.9556259905
121	Wetzikon (ZH)	31.4183123878
131	Adliswil	45.8974358974
132	Hirzel	11.3402061856
133	Horgen	21.7699952674
134	Hütten	5.5248618785
135	Kilchberg (ZH)	74.2307692308
136	Langnau am Albis	25.2023121387
137	Oberrieden	42.9602888087
138	Richterswil	41.1920529801
139	Rüschlikon	59.5890410959
140	Schönenberg (ZH)	10.1633393829
141	Thalwil	60.2540834846
142	Wädenswil	30.8933717579
151	Erlenbach (ZH)	54.3918918919
152	Herrliberg	23.3258928571
153	Hombrechtikon	21.4638157895
154	Küsnacht (ZH)	33.8199513382
155	Männedorf	46.5263157895
156	Meilen	28.8832913518
157	Oetwil am See	22.8995057661
158	Stäfa	38.6759581882
159	Uetikon am See	43.3048433048
160	Zumikon	43.795620438
161	Zollikon	41.7302798982
171	Bauma	9.3134901584
172	Fehraltorf	19.0526315789
173	Hittnau	13.0668716372
174	Illnau-Effretikon	18.1422924901
175	Kyburg	4.4678055191
176	Lindau	22.9673093043
177	Pfäffikon	17.547460236
178	Russikon	12.324929972
179	Sternenberg	4.3879907621
180	Weisslingen	11.4509803922
181	Wila	10.0758396533
182	Wildberg	8.6174242424
191	Dübendorf	43.2035268185
192	Egg	18.7586206897
193	Fällanden	32.4492979719
194	Greifensee	47.6394849785
195	Maur	22.4475997295
196	Mönchaltorf	18.6107470511
197	Schwerzenbach	41.3533834586
198	Uster	28.8367203924
199	Volketswil	36.9022127052
200	Wangen-Brüttisellen	30.2149178255
211	Altikon	6.1197916667
212	Bertschikon	10.4880581516
213	Brütten	10.0751879699
214	Dägerlen	7.7791718946
215	Dättlikon	10.6896551724
216	Dinhard	10.593220339
217	Elgg	12.4035989717
218	Ellikon an der Thur	12.4
219	Elsau	19.0298507463
220	Hagenbuch	9.8039215686
221	Hettlingen	17.0984455959
222	Hofstetten (ZH)	4.5197740113
223	Neftenbach	15.6394963552
224	Pfungen	24.7983870968
225	Rickenbach (ZH)	15.8415841584
226	Schlatt (ZH)	6.5121412804
227	Seuzach	31.0526315789
228	Turbenthal	7.2107765452
229	Wiesendangen	21.6016859852
230	Winterthur	33.573106283
231	Zell (ZH)	14.0215716487
241	Aesch (ZH)	9.2307692308
242	Birmensdorf (ZH)	24.4969378828
243	Dietikon	50.3232758621
244	Geroldswil	47.8947368421
245	Oberengstringen	50.4672897196
246	Oetwil an der Limmat	20.5776173285
247	Schlieren	51.6819571865
248	Uitikon	30.8219178082
249	Unterengstringen	42.7299703264
250	Urdorf	34.4782034346
251	Weiningen (ZH)	28.8888888889
261	Zürich	61.9453924915
301	Aarberg	23.4848484848
302	Bargen (BE)	6.9708491762
303	Grossaffoltern	10.8609271523
304	Kallnach	7.9103493738
305	Kappelen	10.9375
306	Lyss	32.2558922559
307	Meikirch	9.3567251462
309	Radelfingen	6.7255434783
310	Rapperswil (BE)	8.3415112856
311	Schüpfen	10.7575757576
312	Seedorf (BE)	7.6886341929
321	Aarwangen	14.9949341439
322	Auswil	5
323	Bannwil	8.8421052632
324	Bleienbach	8.2601054482
325	Busswil bei Melchnau	5.985915493
326	Gondiswil	5.8760683761
329	Langenthal	29.6467863347
331	Lotzwil	15.4093097913
332	Madiswil	7.0811744387
333	Melchnau	7.7145612343
334	Obersteckholz	5.6265984655
335	Oeschenbach	5.1282051282
336	Reisiswil	5.076142132
337	Roggwil (BE)	25.7033248082
338	Rohrbach	16.0098522167
339	Rohrbachgraben	2.9320987654
340	Rütschelen	7.0175438596
341	Schwarzhäusern	10.4
342	Thunstetten	19.7314049587
344	Ursenbach	5.8050383352
345	Wynau	17.7734375
351	Bern	45.0668734251
352	Bolligen	12.3792270531
353	Bremgarten bei Bern	46.2765957447
354	Kirchlindach	8.4731543624
355	Köniz	18.3829287392
356	Muri bei Bern	49.5424836601
357	Oberbalm	4.6153846154
358	Stettlen	22.2535211268
359	Vechigen	8.5449415558
360	Wohlen bei Bern	8.3379348426
361	Zollikofen	41.9593345656
362	Ittigen	60.3325415677
363	Ostermundigen	42.6421404682
371	Biel/Bienne	45.4117647059
372	Evilard	29.3956043956
381	Arch	15.9126365055
382	Büetigen	9.9447513812
383	Büren an der Aare	11.7181314331
385	Diessbach bei Büren	7.8025477707
386	Dotzigen	14.9289099526
387	Lengnau (BE)	21.8579234973
388	Leuzigen	11.2730806608
389	Meienried	2.9850746269
390	Meinisberg	14.8314606742
391	Oberwil bei Büren	8.4695393759
392	Pieterlen	19.6385542169
393	Rüti bei Büren	9.5384615385
394	Wengi	7.6487252125
401	Aefligen	22.4390243902
402	Alchenstorf	7.7039274924
403	Bäriswil	11.9133574007
404	Burgdorf	31.4065510597
405	Ersigen	9.4965675057
406	Hasle bei Burgdorf	7.6817558299
407	Heimiswil	5.0492083868
408	Hellsau	6.6225165563
409	Hindelbank	16.369047619
410	Höchstetten	7.3076923077
411	Kernenried	14.7590361446
412	Kirchberg (BE)	21.2154696133
413	Koppigen	17.1965317919
414	Krauchthal	7.0247933884
415	Lyssach	14.6864686469
416	Mötschwil	5.4794520548
417	Niederösch	4.9783549784
418	Oberburg	10.5300353357
419	Oberösch	5.1886792453
420	Rüdtligen-Alchenflüh	30.7407407407
421	Rumendingen	8.4677419355
422	Rüti bei Lyssach	6.0606060606
423	Willadingen	4.5662100457
424	Wynigen	5.6303116147
431	Corgémont	5.8622652248
432	Cormoret	3.3308660252
433	Cortébert	3.1713900135
434	Courtelary	4.4816659122
435	La Ferrière	3.6671368124
436	La Heutte	9.1811414392
437	Mont-Tramelan	2.7837259101
438	Orvin	4.8059149723
439	Péry	9.166136219
440	Plagne	4.6666666667
441	Renan (BE)	5.8683584457
442	Romont (BE)	3.1428571429
443	Saint-Imier	9.3525179856
444	Sonceboz-Sombeval	7.4716477652
445	Sonvilier	4.4594026083
446	Tramelan	8.8128772636
447	Vauffelin	7.202680067
448	Villeret	3.9975399754
491	Brüttelen	7.1104387292
492	Erlach	15.3623188406
493	Finsterhennen	11.2044817927
494	Gals	8.0910240202
495	Gampelen	10.7407407407
496	Ins	9.539748954
497	Lüscherz	7.7348066298
498	Müntschemier	18.6475409836
499	Siselen	7.0524412297
500	Treiten	8.2278481013
501	Tschugg	10.843373494
502	Vinelz	13.8228941685
532	Bangerten	6.3636363636
533	Bätterkinden	15.5291790307
534	Büren zum Hof	8.6956521739
535	Deisswil bei Münchenbuchsee	14.0845070423
536	Diemerswil	6.0498220641
537	Etzelkofen	5.3191489362
538	Fraubrunnen	7.6723016905
539	Grafenried	10.1052631579
540	Jegenstorf	14.7025813692
541	Iffwil	7.9522862823
542	Limpach	7.4324324324
543	Mattstetten	15.3034300792
544	Moosseedorf	30.5379746835
545	Mülchi	4.9738219895
546	Münchenbuchsee	34.2696629213
547	Münchringen	10.0418410042
549	Schalunen	10.7142857143
550	Scheunen	3.196347032
551	Urtenen-Schönbühl	20.251396648
552	Utzenstorf	12.6768867925
553	Wiggiswil	16.7832167832
554	Wiler bei Utzenstorf	15.2631578947
555	Zauggenried	6.5573770492
556	Zielebach	8.9005235602
557	Zuzwil (BE)	7.4712643678
561	Adelboden	2.4708149156
562	Aeschi bei Spiez	5.1099611902
563	Frutigen	4.597380886
564	Kandergrund	4.2785758901
565	Kandersteg	0.9889211094
566	Krattigen	10.6135986733
567	Reichenbach im Kandertal	2.2584493042
571	Beatenberg	4.2094455852
572	Bönigen	6.1712010617
573	Brienz (BE)	4.5397750937
574	Brienzwiler	2.947845805
575	Därligen	5.8394160584
576	Grindelwald	1.7881142991
577	Gsteigwiler	4.4096728307
578	Gündlischwand	1.6587677725
579	Habkern	1.3116679718
580	Hofstetten bei Brienz	4.4827586207
581	Interlaken	46.5596330275
582	Iseltwald	2.3340961098
584	Lauterbrunnen	1.4050240253
585	Leissigen	5.8823529412
586	Lütschental	1.9370460048
587	Matten bei Interlaken	20.9380234506
588	Niederried bei Interlaken	7.2261072261
589	Oberried am Brienzersee	2.3952095808
590	Ringgenberg (BE)	11.6838487973
591	Saxeten	1.4091858038
592	Schwanden bei Brienz	4.9645390071
593	Unterseen	15.2916073969
594	Wilderswil	9.9704579025
602	Arni (BE)	5.5715658021
603	Biglen	21.2290502793
604	Bleiken bei Oberdiessbach	4.1055718475
605	Bowil	5.1020408163
606	Brenzikofen	8.5972850679
607	Freimettigen	5.8020477816
608	Grosshöchstetten	25
609	Häutligen	3.6184210526
610	Herbligen	11.6788321168
611	Kiesen	17.8343949045
612	Konolfingen	14.475743349
613	Landiswil	4.9659201558
614	Linden	6.2641509434
615	Mirchel	13.1355932203
616	Münsingen	26.354679803
617	Niederhünigen	6.1338289963
619	Oberdiessbach	9.8473282443
620	Oberthal	5.3722902922
622	Oppligen	12.0588235294
623	Rubigen	20.886981402
624	Schlosswil	8.9337175793
625	Tägertschi	5.2777777778
626	Walkringen	7.4956420686
627	Worb	15.6666666667
628	Zäziwil	9.5588235294
629	Oberhünigen	3.4941763727
630	Allmendingen	9.7883597884
632	Wichtrach	13.1147540984
661	Clavaleyres	4.0816326531
662	Ferenbalm	11.3759479957
663	Frauenkappelen	6.7814854682
664	Golaten	8.273381295
665	Gurbrü	19.1256830601
666	Kriechenwil	5.4621848739
667	Laupen	25.7352941176
668	Mühleberg	9.2050209205
669	Münchenwiler	11.7408906883
670	Neuenegg	8.970856102
671	Wileroltigen	6.5693430657
681	Belprahon	7.2916666667
682	Bévilard	12.2837370242
683	Champoz	2.9207232267
684	Châtelat	2.6442307692
687	Corcelles (BE)	2.3598820059
690	Court	4.6379170057
691	Crémines	5.3627760252
692	Eschert	4.0909090909
694	Grandval	4.1514041514
696	Loveresse	5.4393305439
697	Malleray	9.1176470588
699	Monible	1.4925373134
700	Moutier	13.9143730887
701	Perrefitte	3.9488966318
702	Pontenet	6.2962962963
703	Reconvilier	12.895377129
704	Roches (BE)	3.8674033149
706	Saicourt	4.347826087
707	Saules (BE)	3.7558685446
708	Schelten	1.9855595668
709	Seehof	2.2619047619
710	Sornetan	3.1802120141
711	Sorvilier	3.5087719298
712	Souboz	1.7941454202
713	Tavannes	10.8783783784
715	Rebévelier	0.5633802817
721	Diesse	4.5502645503
722	Lamboing	6.7032967033
723	La Neuveville	18.3553597651
724	Nods	3.0041306797
725	Prêles	10.4136947218
731	Aegerten	29.1666666667
732	Bellmund	14.6981627297
733	Brügg	34.3313373253
734	Bühl	7.0469798658
735	Epsach	6.4516129032
736	Hagneck	12.7071823204
737	Hermrigen	7.5362318841
738	Jens	7.3913043478
739	Ipsach	50.5263157895
740	Ligerz	12.9213483146
741	Merzligen	10.6194690265
742	Mörigen	21.2962962963
743	Nidau	84.2105263158
744	Orpund	20.7594936709
745	Port	41.1522633745
746	Safnern	17.7619893428
747	Scheuren	10.4761904762
748	Schwadernau	10.1941747573
749	Studen (BE)	42.2222222222
750	Sutz-Lattrigen	21.3296398892
751	Täuffelen	23.4090909091
754	Walperswil	9.5851216023
755	Worben	29.3906810036
756	Twann-Tüscherz	8.0580177276
761	Därstetten	2.6837450442
762	Diemtigen	1.7458852484
763	Erlenbach im Simmental	3.4623773173
764	Niederstocken	3.6429872495
765	Oberstocken	3.9024390244
766	Oberwil im Simmental	2.5217391304
767	Reutigen	4.5212765957
768	Spiez	31.4439140811
769	Wimmis	7.657859382
781	Gadmen	0.6434454358
782	Guttannen	0.4882180043
783	Hasliberg	3.2381866155
784	Innertkirchen	0.7667305609
785	Meiringen	7.4729596853
786	Schattenhalb	2.1918678526
791	Boltigen	2.4038461538
792	Lenk	1.9505851756
793	St. Stephan	2.4322103533
794	Zweisimmen	3.3898305085
841	Gsteig	1.3779842974
842	Lauenen	1.2938372489
843	Saanen	4.5598797394
852	Guggisberg	2.9888828139
853	Rüschegg	3.0134122975
855	Schwarzenburg	7.8313253012
861	Belp	14.2243231629
863	Burgistein	9.7333333333
865	Gelterfingen	5.4755043228
866	Gerzensee	8.9285714286
867	Gurzelen	6.6518847007
868	Jaberg	18.75
869	Kaufdorf	20
870	Kehrsatz	21.2189616253
871	Kienersrüti	2.6315789474
872	Kirchdorf (BE)	11.4754098361
873	Kirchenthurnen	11.9047619048
874	Lohnstorf	6.5573770492
875	Mühledorf (BE)	6.9868995633
876	Mühlethurnen	19.5205479452
877	Niedermuhlern	6.1111111111
878	Noflen	5.8394160584
879	Riggisberg	5.4126294688
880	Rüeggisberg	4.3417366947
881	Rümligen	7.5268817204
883	Seftigen	15.8974358974
884	Toffen	17.0781893004
885	Uttigen	18.2724252492
886	Wattenwil	7.809260539
888	Wald (BE)	6.25
901	Eggiwil	3.5020746888
902	Langnau im Emmental	7.5716938312
903	Lauperswil	7.6158940397
904	Röthenbach im Emmental	3.2871502309
905	Rüderswil	7.2176949942
906	Schangnau	2.0531070353
907	Signau	7.9566003617
908	Trub	2.3075681782
909	Trubschachen	4.932735426
921	Amsoldingen	7.4626865672
922	Blumenstein	3.9278815196
923	Buchholterberg	6.2868369352
924	Eriz	2.7548209366
925	Fahrni	5.0974512744
927	Heiligenschwendi	7.3608617594
928	Heimberg	33.3955223881
929	Hilterfingen	41.2186379928
930	Höfen	5.8568329718
931	Homberg	4.3209876543
932	Horrenbach-Buchen	1.3235294118
934	Oberhofen am Thunersee	27.4368231047
935	Oberlangenegg	4.6103183315
936	Pohlern	1.9114688129
937	Schwendibach	10.5960264901
938	Sigriswil	4.6965317919
939	Steffisburg	27.3605947955
940	Teuffenthal (BE)	3.0634573304
941	Thierachern	12.3342175066
942	Thun	49.8378879111
943	Uebeschi	7.3059360731
944	Uetendorf	20.8661417323
945	Unterlangenegg	8.6637298091
946	Wachseldorn	5.0847457627
947	Zwieselberg	9.8765432099
948	Forst-Längenbühl	8.407079646
951	Affoltern im Emmental	7.5850043592
952	Dürrenroth	5.6267806268
953	Eriswil	6.4430714916
954	Huttwil	13.599537037
955	Lützelflüh	9.1078066914
956	Rüegsau	8.5714285714
957	Sumiswald	5.1364095655
958	Trachselwald	4.5710707577
959	Walterswil (BE)	5.0377833753
960	Wyssachen	6.6326530612
971	Attiswil	10.9947643979
972	Berken	11.4285714286
973	Bettenhausen	9.8484848485
975	Farnern	4.3835616438
976	Graben	6.9400630915
977	Heimenhausen	11.6638078902
978	Hermiswil	5.7142857143
979	Herzogenbuchsee	27.0875763747
980	Inkwil	13.0177514793
981	Niederbipp	15.1289398281
982	Niederönz	16.5467625899
983	Oberbipp	12.9564193168
985	Ochlenberg	4.3046357616
987	Rumisberg	8.1395348837
988	Seeberg	6.4005069708
989	Thörigen	11.2334801762
990	Walliswil bei Niederbipp	15.9722222222
991	Walliswil bei Wangen	11.7263843648
992	Wangen an der Aare	22.2648752399
993	Wangenried	7.9310344828
995	Wiedlisbach	20.9271523179
996	Wolfisberg	5.7613168724
1001	Doppleschwand	5.7388809182
1002	Entlebuch	3.6867977528
1004	Flühli	2.4974562945
1005	Hasle (LU)	3.2498139419
1007	Romoos	2.091152815
1008	Schüpfheim	5.2713580888
1009	Werthenstein	8.2855321861
1010	Escholzmatt-Marbach	2.9149036201
1021	Aesch (LU)	11.3733905579
1022	Altwis	7.2413793103
1023	Ballwil	13.2875143184
1024	Emmen	38.151425762
1025	Ermensee	8.7719298246
1026	Eschenbach (LU)	11.0689916603
1030	Hitzkirch	10.0365704998
1031	Hochdorf	26.0688216893
1032	Hohenrain	6.1137238136
1033	Inwil	12.3910939013
1037	Rain	10.4033970276
1039	Römerswil	7.9279279279
1040	Rothenburg	17.8479381443
1041	Schongau	5.8587479936
1051	Adligenswil	23.748211731
1052	Buchrain	32.7766179541
1053	Dierikon	17.7304964539
1054	Ebikon	33.5397316821
1055	Gisikon	27.2727272727
1056	Greppen	13.3333333333
1057	Honau	12.8
1058	Horw	28.7051482059
1059	Kriens	19.8975859546
1061	Luzern	47.643618851
1062	Malters	10.9905495275
1063	Meggen	34.250343879
1064	Meierskappel	10.2222222222
1065	Root	20.1388888889
1066	Schwarzenberg	3.0349400663
1067	Udligenswil	10.4
1068	Vitznau	7.5112107623
1069	Weggis	17.5275190517
1081	Beromünster	9.054278265
1082	Büron	17.439703154
1083	Buttisholz	8.3482409064
1084	Eich	16.6383701188
1085	Geuensee	12.5972006221
1086	Grosswangen	7.0594210259
1088	Hildisrieden	19.313304721
1089	Knutwil	12.4744376278
1091	Mauensee	7.5313807531
1093	Neuenkirch	11.0369206599
1094	Nottwil	14.2580019399
1095	Oberkirch	21.978021978
1097	Rickenbach (LU)	11.714770798
1098	Ruswil	6.9741778857
1099	Schenkon	17.5775480059
1100	Schlierbach	6.5006915629
1102	Sempach	20.6703910615
1103	Sursee	51.8771331058
1104	Triengen	10.6026280018
1107	Wolhusen	9.3137254902
1121	Alberswil	8.4269662921
1122	Altbüron	9.587020649
1123	Altishofen	12.0209059233
1125	Dagmersellen	11.9446772842
1126	Ebersecken	4.0887850467
1127	Egolzwil	17.5059952038
1128	Ettiswil	10.551558753
1129	Fischbach	5.5900621118
1130	Gettnau	10.4651162791
1131	Grossdietwil	6.5493646139
1132	Hergiswil bei Willisau	4.6006389776
1135	Luthern	3.8309114927
1136	Menznau	6.2273476112
1137	Nebikon	23.8605898123
1139	Pfaffnau	9.7435897436
1140	Reiden	11.3661606812
1142	Roggliswil	6.2600321027
1143	Schötz	10.7862248213
1145	Ufhusen	5.4693877551
1146	Wauwil	21.0884353741
1147	Wikon	9.6618357488
1150	Zell (LU)	10.3025936599
1151	Willisau	7.9893152016
1201	Altdorf (UR)	24.5356793744
1202	Andermatt	1.5444015444
1203	Attinghausen	1.6659547202
1204	Bauen	5.0131926121
1205	Bürglen (UR)	2.4468285338
1206	Erstfeld	3.7331081081
1207	Flüelen	6.3607085346
1208	Göschenen	0.8258114077
1209	Gurtnellen	1.3077384523
1210	Hospental	1.3726050901
1211	Isenthal	0.7870142646
1212	Realp	0.7952796306
1213	Schattdorf	13.0301167793
1214	Seedorf (UR)	5.6274256145
1215	Seelisberg	4.679245283
1216	Silenen	0.8911301464
1217	Sisikon	1.2891344383
1218	Spiringen	1.2666048811
1219	Unterschächen	0.785046729
1220	Wassen	1.1443298969
1301	Einsiedeln	5.8651322431
1311	Gersau	6.6852367688
1321	Feusisberg	10.9267734554
1322	Freienbach	33.3333333333
1323	Wollerau	30.5993690852
1331	Küssnacht (SZ)	16.5365025467
1341	Altendorf	10.5623471883
1342	Galgenen	10.7088989442
1343	Innerthal	0.6377042646
1344	Lachen	66.25
1345	Reichenburg	8.8869715272
1346	Schübelbach	7.1625344353
1347	Tuggen	13.5055350554
1348	Vorderthal	2.0743919886
1349	Wangen (SZ)	25.5621301775
1361	Alpthal	1.7444395988
1362	Arth	9.7149643705
1363	Illgau	3.4734917733
1364	Ingenbohl	18.0400890869
1365	Lauerz	4.2207792208
1366	Morschach	4.0865384615
1367	Muotathal	1.0047041059
1368	Oberiberg	2.131546894
1369	Riemenstalden	0.6266786034
1370	Rothenthurm	4.1666666667
1371	Sattel	6.7590987868
1372	Schwyz	9.3062605753
1373	Steinen	11.3080168776
1374	Steinerberg	6.2138728324
1375	Unteriberg	3.8156484459
1401	Alpnach	5.2621792488
1402	Engelberg	3.6650615302
1403	Giswil	2.60646963
1404	Kerns	3.1742604189
1405	Lungern	3.6090225564
1406	Sachseln	3.6775631501
1407	Sarnen	5.9611703582
1501	Beckenried	6.0568603214
1502	Buochs	18.0080482897
1503	Dallenwil	4.6481601033
1504	Emmetten	2.7611044418
1505	Ennetbürgen	15.9744408946
1506	Ennetmoos	6.6666666667
1507	Hergiswil (NW)	10.5485232068
1508	Oberdorf (NW)	7.4303405573
1509	Stans	20.8820882088
1510	Stansstad	15.4266958425
1511	Wolfenschiessen	1.3576123263
1630	Glarus Nord	5.9599945571
1631	Glarus Süd	1.6016551211
1632	Glarus	4.1401273885
1701	Baar	22.1953188055
1702	Cham	24.9436936937
1703	Hünenberg	14.2857142857
1704	Menzingen	7.4990899163
1705	Neuheim	13.9798488665
1706	Oberägeri	6.7509145328
1707	Risch	28.7735849057
1708	Steinhausen	37.3015873016
1709	Unterägeri	7.9812206573
1710	Walchwil	9.3865484109
1711	Zug	26.558891455
2004	Bussy (FR)	12.1546961326
2005	Châbles	9.4339622642
2008	Châtillon (FR)	16.9230769231
2009	Cheiry	6.9444444444
2010	Cheyres	14.2300194932
2011	Cugy (FR)	10.3343465046
2013	Domdidier	15.7894736842
2014	Dompierre (FR)	10.1351351351
2015	Estavayer-le-Lac	28.1075027996
2016	Fétigny	12.285012285
2022	Gletterens	20.1365187713
2024	Léchelles	6.6285714286
2025	Lully (FR)	12.5912408759
2027	Ménières	9.1954022989
2029	Montagny (FR)	8.2191780822
2033	Morens (FR)	16.1538461538
2034	Murist	7.5609756098
2035	Nuvilly	7.3047858942
2038	Prévondavaux	4.9180327869
2039	Rueyres-les-Prés	14.5569620253
2040	Russy	4.0431266846
2041	Saint-Aubin (FR)	10.3797468354
2043	Sévaz	8.9068825911
2044	Surpierre	4.6121593291
2045	Vallon	8.8068181818
2047	Villeneuve (FR)	7.8431372549
2049	Vuissens	12.5
2050	Les Montets	11.0572259942
2051	Delley-Portalban	11.9834710744
2052	Vernay	5.5089820359
2061	Auboranges	8.3333333333
2063	Billens-Hennens	6.5306122449
2066	Chapelle (Glâne)	8.3743842365
2067	Le Châtelard	3.2085561497
2068	Châtonnaye	6.0031595577
2072	Ecublens (FR)	8.4188911704
2079	Grangettes	5.0595238095
2086	Massonnens	6.1320754717
2087	Mézières (FR)	6.8156424581
2089	Montet (Glâne)	7.7625570776
2096	Romont (FR)	18.9908256881
2097	Rue	8.71886121
2099	Siviriez	7.9842286841
2102	Ursy	8.2274247492
2111	Villaz-Saint-Pierre	13.3815551537
2113	Vuisternens-devant-Romont	6.102117061
2114	Villorsonnens	5.6129032258
2115	Torny	5.7899901865
2116	La Folliaz	6.3636363636
2121	Haut-Intyamon	2.4640317513
2122	Pont-en-Ogoz	12.6633165829
2123	Botterens	9.1127098321
2124	Broc	9.0457256461
2125	Bulle	21.5842414082
2126	Cerniat (FR)	2.3421286688
2127	Charmey	2.064483242
2128	Châtel-sur-Montsalvens	8
2129	Corbières	5.4166666667
2130	Crésuz	23.3333333333
2131	Echarlens	9.5444685466
2134	Grandvillard	3.9256198347
2135	Gruyères	5.4596688975
2137	Hauteville	4.7393364929
2138	Jaun	1.7197682839
2140	Marsens	11.0256410256
2143	Morlon	9.6385542169
2145	Le Pâquier (FR)	13.1696428571
2147	Pont-la-Ville	15.9722222222
2148	Riaz	12.2107969152
2149	La Roche	4.0349417637
2152	Sâles	6.0702875399
2153	Sorens	8.9244851259
2155	Vaulruz	8.9197224975
2160	Vuadens	10.3908484271
2162	Bas-Intyamon	2.7652539826
2171	Arconciel	8.5106382979
2172	Autafond	3.7037037037
2173	Autigny	6.9131832797
2174	Avry	15.834767642
2175	Belfaux	14.6189735614
2177	Chénens	10.0755667506
2179	Chésopelloz	6.6265060241
2183	Corminboeuf	14.9466192171
2184	Corpataux-Magnedens	18.1208053691
2185	Corserey	6.3583815029
2186	Cottens (FR)	12.0724346076
2189	Ependes (FR)	10.3019538188
2192	Farvagny	11.964107677
2194	Ferpicloz	16.5048543689
2196	Fribourg	63.1974248927
2197	Givisiez	40.5797101449
2198	Granges-Paccot	31.1557788945
2200	Grolley	16.5413533835
2206	Marly	30.859375
2208	Matran	29.4117647059
2211	Neyruz (FR)	15.3429602888
2213	Noréaz	5.6768558952
2216	Pierrafortscha	7.3122529644
2217	Ponthaux	6.5436241611
2220	Le Mouret	8.7168381159
2221	Prez-vers-Noréaz	8.7565674256
2222	Rossens (FR)	16.2376237624
2223	Le Glèbe	8.2444228904
2225	Senèdes	16
2226	Treyvaux	6.2171628722
2228	Villars-sur-Glâne	51.7367458867
2230	Villarsel-sur-Marly	4.1958041958
2231	Vuisternens-en-Ogoz	7.8525641026
2233	Hauterive (FR)	15.6040268456
2234	La Brillaz	8.4795321637
2235	La Sonnaz	7.3913043478
2243	Barberêche	5.69550931
2250	Courgevaux	15.8357771261
2251	Courlevon	5.1987767584
2254	Courtepin	25.4901960784
2257	Cressier (FR)	10.843373494
2258	Fräschels	10.5095541401
2259	Galmiz	7.8453038674
2260	Gempenach	6.0240963855
2261	Greng	13.8613861386
2262	Gurmels	10.400929692
2264	Jeuss	8.4745762712
2265	Kerzers	15.9574468085
2266	Kleinbösingen	9.3023255814
2270	Lurtigen	6.0869565217
2271	Meyriez	90.9090909091
2272	Misery-Courtion	7.1741032371
2274	Muntelier	36.2831858407
2275	Murten	20.1174743025
2276	Ried bei Kerzers	11.8890356671
2277	Salvenach	7.8125
2278	Ulmiz	6.6433566434
2279	Villarepos	8.0508474576
2280	Bas-Vully	13.7688442211
2281	Haut-Vully	13.0779392338
2283	Wallenried	20.8762886598
2291	Alterswil	6.592039801
2292	Brünisried	8.3333333333
2293	Düdingen	12.4269954575
2294	Giffers	13.601532567
2295	Bösingen	9.2877094972
2296	Heitenried	6.7403314917
2298	Oberschrot	7.779886148
2299	Plaffeien	2.8951354991
2300	Plasselb	4.0309221425
2301	Rechthalten	7.1232876712
2302	St. Antoni	7.4777448071
2303	St. Silvester	7.8873239437
2304	St. Ursen	6.4885496183
2305	Schmitten (FR)	13.1365313653
2306	Tafers	14.9342891278
2307	Tentlingen	15.4471544715
2308	Ueberstorf	7.4395536268
2309	Wünnewil-Flamatt	19.3792581378
2310	Zumholz	7.8534031414
2321	Attalens	13.251783894
2323	Bossonnens	12.2549019608
2325	Châtel-Saint-Denis	6.954887218
2328	Granges (Veveyse)	10.7623318386
2333	Remaufens	6.6213921902
2335	Saint-Martin (FR)	5.6352459016
2336	Semsales	3.4025178632
2337	Le Flon	5.5555555556
2338	La Verrerie	6.5573770492
2401	Egerkingen	25.1445086705
2402	Härkingen	27.289048474
2403	Kestenholz	9.4186046512
2404	Neuendorf	17.3913043478
2405	Niederbuchsiten	9.1074681239
2406	Oberbuchsiten	10.9808102345
2407	Oensingen	22.0099667774
2408	Wolfwil	13.3720930233
2421	Aedermannsdorf	3.6462373933
2422	Balsthal	14.4040790312
2423	Gänsbrunnen	3.2570422535
2424	Herbetswil	3.4250764526
2425	Holderbank (SO)	6.161745828
2426	Laupersdorf	5.7989690722
2427	Matzendorf	7.7945084145
2428	Mümliswil-Ramiswil	4.1431792559
2429	Welschenrohr	4.934464148
2441	Aetigkofen	6.8965517241
2442	Aetingen	14.0350877193
2444	Bibern (SO)	8
2445	Biezwil	6.6985645933
2446	Brügglen	5.8823529412
2449	Gossliwil	7.614213198
2450	Hessigkofen	7.5221238938
2452	Küttigkofen	8.3333333333
2453	Kyburg-Buchegg	12.1951219512
2455	Lüterkofen-Ichertswil	12.7853881279
2456	Lüterswil-Gächliwil	6.1688311688
2457	Messen	7.1488645921
2458	Mühledorf (SO)	7.5301204819
2461	Schnottwil	8.6471408647
2462	Tscheppach	8.152173913
2463	Unterramsern	7.1428571429
2464	Lüsslingen-Nennigkofen	9.7435897436
2471	Bättwil	24.8520710059
2472	Büren (SO)	7.0739549839
2473	Dornach	35.652173913
2474	Gempen	6.365159129
2475	Hochwald	8.9371980676
2476	Hofstetten-Flüh	14.7606382979
2477	Metzerlen-Mariastein	7.6112412178
2478	Nuglar-St. Pantaleon	11.3744075829
2479	Rodersdorf	14.3396226415
2480	Seewen	5.7962172056
2481	Witterswil	13.9622641509
2491	Hauenstein-Ifenthal	8.0979284369
2492	Kienberg	4.3274853801
2493	Lostorf	13.7490608565
2495	Niedergösgen	30.4849884527
2497	Obergösgen	21.2121212121
2498	Rohr (SO)	5.3333333333
2499	Stüsslingen	14.7967479675
2500	Trimbach	23.660130719
2501	Winznau	19.746835443
2502	Wisen (SO)	6.0416666667
2503	Erlinsbach (SO)	13.6414881623
2511	Aeschi (SO)	11.9485294118
2513	Biberist	26.5522875817
2514	Bolken	12.20657277
2516	Deitingen	24.9017038008
2517	Derendingen	32.6203208556
2518	Etziken	13.3136094675
2519	Gerlafingen	79.5811518325
2520	Halten	18.3783783784
2523	Horriwil	13.8461538462
2524	Hüniken	6.9306930693
2525	Kriegstetten	46.9026548673
2526	Lohn-Ammannsegg	22.8187919463
2527	Luterbach	34.5814977974
2528	Obergerlafingen	32.2368421053
2529	Oekingen	13.0612244898
2530	Recherswil	21.021021021
2532	Subingen	20.6119162641
2534	Zuchwil	52.4625267666
2535	Drei Höfe	7.5388026608
2541	Balm bei Günsberg	3.1135531136
2542	Bellach	33.4600760456
2543	Bettlach	13.4206219313
2544	Feldbrunnen-St. Niklaus	14.859437751
2545	Flumenthal	19.7411003236
2546	Grenchen	20.6909788868
2547	Günsberg	10.2272727273
2548	Hubersdorf	15.4411764706
2549	Kammersrohr	3.1914893617
2550	Langendorf	48.7179487179
2551	Lommiswil	12.8472222222
2553	Oberdorf (SO)	6.9456066946
2554	Riedholz	16.25
2555	Rüttenen	7.8409090909
2556	Selzach	9.1936312275
2571	Boningen	25.2669039146
2572	Däniken	31.4711359404
2573	Dulliken	27.3631840796
2574	Eppenberg-Wöschnau	18.0327868852
2575	Fulenbach	17.1875
2576	Gretzenbach	20.9982788296
2578	Gunzgen	27.621483376
2579	Hägendorf	15.140591204
2580	Kappel (SO)	18.431372549
2581	Olten	40.3996524761
2582	Rickenbach (SO)	17.1428571429
2583	Schönenwerd	41.4438502674
2584	Starrkirch-Wil	28.8043478261
2585	Walterswil (SO)	10.6430155211
2586	Wangen bei Olten	21.9020172911
2601	Solothurn	69.4753577107
2611	Bärschwil	5.0089445438
2612	Beinwil (SO)	1.8984547461
2613	Breitenbach	19.3265007321
2614	Büsserach	10.9933774834
2615	Erschwil	7.1140939597
2616	Fehren	15.3333333333
2617	Grindel	6.6666666667
2618	Himmelried	10.6666666667
2619	Kleinlützel	4.5343137255
2620	Meltingen	5.7291666667
2621	Nunningen	8.5519922255
2622	Zullwil	9.6418732782
2701	Basel	86.3048016701
2702	Bettingen	19.2660550459
2703	Riehen	47.4405850091
2761	Aesch (BL)	35.9459459459
2762	Allschwil	43.0493273543
2763	Arlesheim	38.0200860832
2764	Biel-Benken	25.4278728606
2765	Binningen	71.6853932584
2766	Birsfelden	80.3149606299
2767	Bottmingen	54.3918918919
2768	Ettingen	17.0846394984
2769	Münchenstein	58.077994429
2770	Muttenz	41.1906193626
2771	Oberwil (BL)	35.7868020305
2772	Pfeffingen	14.4329896907
2773	Reinach (BL)	55.5236728838
2774	Schönenbuch	31.5789473684
2775	Therwil	28.9817232376
2781	Blauen	5.3445850914
2782	Brislach	8.537886873
2783	Burg im Leimental	4.9645390071
2784	Dittingen	7.2700296736
2785	Duggingen	12.7118644068
2786	Grellingen	19.2192192192
2787	Laufen	18.9594356261
2788	Liesberg	8.7929656275
2789	Nenzlingen	7.1232876712
2790	Roggenburg	3.1578947368
2791	Röschenz	7.1570576541
2792	Wahlen	11.2338858195
2793	Zwingen	25.5965292842
2821	Arisdorf	9.4094094094
2822	Augst	40.7407407407
2823	Bubendorf	14.852398524
2824	Frenkendorf	30.2173913043
2825	Füllinsdorf	30.2375809935
2826	Giebenach	24.6268656716
2827	Hersberg	11.8343195266
2828	Lausen	25
2829	Liestal	23.9669421488
2830	Lupsingen	15.5555555556
2831	Pratteln	43.0841121495
2832	Ramlinsburg	12.8888888889
2833	Seltisberg	16.1931818182
2834	Ziefen	8.4507042254
2841	Anwil	8.0200501253
2842	Böckten	14.4104803493
2843	Buckten	17
2844	Buus	7.2153325817
2845	Diepflingen	12.676056338
2846	Gelterkinden	18.1262729124
2847	Häfelfingen	6.345177665
2848	Hemmiken	5.5393586006
2849	Itingen	23.8853503185
2850	Känerkinden	15.9722222222
2851	Kilchberg (BL)	8.75
2852	Läufelfingen	9.6932515337
2853	Maisprach	10.1593625498
2854	Nusshof	4.5977011494
2855	Oltingen	5.8577405858
2856	Ormalingen	11.3832853026
2857	Rickenbach (BL)	10.7266435986
2858	Rothenfluh	3.8602941176
2859	Rümlingen	10.5726872247
2860	Rünenberg	6.8273092369
2861	Sissach	25
2862	Tecknau	16.3865546218
2863	Tenniken	11.3247863248
2864	Thürnen	18.5022026432
2865	Wenslingen	6.6666666667
2866	Wintersingen	6.936416185
2867	Wittinsburg	8.125
2868	Zeglingen	6.1790668348
2869	Zunzgen	12.0464441219
2881	Arboldswil	6.3953488372
2882	Bennwil	5.5214723926
2883	Bretzwil	4.7554347826
2884	Diegten	11.0880829016
2885	Eptingen	5.1601423488
2886	Hölstein	14.932885906
2887	Lampenberg	7.1960297767
2888	Langenbruck	4.7073791349
2889	Lauwil	2.4759284732
2890	Liedertswil	5.1282051282
2891	Niederdorf	14.9321266968
2892	Oberdorf (BL)	12.7009646302
2893	Reigoldswil	8.152173913
2894	Titterten	6.2162162162
2895	Waldenburg	5.7971014493
2901	Gächlingen	7.7134986226
2903	Löhningen	9.1304347826
2904	Neunkirch	7.2706935123
2914	Büttenhardt	4.7263681592
2915	Dörflingen	8.8388214905
2917	Lohn (SH)	8.4016393443
2919	Stetten (SH)	10.8050847458
2920	Thayngen	15.6234351527
2931	Bargen (SH)	4.578313253
2932	Beringen	10.9559613319
2933	Buchberg	8.5324232082
2936	Merishausen	3.7121644774
2937	Neuhausen am Rheinfall	32.1339950372
2938	Rüdlingen	10.6884057971
2939	Schaffhausen	24.7673586256
2951	Beggingen	4.5094936709
2952	Schleitheim	6.4126394052
2953	Siblingen	6.6595059076
2961	Buch (SH)	6.7885117493
2962	Hemishofen	5.5415617128
2963	Ramsen	7.6579925651
2964	Stein am Rhein	24.8263888889
2971	Hallau	9.778357236
2972	Oberhallau	7.1547420965
2973	Trasadingen	11.2195121951
2974	Wilchingen	7.1833648393
3001	Herisau	17.2893481717
3002	Hundwil	3.4067303698
3003	Schönengrund	4.6065259117
3004	Schwellbrunn	5.5779183439
3005	Stein (AR)	9.0425531915
3006	Urnäsch	3.4404145078
3007	Waldstatt	12.2205663189
3021	Bühler	10.5734767025
3022	Gais	6.7956583294
3023	Speicher	17.6613885505
3024	Teufen (AR)	16.9060052219
3025	Trogen	8.4
3031	Grub (AR)	12.0567375887
3032	Heiden	18.2180851064
3033	Lutzenberg	23.3480176211
3034	Rehetobel	9.5380029806
3035	Reute (AR)	6.2880324544
3036	Wald (AR)	6.588579795
3037	Walzenhausen	13.8571428571
3038	Wolfhalden	13.0747126437
3101	Appenzell	11.5658362989
3102	Gonten	6.067961165
3103	Rüte	3.8160469667
3104	Schlatt-Haslen	5.0809603573
3105	Schwende	2.2624434389
3111	Oberegg	6.3394683027
3201	Häggenschwil	9.1803278689
3202	Muolen	7.4468085106
3203	St. Gallen	40.7934893184
3204	Wittenbach	20.5691056911
3211	Berg (SG)	12.4338624339
3212	Eggersriet	10.0112485939
3213	Goldach	55.6962025316
3214	Mörschwil	19.959473151
3215	Rorschach	92.6553672316
3216	Rorschacherberg	29.9719887955
3217	Steinach	31.4855875831
3218	Tübach	32.8205128205
3219	Untereggen	6.3649222065
3231	Au (SG)	52.016985138
3232	Balgach	24.3119266055
3233	Berneck	23.2974910394
3234	Diepoldsau	23.8819320215
3235	Rheineck	55.2036199095
3236	St. Margrethen	36.7346938776
3237	Thal	37.8378378378
3238	Widnau	67.458432304
3251	Altstätten	13.5811836115
3252	Eichberg	10.7861060329
3253	Marbach (SG)	20.045045045
3254	Oberriet (SG)	14.8609501738
3255	Rebstein	30.3240740741
3256	Rüthi (SG)	14.1327623126
3271	Buchs (SG)	26.7711598746
3272	Gams	9.6369341103
3273	Grabs	5.3035844916
3274	Sennwald	10.1229211858
3275	Sevelen	7.7176781003
3276	Wartau	6.8023952096
3291	Bad Ragaz	11.5566037736
3292	Flums	4.0990151717
3293	Mels	2.802730866
3294	Pfäfers	1.0902577681
3295	Quarten	3.7583022841
3296	Sargans	21.4361140444
3297	Vilters-Wangs	5.9920513604
3298	Walenstadt	6.0665790626
3311	Amden	3.162055336
3312	Benken (SG)	10.4204753199
3313	Kaltbrunn	9.1250670961
3315	Schänis	4.7141424273
3316	Weesen	12.4074074074
3338	Schmerikon	30.4455445545
3339	Uznach	26.0526315789
3340	Rapperswil-Jona	31.6381638164
3341	Gommiswald	7.1747543912
3342	Eschenbach (SG)	8.3742945567
3352	Ebnat-Kappel	5.531328896
3359	Wildhaus-Alt St. Johann	3.1678865508
3360	Nesslau	3.1078018776
3372	Hemberg	4.2553191489
3374	Lichtensteig	21.0714285714
3375	Oberhelfenschwil	5.1020408163
3378	Neckertal	5.7142857143
3379	Wattwil	7.848496681
3392	Kirchberg (SG)	10.4112808461
3393	Lütisburg	6.2320916905
3394	Mosnang	3.6978445719
3395	Bütschwil-Ganterschwil	11.1467889908
3401	Degersheim	11.08033241
3402	Flawil	25.500435161
3405	Jonschwil	16.5610859729
3407	Oberuzwil	13.4465675867
3408	Uzwil	28.9764868603
3422	Niederbüren	9.987357775
3423	Niederhelfenschwil	9.269490485
3424	Oberbüren	13.795045045
3426	Zuzwil (SG)	19.9776785714
3427	Wil (SG)	30.0863723608
3441	Andwil (SG)	12
3442	Gaiserwald	19.4006309148
3443	Gossau (SG)	21.8135469774
3444	Waldkirch	10.0735529261
3501	Alvaschein	7.881773399
3502	Mon	1.7626321974
3503	Mutten	1.7154389506
3504	Stierva	1.2333965844
3505	Tiefencastel	3.5016835017
3506	Vaz/Obervaz	7.0336391437
3511	Alvaneu	2.4943946188
3512	Brienz/Brinzauls	2.3916292975
3513	Lantsch/Lenz	3.8955087076
3514	Schmitten (GR)	1.8551236749
3515	Surava	4.3103448276
3521	Bergün/Bravuogn	0.7758857457
3522	Filisur	1.6375056079
3531	Bivio	0.5606258149
3532	Cunter	2.9535864979
3533	Marmorera	1.0005265929
3534	Mulegns	0.5917159763
3536	Riom-Parsonz	1.142041399
3538	Salouf	1.0187838268
3539	Savognin	3.5987404408
3540	Sur	0.6039689387
3541	Tinizong-Rona	0.9208103131
3551	Brusio	2.4648648649
3561	Poschiavo	1.770096884
3571	Castrisch	4.1782729805
3572	Falera	2.6398210291
3574	Ilanz	20.4255319149
3575	Laax	3.9772727273
3576	Ladir	2.3578363384
3577	Luven	4.5180722892
3578	Pitasch	1.2025901943
3579	Riein	0.8849557522
3580	Ruschein	2.3923444976
3581	Sagogn	9.3525179856
3582	Schluein	7.4844074844
3583	Schnaus	3.6912751678
3584	Sevgein	6.0869565217
3593	Duvin	0.5025125628
3598	St. Martin	0.4797208897
3603	Vals	0.5767466247
3611	Andiast	1.4673514307
3612	Obersaxen	2.1127905087
3613	Pigniu	0.3337041157
3614	Rueun	4.6632124352
3615	Siat	1.9287833828
3616	Waltensburg/Vuorz	1.7326732673
3617	Mundaun	4.190919674
3618	Lumnezia	1.4386749683
3631	Almens	2.033492823
3633	Fürstenau	10.7692307692
3634	Paspels	7.0021881838
3635	Pratval	20
3636	Rodels	11.3095238095
3637	Rothenbrunnen	9.3548387097
3638	Scharans	3.7114845938
3640	Sils im Domleschg	8.1545064378
3661	Cazis	6.25
3662	Flerden	4.1254125413
3663	Masein	6.2052505967
3668	Thusis	16.5204678363
3669	Tschappina	1.1755168221
3670	Urmein	6.6666666667
3671	Tomils	2.1618080576
3672	Safiental	1.1887465328
3681	Avers	0.4727116459
3691	Hinterrhein	1.1368334022
3693	Nufenen	1.0331314571
3694	Splügen	1.1564513464
3695	Sufers	0.8391203704
3701	Andeer	2.2864538395
3703	Casti-Wergenstein	0.6643220008
3705	Donat	3.6480686695
3707	Lohn (GR)	1.1056511057
3708	Mathon	0.9914077991
3711	Rongellen	5.8823529412
3712	Zillis-Reischen	2.003270646
3713	Ferrera	0.3845133917
3721	Bonaduz	7.8200692042
3722	Domat/Ems	14.6452145215
3723	Rhäzüns	4.9698795181
3731	Felsberg	5.1530993279
3732	Flims	4.4598612488
3733	Tamins	1.3755833947
3734	Trin	1.9686706181
3741	Ardez	0.78125
3742	Guarda	0.5405405405
3743	Lavin	0.6279774794
3744	Susch	0.5534858968
3745	Tarasp	0.9381663113
3746	Zernez	0.7160021578
3752	Samnaun	1.156995372
3761	Ftan	1.3450834879
3762	Scuol	1.2210351048
3763	Sent	0.7697815968
3764	Valsot	0.9550138226
3781	Bever	1.2048192771
3782	Celerina/Schlarigna	4.7024552643
3783	Madulain	2.629969419
3784	Pontresina	1.5054127199
3785	La Punt-Chamues-ch	1.2970578931
3786	Samedan	1.9217269217
3787	St. Moritz	8.9895470383
3788	S-chanf	0.7173393232
3789	Sils im Engadin/Segl	1.2118350645
3790	Silvaplana	2.1471706553
3791	Zuoz	1.9350906598
3792	Bregaglia	0.8672474838
3801	Arvigo	2.4089306698
3803	Braggio	0.726744186
3804	Buseno	1.8683274021
3805	Castaneda	4.5685279188
3806	Cauco	1.8348623853
3808	Rossa	0.5599864246
3810	Santa Maria in Calanca	1.5021459227
3811	Selma	3.125
3821	Lostallo	2.2981732469
3822	Mesocco	1.3534838553
3823	Soazza	1.1429803752
3831	Cama	3.1208499336
3832	Grono	4.5178691841
3833	Leggia	2.2950819672
3834	Roveredo (GR)	3.661681279
3835	San Vittore	3.8601271571
3836	Verdabbio	1.3729977117
3847	Val Müstair	1.0270351911
3851	Davos	2.2537591999
3861	Fideris	3.1200631912
3862	Furna	1.1127819549
3863	Jenaz	2.9672447013
3871	Klosters-Serneus	1.4392213709
3881	Conters im Prättigau	0.9787928222
3882	Küblis	4.5510455105
3883	Saas	2.5794392523
3891	Luzein	3.3196332596
3893	St. Antönien	1.0532363079
3901	Chur	26.454837558
3911	Churwalden	3.7052284891
3921	Arosa	2.1198216248
3926	Maladers	4.2049934297
3932	Tschiertschen-Praden	1.3309352518
3941	Haldenstein	1.9946091644
3945	Trimmis	3.6838423875
3946	Untervaz	5.9631369714
3947	Zizers	14.5072992701
3951	Fläsch	2.5062656642
3952	Jenins	4.0952380952
3953	Maienfeld	5.7769539697
3954	Malans	7.0298769772
3955	Landquart	15.0634249471
3961	Grüsch	2.8881700555
3962	Schiers	2.3967611336
3972	Seewis im Prättigau	1.875
3981	Breil/Brigels	2.9116663388
3982	Disentis/Mustér	1.5812012737
3983	Medel (Lucmagn)	0.550660793
3985	Sumvitg	1.1194029851
3986	Tujetsch	1.4112903226
3987	Trun	1.966075559
4001	Aarau	49.3106244931
4002	Biberstein	13.2850241546
4003	Buchs (AG)	45.5909943715
4004	Densbüren	4.7656870532
4005	Erlinsbach (AG)	12.5888324873
4006	Gränichen	13.6653155761
4007	Hirschthal	16.1473087819
4008	Küttigen	15.9798149706
4009	Muhen	17.0454545455
4010	Oberentfelden	32.8710124827
4012	Suhr	26.6729500471
4013	Unterentfelden	43.006993007
4021	Baden	33.6874051593
4022	Bellikon	10.1214574899
4023	Bergdietikon	17.4418604651
4024	Birmenstorf (AG)	15.3548387097
4026	Ennetbaden	36.6197183099
4027	Fislisbach	25.3411306043
4028	Freienwil	9.4527363184
4029	Gebenstorf	27.5438596491
4030	Killwangen	24.1666666667
4031	Künten	12.9098360656
4032	Mägenwil	30.3724928367
4033	Mellingen	29.5218295218
4034	Neuenhof	27.3567467652
4035	Niederrohrdorf	26.8656716418
4037	Oberrohrdorf	21.8097447796
4038	Obersiggenthal	20.6690561529
4039	Remetschwil	19.3798449612
4040	Spreitenbach	37.8910776362
4041	Stetten (AG)	18.018018018
4042	Turgi	44.6666666667
4044	Untersiggenthal	22.4242424242
4045	Wettingen	39.4167450611
4046	Wohlenschwil	16.4785553047
4047	Würenlingen	20.7667731629
4048	Würenlos	22.5555555556
4049	Ehrendingen	15.4057771664
4061	Arni (AG)	16.8115942029
4062	Berikon	22.1189591078
4063	Bremgarten (AG)	27.9799247177
4064	Büttikon	10.9929078014
4065	Dottikon	29.6391752577
4066	Eggenwil	13.4387351779
4067	Fischbach-Göslikon	19.0322580645
4068	Hägglingen	10.1935483871
4069	Hermetschwil-Staffeln	11.377245509
4071	Jonen	11.9298245614
4072	Niederwil (AG)	15.1315789474
4073	Oberlunkhofen	17.6829268293
4074	Oberwil-Lieli	18.8081936685
4075	Rudolfstetten-Friedlisberg	22.2448979592
4076	Sarmenstorf	11.9565217391
4077	Tägerig	17.0731707317
4078	Uezwil	6.1224489796
4079	Unterlunkhofen	9.7995545657
4080	Villmergen	22.0183486239
4081	Widen	40.5405405405
4082	Wohlen (AG)	33.6816720257
4083	Zufikon	24.375
4084	Islisberg	9.696969697
4091	Auenstein	20.8041958042
4092	Birr	29.9603174603
4093	Birrhard	12.292358804
4094	Bözen	11.2244897959
4095	Brugg	50.9463722397
4096	Effingen	8.442503639
4097	Elfingen	3.8004750594
4099	Habsburg	8.9686098655
4100	Hausen (AG)	29.8742138365
4104	Lupfig	26.8482490272
4105	Mandach	6.2836624776
4106	Mönthal	8.6513994911
4107	Mülligen	28.253968254
4109	Oberflachs	8.7976539589
4110	Remigen	7.0796460177
4111	Riniken	12.4210526316
4112	Rüfenach	11.4832535885
4113	Scherz	11.7117117117
4114	Schinznach-Bad	45.5026455026
4115	Schinznach-Dorf	13.476783692
4117	Thalheim (AG)	5.7926829268
4120	Veltheim (AG)	15.5769230769
4121	Villigen	13.4821428571
4122	Villnachern	12.676056338
4123	Windisch	45.325203252
4124	Bözberg	6.8766066838
4131	Beinwil am See	31.6883116883
4132	Birrwil	13.0813953488
4133	Burg (AG)	33.6956521739
4134	Dürrenäsch	12.8813559322
4135	Gontenschwil	13.5107471853
4136	Holziken	15.6794425087
4137	Leimbach (AG)	16.0714285714
4138	Leutwil	10.9042553191
4139	Menziken	29.1277258567
4140	Oberkulm	11.6896918172
4141	Reinach (AG)	28.2266526758
4142	Schlossrued	7.8512396694
4143	Schmiedrued	7.7997671711
4144	Schöftland	24.0322580645
4145	Teufenthal (AG)	17.1830985915
4146	Unterkulm	14.1255605381
4147	Zetzwil	10.0519930676
4161	Eiken	23.2524964337
4163	Frick	24.1482965932
4164	Gansingen	7.7625570776
4165	Gipf-Oberfrick	10.0980392157
4166	Herznach	11.52
4167	Hornussen	11.2021857923
4169	Kaisten	10.0608070757
4170	Laufenburg	12.5172890733
4172	Münchwilen (AG)	28.2258064516
4173	Oberhof	5.8823529412
4175	Oeschgen	14.0589569161
4176	Schwaderloch	11.4695340502
4177	Sisseln	34.3629343629
4179	Ueken	9.2337917485
4181	Wittnau	6.6666666667
4182	Wölflinswil	6.4278187566
4183	Zeihen	8.5383502171
4184	Mettauertal	7.4537037037
4191	Ammerswil	9.0625
4192	Boniswil	20.4255319149
4193	Brunegg	30.4635761589
4194	Dintikon	18.8172043011
4195	Egliswil	8.214849921
4196	Fahrwangen	17.4242424242
4197	Hallwil	19.2825112108
4198	Hendschiken	17.6638176638
4199	Holderbank (AG)	30.6034482759
4200	Hunzenschwil	41.1042944785
4201	Lenzburg	28.1938325991
4202	Meisterschwanden	23.7209302326
4203	Möriken-Wildegg	25.1515151515
4204	Niederlenz	43.5975609756
4205	Othmarsingen	24.3644067797
4206	Rupperswil	29.1056910569
4207	Schafisheim	20.7547169811
4208	Seengen	13.8253638254
4209	Seon	19.6280991736
4210	Staufen	27.0655270655
4221	Abtwil	8.1927710843
4222	Aristau	9.1848450057
4223	Auw	9.4736842105
4224	Beinwil (Freiamt)	6.6254416961
4226	Besenbüren	12.3404255319
4227	Bettwil	9.6244131455
4228	Boswil	10.8936170213
4229	Bünzen	10.0519930676
4230	Buttwil	12.4168514412
4231	Dietwil	8.8768115942
4232	Geltwil	4.833836858
4233	Kallern	9.2936802974
4234	Merenschwand	11.2177121771
4235	Mühlau	10.889292196
4236	Muri (AG)	20.243902439
4237	Oberrüti	9.9437148218
4238	Rottenschwil	7.399103139
4239	Sins	9.6343873518
4240	Waltenschwil	22.4890829694
4251	Hellikon	6.524822695
4252	Kaiseraugst	40.8536585366
4253	Magden	10.9700815956
4254	Möhlin	18.4615384615
4255	Mumpf	22.1153846154
4256	Obermumpf	9.126984127
4257	Olsberg	5.4229934924
4258	Rheinfelden	22.5826575172
4259	Schupfart	6.9900142653
4260	Stein (AG)	39.1459074733
4261	Wallbach	18.0803571429
4262	Wegenstetten	8.3098591549
4263	Zeiningen	11.8733509235
4264	Zuzgen	5.4086538462
4271	Aarburg	45.7013574661
4272	Attelwil	13.1818181818
4273	Bottenwil	8.8235294118
4274	Brittnau	11.8421052632
4275	Kirchleerau	8.4862385321
4276	Kölliken	23.0769230769
4277	Moosleerau	11.9480519481
4279	Murgenthal	8.1095596133
4280	Oftringen	30.6138306138
4281	Reitnau	11.7443868739
4282	Rothrist	30.7561597281
4283	Safenwil	26.6998341625
4284	Staffelbach	7.0391061453
4285	Strengelbach	22.9235880399
4286	Uerkheim	11.1581920904
4287	Vordemwald	7.1921182266
4288	Wiliberg	11.6666666667
4289	Zofingen	33.15266486
4301	Baldingen	11.3879003559
4302	Böbikon	7.2796934866
4303	Böttstein	20.6711409396
4304	Döttingen	26.0431654676
4305	Endingen	9.1232227488
4306	Fisibach	8.4922010399
4307	Full-Reuenthal	13.5802469136
4308	Kaiserstuhl	45.1612903226
4309	Klingnau	19.1964285714
4310	Koblenz	19.7044334975
4311	Leibstadt	18.52433281
4312	Lengnau (AG)	9.6518987342
4313	Leuggern	9.1041514931
4314	Mellikon	17.843866171
4315	Rekingen (AG)	25.3205128205
4316	Rietheim	8.3969465649
4317	Rümikon	8.5324232082
4318	Schneisingen	9.2995169082
4319	Siglistorf	5.9674502712
4320	Tegerfelden	10.0566572238
4321	Unterendingen	8.115942029
4322	Wislikofen	10.7238605898
4323	Bad Zurzach	27.8713629403
4401	Arbon	62.2259696459
4406	Dozwil	21.3740458015
4411	Egnach	14.6803900325
4416	Hefenhofen	13.3550488599
4421	Horn	53.4482758621
4426	Kesswil	16.5158371041
4431	Roggwil (TG)	14.3576826196
4436	Romanshorn	36.091954023
4441	Salmsach	20.1520912548
4446	Sommeri	6.9879518072
4451	Uttwil	19.2219679634
4461	Amriswil	20.5155181483
4471	Bischofszell	18.4931506849
4476	Erlen	15.2902698283
4486	Hauptwil-Gottshaus	8.0064051241
4495	Hohentannen	9.0112640801
4501	Kradolf-Schönenberg	14.0767824497
4506	Sulgen	19.2307692308
4511	Zihlschlacht-Sitterdorf	11.5668580804
4536	Basadingen-Schlattingen	8.2322910019
4545	Diessenhofen	17.1314741036
4546	Schlatt (TG)	9.3083387201
4551	Aadorf	18.1909547739
4561	Felben-Wellhausen	15.5313351499
4566	Frauenfeld	30.1900584795
4571	Gachnang	17.6350662589
4590	Hüttlingen	6.0396893874
4591	Matzingen	15.3047989624
4601	Neunforn	6.7781690141
4606	Stettfurt	9.1917591125
4611	Thundorf	6.3299232737
4616	Uesslingen-Buch	6.9285714286
4621	Warth-Weiningen	13.2281553398
4641	Altnau	15.9701492537
4643	Bottighofen	30.4166666667
4646	Ermatingen	14.2994241843
4651	Gottlieben	38.8888888889
4656	Güttingen	11.2631578947
4666	Kemmental	7.744510978
4671	Kreuzlingen	48.0836236934
4681	Langrickenbach	9.383624655
4683	Lengwil	12.443438914
4691	Münsterlingen	26.2962962963
4696	Tägerwilen	18.1975736568
4701	Wäldi	13.6661211129
4711	Affeltrangen	11.1420612813
4716	Bettwiesen	14.2857142857
4721	Bichelsee-Balterswil	9.9588477366
4723	Braunau	5.1142546246
4724	Eschlikon	21.7886178862
4726	Fischingen	6.2866449511
4741	Lommis	9.5017381228
4746	Münchwilen (TG)	25.4172015404
4751	Rickenbach (TG)	40.3846153846
4756	Schönholzerswilen	7.5022872827
4761	Sirnach	22.1061093248
4776	Tobel-Tägerschen	13.2581100141
4781	Wängi	14.3465045593
4786	Wilen (TG)	23.3480176211
4791	Wuppenau	7.5020610058
4801	Berlingen	13.5211267606
4806	Eschenz	10.4079933389
4811	Herdern	5.559619605
4816	Homburg	6.0970551638
4821	Hüttwilen	7.1832579186
4826	Mammern	12.5230202578
4831	Müllheim	17.2374429224
4841	Pfyn	9.0563165906
4846	Raperswilen	5.3455019557
4851	Salenstein	13.8461538462
4864	Steckborn	18.1299885975
4871	Wagenhausen	11.3367174281
4881	Amlikon-Bissegg	8.5121107266
4891	Berg (TG)	12.2619954303
4901	Birwinken	7.9674796748
4911	Bürglen (TG)	17.4807197943
4921	Bussnang	9.167544784
4941	Märstetten	13.7826961771
4946	Weinfelden	27.1557271557
4951	Wigoltingen	11.5697674419
5001	Arbedo-Castione	9.8122065728
5002	Bellinzona	26.7155578837
5003	Cadenazzo	17.2985781991
5004	Camorino	16.3240628779
5005	Giubiasco	40.9309791332
5006	Gnosca	6.9798657718
5007	Gorduno	6.8329718004
5008	Gudo	4.6511627907
5009	Isone	3.4910783553
5010	Lumino	6.3808574277
5012	Moleno	4.048582996
5013	Monte Carasso	8.2901554404
5014	Pianezzo	5.1058530511
5015	Preonzo	3.7082066869
5017	Sant'Antonino	19.3893129771
5018	Sant'Antonio	1.0429082241
5019	Sementina	11.9760479042
5048	Acquarossa	3.5372383579
5049	Blenio	1.2857919984
5050	Serravalle	1.7647058824
5061	Airolo	2.8148148148
5063	Bedretto	0.9974730682
5064	Bodio	13.8582677165
5071	Dalpe	2.0689655172
5072	Faido	3.2899952434
5073	Giornico	7.7515400411
5076	Personico	1.5364916773
5077	Pollegio	15.5405405405
5078	Prato (Leventina)	3.4421364985
5079	Quinto	2.7389974737
5081	Sobrio	3.4428794992
5091	Ascona	60.6425702811
5095	Brione (Verzasca)	0.8041237113
5096	Brione sopra Minusio	8.6842105263
5097	Brissago	7.5323215289
5099	Cavigliano	8.0586080586
5102	Corippo	0.2590673575
5105	Frasco	0.854368932
5108	Gordola	21.1126961484
5109	Gresso	0.6300630063
5112	Lavertezzo	0.9810671256
5113	Locarno	26.3293753227
5115	Losone	25.4736842105
5117	Mergoscia	2.304526749
5118	Minusio	33.9011925043
5119	Mosogno	0.8120649652
5120	Muralto	93.5483870968
5121	Orselina	27.5510204082
5125	Ronco sopra Ascona	14
5129	Sonogno	0.4791056694
5130	Tegna	14.5833333333
5131	Tenero-Contra	39.837398374
5132	Vergeletto	0.7374631268
5133	Verscio	12.4590163934
5135	Vogorno	1.4644351464
5136	Onsernone	1.40562249
5137	Isorno	1.4654161782
5138	Cugnasco-Gerra	3.9698071009
5141	Agno	55.0200803213
5143	Aranno	8.0882352941
5144	Arogno	6.5497076023
5146	Astano	8.8772845953
5148	Bedano	29.6875
5149	Bedigliora	16.5991902834
5151	Bioggio	26.3482280431
5154	Bissone	19.1256830601
5155	Bogno	2.8436018957
5160	Brusino Arsizio	9.3137254902
5161	Cademario	10.9974424552
5162	Cadempino	69.7368421053
5163	Cadro	20
5167	Canobbio	55.3846153846
5170	Carona	12.9979035639
5171	Caslano	49.4661921708
5173	Certara	2.5641025641
5174	Cimadera	1.9083969466
5176	Comano	34.4827586207
5178	Croglio	16.47597254
5180	Cureglia	50.9259259259
5181	Curio	9.4736842105
5186	Grancia	55.5555555556
5187	Gravesano	59.375
5189	Lamone	41.3043478261
5192	Lugano	34.4333748443
5193	Magliaso	70.9090909091
5194	Manno	40
5195	Maroggia	31.9587628866
5196	Massagno	98.6486486486
5197	Melano	16.3481953291
5198	Melide	33.5365853659
5199	Mezzovico-Vira	10.05859375
5200	Miglieglia	3.3268101761
5202	Monteggio	23.8095238095
5203	Morcote	16.0142348754
5205	Muzzano	47.4358974359
5206	Neggio	21.5909090909
5207	Novaggio	10.5747126437
5208	Origlio	27.9620853081
5210	Paradiso	63.2183908046
5212	Ponte Capriasca	8.8282504013
5213	Ponte Tresa	51.2195121951
5214	Porza	45.9119496855
5216	Pura	17.4757281553
5219	Rovio	6.8716094033
5221	Savosa	72.972972973
5222	Sessa	13.3802816901
5224	Sonvico	7.123534716
5225	Sorengo	60.9195402299
5226	Capriasca	7.1428571429
5227	Torricella-Taverne	20.0764818356
5229	Valcolla	3.9787798408
5230	Vernate	18.5430463576
5231	Vezia	60.1449275362
5233	Vico Morcote	15.9574468085
5236	Collina d'Oro	38.5620915033
5237	Alto Malcantone	3.4655722754
5238	Monteceneri	8.9851150203
5242	Balerna	81.8532818533
5243	Besazio	25.2873563218
5249	Castel San Pietro	9.0677966102
5250	Chiasso	36.4150943396
5251	Coldrerio	43.1451612903
5253	Ligornetto	36.9458128079
5254	Mendrisio	26.1474269819
5255	Meride	1.8741633199
5257	Morbio Inferiore	57.1428571429
5260	Novazzano	27.6595744681
5263	Riva San Vitale	16.1888701518
5266	Stabio	35.3322528363
5268	Vacallo	52.4691358025
5269	Breggia	4.0704500978
5281	Biasca	5.548037889
5282	Claro	6.7924528302
5283	Cresciano	3.3662217063
5284	Iragna	3.9258451472
5285	Lodrino	4.1732532406
5286	Osogna	4.3753294676
5304	Bosco/Gurin	0.634057971
5307	Campo (Vallemaggia)	0.8075680665
5309	Cerentino	1.3426156141
5310	Cevio	0.9516256939
5315	Linescio	1.5174506829
5317	Maggia	2.1150211502
5323	Lavizzara	0.7572929444
5324	Avegno Gordevio	3.6942209217
5397	Centovalli	2.4698560871
5398	Gambarogno	8.407421724
5401	Aigle	25.5009107468
5402	Bex	4.6376811594
5403	Chessel	10.985915493
5404	Corbeyrier	2.2727272727
5405	Gryon	11.2204724409
5406	Lavey-Morcles	5.1626591231
5407	Leysin	7.7172153265
5408	Noville	8.5188770571
5409	Ollon	10.5882352941
5410	Ormont-Dessous	3.2021243361
5411	Ormont-Dessus	3.5835900762
5412	Rennaz	30.7692307692
5413	Roche (VD)	17.1606864275
5414	Villeneuve (VD)	8.1854964208
5415	Yvorne	9.6642096642
5421	Apples	6.3222821897
5422	Aubonne	17.8533475027
5423	Ballens	5.6603773585
5424	Berolle	2.6068821689
5425	Bière	6.7280736884
5426	Bougy-Villars	38.7640449438
5427	Féchy	22.8782287823
5428	Gimel	5.702217529
5429	Longirod	3.1712473573
5430	Marchissy	2.9313232831
5431	Mollens (VD)	2.2624434389
5432	Montherod	7.2727272727
5434	Saint-George	5.7583130576
5435	Saint-Livres	6.5432098765
5436	Saint-Oyens	4.9342105263
5437	Saubraz	7.027027027
5451	Avenches	18.4251158003
5456	Cudrefin	8.0075662043
5458	Faoug	19.5965417867
5464	Vully-les-Lacs	11.7313150426
5471	Bettens	12.2666666667
5472	Bournens	7.4742268041
5473	Boussens	9.1194968553
5474	La Chaux (Cossonay)	6.1855670103
5475	Chavannes-le-Veyron	6.015037594
5476	Chevilly	5.5555555556
5477	Cossonay	14.0776699029
5478	Cottens (VD)	11.25
5479	Cuarnens	4.6544428773
5480	Daillens	14.3897996357
5481	Dizy	7.4193548387
5482	Eclépens	19.9312714777
5483	Ferreyres	5.9561128527
5484	Gollion	8.2417582418
5485	Grancy	4.7703180212
5486	L'Isle	5.3505535055
5487	Lussery-Villars	6.7024128686
5488	Mauraz	8.5106382979
5489	Mex (VD)	16.6666666667
5490	Moiry	3.1484257871
5491	Mont-la-Ville	2.9352226721
5492	Montricher	3.0443159923
5493	Orny	6.8965517241
5494	Pampigny	5.049594229
5495	Penthalaz	25.4545454545
5496	Penthaz	17.3575129534
5497	Pompaples	9.4594594595
5498	La Sarraz	11.8863049096
5499	Senarclens	7.1246819338
5500	Sévery	5.8333333333
5501	Sullens	16.2436548223
5503	Vufflens-la-Ville	13.5687732342
5511	Assens	9.0395480226
5512	Bercher	16.2735849057
5513	Bioley-Orjulaz	10.6451612903
5514	Bottens	7.6368876081
5515	Bretigny-sur-Morrens	10.8771929825
5516	Cugy (VD)	26.5517241379
5518	Echallens	22.1889055472
5520	Essertines-sur-Yverdon	5.9670781893
5521	Etagnières	10.3448275862
5522	Fey	5.6756756757
5523	Froideville	10.3253182461
5527	Morrens (VD)	15.1351351351
5529	Oulens-sous-Echallens	10.9028960818
5530	Pailly	6.6086956522
5531	Penthéréaz	5.4481546573
5533	Poliez-Pittet	9.381237525
5534	Rueyres	11.1111111111
5535	Saint-Barthélemy (VD)	7.2463768116
5537	Villars-le-Terroir	8.8483146067
5539	Vuarrens	5.4565701559
5540	Montilliez	7.1972904318
5541	Goumoëns	7.1094480823
5551	Bonvillars	6.4171122995
5552	Bullet	5.2787663108
5553	Champagne	9.9236641221
5554	Concise	8.7950747581
5555	Corcelles-près-Concise	12.4694376528
5556	Fiez	2.9282576867
5557	Fontaines-sur-Grandson	2.398989899
5559	Giez	5.6722689076
5560	Grandevent	3.1884057971
5561	Grandson	23.9240506329
5562	Mauborget	4.1591320072
5563	Mutrux	3.4161490683
5564	Novalles	4.3689320388
5565	Onnens (VD)	9.3567251462
5566	Provence	2.1971123666
5568	Sainte-Croix	6.970236581
5571	Tévenon	3.0898876404
5581	Belmont-sur-Lausanne	33.8461538462
5582	Cheseaux-sur-Lausanne	24.0700218818
5583	Crissier	48.1884057971
5584	Epalinges	56.0606060606
5585	Jouxtens-Mézery	47.9166666667
5586	Lausanne	44.6406968304
5587	Le Mont-sur-Lausanne	30.2564102564
5588	Paudex	80
5589	Prilly	82.5688073394
5590	Pully	55.4991539763
5591	Renens (VD)	94.2372881356
5592	Romanel-sur-Lausanne	37.3287671233
5601	Chexbres	32.4074074074
5604	Forel (Lavaux)	7.8420767983
5606	Lutry	35.8579881657
5607	Puidoux	10.4895104895
5609	Rivaz	23.3333333333
5610	Saint-Saphorin (Lavaux)	31.0344827586
5611	Savigny	12.204234122
5613	Bourg-en-Lavaux	24.3523316062
5621	Aclens	16.9230769231
5622	Bremblens	11.8644067797
5623	Buchillon	25.5813953488
5624	Bussigny-près-Lausanne	48.5355648536
5625	Bussy-Chardonney	10.4918032787
5627	Chavannes-près-Renens	65.0602409639
5628	Chigny	17.2413793103
5629	Clarmont	7.9207920792
5631	Denens	11.5501519757
5632	Denges	44.6428571429
5633	Echandens	29.0488431877
5634	Echichens	10.015060241
5635	Ecublens (VD)	59.7539543058
5636	Etoy	26.3157894737
5637	Lavigny	12.5944584383
5638	Lonay	32.5203252033
5639	Lully (VD)	20.7920792079
5640	Lussy-sur-Morges	11.8644067797
5642	Morges	73.3160621762
5643	Préverenges	60.8695652174
5644	Reverolle	15.7894736842
5645	Romanel-sur-Morges	16.5680473373
5646	Saint-Prex	38.5454545455
5648	Saint-Sulpice (VD)	77.4725274725
5649	Tolochenaz	57.2327044025
5650	Vaux-sur-Morges	10.6280193237
5651	Villars-Sainte-Croix	37.3493975904
5652	Villars-sous-Yens	6.600660066
5653	Vufflens-le-Château	18.4331797235
5654	Vullierens	6.4233576642
5655	Yens	7.3221757322
5661	Boulens	4.9707602339
5662	Brenles	3.937007874
5663	Bussy-sur-Moudon	7.4433656958
5665	Chavannes-sur-Moudon	5.2427184466
5666	Chesalles-sur-Moudon	10.2409638554
5668	Cremin	6.6666666667
5669	Curtilles	6.2248995984
5671	Dompierre (VD)	5.5900621118
5672	Forel-sur-Lucens	5.6140350877
5673	Hermenches	6.2893081761
5674	Lovatens	3.7572254335
5675	Lucens	18.0076628352
5678	Moudon	16.4863144494
5680	Ogens	7.9646017699
5683	Prévonloup	7.6923076923
5684	Rossenges	4.6728971963
5686	Sarzens	8.9655172414
5688	Syens	11.1553784861
5690	Villars-le-Comte	4.5346062053
5692	Vucherens	12.2324159021
5693	Montanaire	5.4295942721
5701	Arnex-sur-Nyon	8.5714285714
5702	Arzier	3.1051108968
5703	Bassins	3.3540967897
5704	Begnins	13.987473904
5705	Bogis-Bossey	13.0612244898
5706	Borex	21.0256410256
5707	Chavannes-de-Bogis	24.0418118467
5708	Chavannes-des-Bois	11.5207373272
5709	Chéserex	12.6893939394
5710	Coinsins	13.6054421769
5711	Commugny	18.6440677966
5712	Coppet	62.5668449198
5713	Crans-près-Céligny	27.1662763466
5714	Crassier	21.0784313725
5715	Duillier	16.2162162162
5716	Eysins	20.5128205128
5717	Founex	32.285115304
5718	Genolier	18.6858316222
5719	Gingins	6.279809221
5720	Givrins	13.6708860759
5721	Gland	39.7849462366
5722	Grens	9.3385214008
5723	Mies	33.8108882521
5724	Nyon	53.4985422741
5725	Prangins	31.3432835821
5726	La Rippe	3.6144578313
5727	Saint-Cergue	5.8096415328
5728	Signy-Avenex	21.875
5729	Tannay	39.226519337
5730	Trélex	14.7008547009
5731	Le Vaud	19.5512820513
5732	Vich	28.2051282051
5741	L'Abergement	5.6701030928
5742	Agiez	4.3875685558
5743	Arnex-sur-Orbe	6.4220183486
5744	Ballaigues	10.0552486188
5745	Baulmes	4.0354767184
5746	Bavois	7.6344086022
5747	Bofflens	5.7007125891
5748	Bretonnières	9.1240875912
5749	Chavornay	14.8148148148
5750	Les Clées	5.3748231966
5751	Corcelles-sur-Chavornay	4.5787545788
5752	Croy	6.0267857143
5754	Juriens	3.0010718114
5755	Lignerolle	4.6992481203
5756	Montcherand	13.9072847682
5757	Orbe	19.6666666667
5758	La Praz	3.3203125
5759	Premier	2.9801324503
5760	Rances	4.9796747967
5761	Romainmôtier-Envy	5.8823529412
5762	Sergey	14.2857142857
5763	Valeyres-sous-Rances	6.8857589984
5764	Vallorbe	9.3574816731
5765	Vaulion	3.1770045386
5766	Vuiteboeuf	8.6274509804
5782	Carrouge (VD)	9.426987061
5785	Corcelles-le-Jorat	5.786163522
5788	Essertes	9.0361445783
5789	Ferlens (VD)	7.4074074074
5790	Maracon	6.1224489796
5791	Mézières (VD)	16
5792	Montpreveyres	9.2457420925
5798	Ropraz	8.9770354906
5799	Servion	16.3751987281
5803	Vulliens	5.3731343284
5804	Jorat-Menthue	6.2889518414
5805	Oron	10.5691056911
5812	Champtauroz	4.9504950495
5813	Chevroux	9.4252873563
5816	Corcelles-près-Payerne	10.8731466227
5817	Grandcour	6.7448680352
5819	Henniez	15.3846153846
5821	Missy	9.8360655738
5822	Payerne	23.4007428807
5827	Trey	9.4986807388
5828	Treytorrens (Payerne)	4.8387096774
5830	Villarzel	5.7291666667
5831	Valbroye	7.2537313433
5841	Château-d'Oex	2.8958718423
5842	Rossinière	2.6969178082
5843	Rougemont	2.6982492276
5851	Allaman	21.9607843137
5852	Bursinel	16.1111111111
5853	Bursins	13.4897360704
5854	Burtigny	6.0070671378
5855	Dully	29.8136645963
5856	Essertines-sur-Rolle	7.5714285714
5857	Gilly	9.702457956
5858	Luins	13.4831460674
5859	Mont-sur-Rolle	26.6149870801
5860	Perroy	31.1188811189
5861	Rolle	63.9705882353
5862	Tartegnin	6.4814814815
5863	Vinzel	12.962962963
5871	L'Abbaye	3.6665622062
5872	Le Chenit	3.0834340992
5873	Le Lieu	3.3210332103
5881	Blonay	18.0798004988
5882	Chardonne	15.4518950437
5883	Corseaux	78.3018867925
5884	Corsier-sur-Vevey	19.2878338279
5885	Jongny	28.7037037037
5886	Montreux	19.0490430622
5888	Saint-Légier-La Chiésaz	19.2257217848
5889	La Tour-de-Peilz	65.9509202454
5890	Vevey	90.6382978723
5891	Veytaux	5.3571428571
5902	Belmont-sur-Yverdon	5.6835637481
5903	Bioley-Magnoux	6.7599067599
5904	Chamblon	24.7386759582
5905	Champvent	5.5493895671
5907	Chavannes-le-Chêne	5.75
5908	Chêne-Pâquier	5.2884615385
5909	Cheseaux-Noréaz	10.3789126853
5910	Cronay	5.7663125948
5911	Cuarny	6.9565217391
5912	Démoret	4.6728971963
5913	Donneloye	6.7039106145
5914	Ependes (VD)	9.3167701863
5915	Essert-Pittet	11.231884058
5919	Mathod	5.5975794251
5921	Molondin	4.3557168784
5922	Montagny-près-Yverdon	22.5714285714
5923	Oppens	6.0606060606
5924	Orges	5.9701492537
5925	Orzens	4.7619047619
5926	Pomy	6.0822898032
5928	Rovray	6.5830721003
5929	Suchy	3.4431137725
5930	Suscévaz	3.8647342995
5931	Treycovagnes	13.6585365854
5932	Ursins	3.5294117647
5933	Valeyres-sous-Montagny	16.1572052402
5934	Valeyres-sous-Ursins	3.8732394366
5935	Villars-Epeney	5.7471264368
5937	Vugelles-La Mothe	4.1935483871
5938	Yverdon-les-Bains	50.405904059
5939	Yvonand	12.9491017964
6002	Brig-Glis	11.5789473684
6004	Eggerberg	6.0100166945
6007	Naters	1.8005163745
6008	Ried-Brig	2.6936026936
6009	Simplon	1.0669893301
6010	Termen	3.3013844515
6011	Zwischbergen	0.3714882749
6021	Ardon	6.529209622
6022	Chamoson	7.0679012346
6023	Conthey	5.0417205312
6024	Nendaz	4.969160945
6025	Vétroz	18.3830606352
6031	Bagnes	2.1048155629
6032	Bourg-Saint-Pierre	0.7986688852
6033	Liddes	1.3300083126
6034	Orsières	1.7874454678
6035	Sembrancher	4.3035107588
6036	Vollèges	7.3061907418
6052	Bellwald	5.2478134111
6054	Binn	0.430504305
6055	Blitzingen	1.4394580864
6056	Ernen	1.6115351993
6057	Fiesch	6.6548358474
6058	Fieschertal	0.1445420907
6061	Lax	5.4108216433
6064	Niederwald	1.9230769231
6073	Grafschaft	1.2389380531
6074	Münster-Geschinen	1.2960296235
6075	Reckingen-Gluringen	1.4299563742
6076	Obergoms	1.2191991786
6081	Les Agettes	10.8481262327
6082	Ayent	4.632994186
6083	Evolène	0.8762322015
6084	Hérémence	1.6919215395
6087	Saint-Martin (VS)	2.5432900433
6089	Vex	13.1639722864
6090	Mont-Noble	3.4675354899
6101	Agarn	4.4444444444
6102	Albinen	3.3483580167
6104	Ergisch	0.9644163618
6109	Inden	2.7300303337
6110	Leuk	6.1855670103
6111	Leukerbad	1.3539651838
6112	Oberems	0.6767515924
6113	Salgesch	9.6830985915
6116	Varen	3.9968652038
6117	Guttet-Feschel	3.5238095238
6118	Gampel-Bratsch	4.1107745565
6119	Turtmann-Unterems	3.1198298275
6131	Bovernier	3.9504260263
6132	Charrat	13.8157894737
6133	Fully	6.5803382664
6134	Isérables	3.4685863874
6135	Leytron	6.2407132244
6136	Martigny	24.9397590361
6137	Martigny-Combe	3.5818519501
6139	Riddes	10.330405688
6140	Saillon	8.1871345029
6141	Saxon	10.8480413259
6142	Trient	0.885179565
6151	Champéry	3.9794608472
6152	Collombey-Muraz	12.4790338812
6153	Monthey	19.1392582225
6154	Port-Valais	11.8715083799
6155	Saint-Gingolph	4.5929018789
6156	Troistorrents	7.3612990528
6157	Val-d'Illiez	4.127388535
6158	Vionnaz	7.0644391408
6159	Vouvry	5.8841099164
6171	Betten	1.3662239089
6172	Bister	1.2006861063
6173	Bitsch	11.5479115479
6177	Grengiols	0.905982906
6178	Martisberg	1.6611295681
6181	Riederalp	3.9523809524
6191	Ausserberg	2.955003358
6192	Blatten	0.4191484668
6193	Bürchen	5.2985074627
6194	Eischoll	2.4727272727
6195	Ferden	0.7885304659
6197	Kippel	1.7137960583
6198	Niedergesteln	3.8373424971
6199	Raron	6.7085261071
6201	Unterbäch	1.8627896411
6202	Wiler (Lötschen)	2.5187202178
6203	Mörel-Filet	6.1757719715
6204	Steg-Hohtenn	11.9634060521
6211	Collonges	4.4117647059
6212	Dorénaz	4.625199362
6213	Evionnaz	2.1875
6214	Finhaut	2.6327336551
6215	Massongex	15.1745068285
6217	Saint-Maurice	16.5886287625
6218	Salvan	1.8709073901
6219	Vernayaz	18.5840707965
6220	Vérossaz	2.7234636872
6232	Chalais	8.4662576687
6234	Chermignon	28.7313432836
6235	Chippis	24
6238	Grône	7.7725118483
6239	Icogne	2.4419535629
6240	Lens	19.7833935018
6241	Miège	16.9291338583
6242	Mollens (VS)	3.0759766226
6243	Montana	28.4552845528
6244	Randogne	12.1806298277
6246	Saint-Léonard	28.7564766839
6248	Sierre	34.3392299688
6249	Venthône	31.1023622047
6250	Veyras	33.1034482759
6252	Anniviers	1.7896079319
6261	Arbaz	5.1348547718
6263	Grimisuat	27.6404494382
6265	Savièse	4.7317279256
6266	Sion	38.3967665881
6267	Veysonnaz	26.1261261261
6281	Baltschieder	1.1150047786
6282	Eisten	0.7900974454
6283	Embd	2.0194465221
6285	Grächen	6.7179846046
6286	Lalden	27.7777777778
6287	Randa	1.0104721661
6288	Saas-Almagell	0.5168661589
6289	Saas-Balen	1.3240648792
6290	Saas-Fee	1.9472516638
6291	Saas-Grund	2.0341741253
6292	St. Niklaus	1.7361111111
6293	Stalden (VS)	5.7251908397
6294	Staldenried	2.7972027972
6295	Täsch	1.0390052802
6296	Törbel	2.5524673851
6297	Visp	22.6343679031
6298	Visperterminen	1.9197207679
6299	Zeneggen	4.6604527297
6300	Zermatt	0.8282853258
6402	Bevaix	18.22386679
6404	Boudry	12.0071684588
6405	Brot-Dessous	7.0564516129
6407	Corcelles-Cormondrèche	26.3374485597
6408	Cortaillod	40.4371584699
6409	Fresens	9.4339622642
6410	Gorgier	8.2975679542
6411	Montalchez	4.2121684867
6412	Peseux	26.9565217391
6413	Rochefort	5.0287356322
6414	Saint-Aubin-Sauges	13.5240572172
6415	Vaumarcus	16.8539325843
6416	Milvignes	38.4790011351
6421	La Chaux-de-Fonds	16.6696604994
6422	Les Planchettes	2.9863481229
6423	La Sagne	3.125
6431	Les Brenets	6.2283737024
6432	La Brévine	2.3117254528
6433	Brot-Plamboz	2.6774595268
6434	Le Cerneux-Péquignot	2.875399361
6435	La Chaux-du-Milieu	2.4855491329
6436	Le Locle	16.0017346054
6437	Les Ponts-de-Martel	4.6575342466
6451	Cornaux	31.1440677966
6452	Cressier (NE)	15.9302325581
6453	Enges	2.2012578616
6454	Hauterive (NE)	29.6296296296
6455	Le Landeron	15.2046783626
6456	Lignières	7.3482428115
6458	Neuchâtel	35.567867036
6459	Saint-Blaise	20.8333333333
6461	La Tène	36.7647058824
6485	Valangin	9.1891891892
6487	Val-de-Ruz	6.3605660984
6504	La Côte-aux-Fées	3.032659409
6511	Les Verrières	3.3009034051
6512	Val-de-Travers	6.0474815528
6601	Aire-la-Ville	20.1388888889
6602	Anières	31.3315926893
6603	Avully	14.6551724138
6604	Avusy	21.7726396917
6605	Bardonnex	23.4592445328
6606	Bellevue	42.8246013667
6607	Bernex	21.2798766384
6608	Carouge (GE)	84.9056603774
6609	Cartigny	11.3378684807
6610	Céligny	15.9574468085
6611	Chancy	10.9869646182
6612	Chêne-Bougeries	83.0917874396
6613	Chêne-Bourg	88.188976378
6614	Choulex	15.1282051282
6615	Collex-Bossy	10.2040816327
6616	Collonge-Bellerive	58.4013050571
6617	Cologny	78.0487804878
6618	Confignon	43.2727272727
6619	Corsier (GE)	33.4532374101
6620	Dardagny	9.4295692666
6621	Genève	92.1284634761
6622	Genthod	54.8042704626
6623	Le Grand-Saconnex	83.7528604119
6624	Gy	8.0996884735
6625	Hermance	28.7671232877
6626	Jussy	8.1057268722
6627	Laconnex	10.4438642298
6628	Lancy	88.0165289256
6629	Meinier	14.7776183644
6630	Meyrin	59.113796576
6631	Onex	77.3851590106
6632	Perly-Certoux	26.6666666667
6633	Plan-les-Ouates	51.4629948365
6634	Pregny-Chambésy	70.4615384615
6635	Presinge	12.9237288136
6636	Puplinge	20.8333333333
6637	Russin	13.5353535354
6638	Satigny	19.4606028556
6639	Soral	12.6279863481
6640	Thônex	71.5404699739
6641	Troinex	26.1627906977
6642	Vandoeuvres	55.1020408163
6643	Vernier	72.7154046997
6644	Versoix	32.2274881517
6645	Veyrier	50.382848392
6702	Boécourt	8.610885459
6703	Bourrignon	2.4354243542
6704	Châtillon (JU)	5.3333333333
6705	Corban	4.4359949303
6706	Courchapoix	2.950310559
6708	Courrendlin	15.1405258386
6709	Courroux	7.4974670719
6710	Courtételle	8.1737849779
6711	Delémont	20.1455206912
6712	Develier	8.9085072231
6713	Ederswiler	4.1916167665
6715	Mervelier	3.5897435897
6716	Mettembert	7.6271186441
6718	Movelier	4.6019900498
6719	Pleigne	3.0269058296
6720	Rebeuvelier	3.084223013
6721	Rossemaison	15.9793814433
6722	Saulcy	3.2869785082
6724	Soyhières	7.4468085106
6728	Vellerat	3.431372549
6729	Haute-Sorne	7.1639690359
6730	Val Terbi	4.8648648649
6741	Le Bémont (JU)	4.3029259897
6742	Les Bois	5.497170574
6743	Les Breuleux	7.6709796673
6744	La Chaux-des-Breuleux	3.4398034398
6745	Les Enfers	2.6798307475
6748	Les Genevez (JU)	3.6029411765
6750	Lajoux (JU)	4.6079223929
6751	Montfaucon	3.8840262582
6753	Muriaux	3.1971580817
6754	Le Noirmont	6.118453255
6757	Saignelégier	5.4173228346
6758	Saint-Brais	3.6351619299
6759	Soubey	2.223869533
6771	Alle	12.8880526811
6773	Beurnevésin	5.0980392157
6774	Boncourt	20.066518847
6775	Bonfol	6.9270449521
6778	Bure	13.2846715328
6781	Coeuve	5.0086355786
6782	Cornol	7.4498567335
6783	Courchavon	7.52
6784	Courgenay	9.3376764387
6785	Courtedoux	9.8159509202
6787	Damphreux	5.1236749117
6789	Fahy	8.6118251928
6790	Fontenais	5.8970514743
6792	Grandfontaine	6.711409396
6793	Lugnez	6.0665362035
6800	Porrentruy	24.6278755074
6803	Rocourt	4.6770601336
6806	Vendlincourt	6.4270152505
6807	Basse-Allaine	7.3945193562
6808	Clos du Doubs	3.6234228405
6809	Haute-Ajoie	3.9769610532
6810	La Baroche	4.950176792
2391	Staatswald Galm	0.390625
5391	Kommunanz Medeglia/Cadenazzo	0
5394	Kommunanz Capriasca/Valcolla	0
6391	Kommunanz Reckingen-Gluringen/Grafschaft	0
9040	Greifensee	0
9051	Zürichsee	0.1842546064
9052	Zürichsee (SZ)	0.5753739931
9053	Zürichsee (SG)	0.3649635036
9073	Thunersee	0.1257861635
9089	Brienzersee	0.0336587008
9149	Bielersee (BE)	0.1026957638
9150	Bielersee (BE)	1.9607843137
9152	Neuenburgersee (BE)	0
9153	Neuenburgersee (FR)	0.0187336081
9154	Neuenburgersee (VD)	0.0540248514
9155	Neuenburgersee (NE)	0.0935125658
9157	Baldeggersee	0
9163	Sempachersee	0.0694927033
9173	Hallwilersee (LU)	0
9174	Hallwilersee (AG)	0.2309468822
9176	Zugersee (LU)	0
9177	Zugersee (SZ)	0
9178	Zugersee (ZG)	0.2461033634
9180	Vierwaldstättersee (LU)	0.2206423143
9181	Vierwaldstättersee (UR)	0.1560874089
9182	Vierwaldstättersee (SZ)	0.0598444045
9183	Vierwaldstättersee (OW)	0.7874015748
9184	Vierwaldstättersee (NW)	0.0580551524
9216	Sihlsee	0
9239	Sarnersee	0
9268	Walensee (GL)	0.2164502165
9269	Walensee (SG)	0.0512295082
9270	Aegerisee	0.4115226337
9276	Greyerzersee	0
9295	Murtensee (FR)	0.1398601399
9296	Murtensee (VD)	0.1193317422
9327	Bodensee (SH)	7.6923076923
9328	Bodensee (SG)	0.0903954802
9329	Bodensee (TG)	0.0779727096
9710	Luganersee	0.2331002331
9711	Langensee	0.1227897839
9751	Lac de Joux	0
9758	Genfersee (VD)	0.0704367076
9759	Genfersee (VS)	0.0946073794
9760	Genfersee (GE)	0.1638896476
